titulo,empresa,modalidad,tipo_horario_norm,categoria,nivel_seniority,es_ti,es_remoto,largo_descripcion
(212) técnico social para administración y análisis de la información - región metropolitana,corporación opción,Presencial,Full time,Otros,No especificado,True,False,153
2. ejecutivo/a de ventas individuales – la serena,grupo ps,Presencial,Full time,Ventas / Comercial,No especificado,False,False,148
266930-04 consultor en calidad de aguas,ryq ingeniería,Presencial,Otro,QA / Testing,No especificado,False,False,255
266930-08 consultor ingeniero de gestión ambiental,ryq ingeniería,Presencial,Otro,Otros,No especificado,False,False,266
266930-3.1 consultor en calidad y mejoramiento de suelos,ryq ingeniería,Presencial,Otro,QA / Testing,No especificado,False,False,272
266943- 02 ingeniero ayudante,ryq ingeniería,Presencial,Otro,Otros,No especificado,False,False,228
266943- 11 prevencionista de riesgos,ryq ingeniería,Presencial,Otro,Otros,No especificado,False,False,238
abogado asistente viña del mar,empresa confidencial,Presencial,Otro,Otros,No especificado,False,False,117
abogado prm media jornada,"institucion colaboradora servicio de.., santiago",Presencial,Full time,Data / BI,No especificado,False,False,85
administrador (a) hotel,"empresa de servicio a.., antofagasta",Presencial,Full time,Otros,No especificado,False,False,87
administrador de contratos - antofagasta,"importante empresa automotriz, antofagasta",Presencial,Full time,Otros,No especificado,False,False,94
administrador de contrato,empresa destacada,Presencial,Full time,Otros,No especificado,False,False,37
administrador de obra,"constructora caicona spa, concepción",Presencial,Full time,Otros,No especificado,False,False,102
administrador de restaurante,empresa destacada,Presencial,Full time,Otros,No especificado,False,False,37
administrador zonal,empresa destacada,Presencial,Full time,Otros,No especificado,False,False,37
administrador,empresa destacada,Presencial,Full time,Otros,No especificado,False,False,37
administrativo area mentencion - el bosque,empresa confidencial,Presencial,Otro,Otros,No especificado,False,False,171
administrativo polifuncional,"zona sur, concepción",Presencial,Full time,Otros,No especificado,False,False,128
administrativo(a) de recursos humanos – faena…,"arriendo del norte, calama",Presencial,Full time,Recursos Humanos,No especificado,False,False,104
ai automation engineer,dispatchtrack,Híbrido,Full time,Otros,No especificado,False,False,194
ai expansion kam,no especificada,Presencial,Full time,Otros,No especificado,False,False,24
alumna en practica contable-administracion,"jcl, santiago",Presencial,Full time,Otros,No especificado,False,False,94
alumna en practica curico,"gestion habitacional, curicó",Presencial,Full time,Otros,No especificado,False,False,95
analista contable,"grupo wellness, santiago",Presencial,Full time,Otros,No especificado,False,False,92
analista crm y marketing,gama leasing operativo,Presencial,Otro,Otros,No especificado,False,False,150
analista de administración,petco,Presencial,Full time,Otros,No especificado,False,False,89
analista de operaciones,"consorcio nacional de distribución.., valparaíso",Presencial,Full time,Otros,No especificado,False,False,105
analista de recursos humanos / reclutamiento,empresa destacada,Presencial,Full time,Recursos Humanos,No especificado,False,False,39
analista de rrhh y administracion,"empresa de servicios industriales, santiago",Presencial,Full time,Recursos Humanos,No especificado,False,False,114
analista de ruta / transporte,"distribuidora lira spa, santiago",Presencial,Full time,Otros,No especificado,False,False,103
analista ecosistema vivienda,banco crédito e inversiones,Presencial,Otro,Otros,No especificado,True,False,146
analista recursos humanos,empresa destacada,Presencial,Full time,Recursos Humanos,No especificado,False,False,39
analista riesgo de crédito y cobranza institución financiera,cooperativa de ahorro y crédito valles de chile,Presencial,Full time,Otros,No especificado,False,False,153
asistente administrativo comercial - logistica,"dyv servicios spa, santiago",Presencial,Full time,Ventas / Comercial,No especificado,False,False,110
asistente administrativo contable y de recepción…,"el alto, san antonio",Presencial,Full time,Otros,No especificado,False,False,106
asistente administrativo,"ats maquinarias, santiago",Presencial,Full time,Otros,No especificado,False,False,99
asistente administrativo,"empresa agroalimentaria, puerto montt",Presencial,Full time,Otros,No especificado,False,False,131
asistente comercial,"importante empresa del rubro, santiago",Presencial,Full time,Ventas / Comercial,No especificado,False,False,102
asistente de desarrollo comercial puerto varas,"distribuidora mayorista almonacid, puerto montt",Presencial,Full time,Ventas / Comercial,No especificado,False,False,81
asistente de finanza,"allison belleza, santiago",Presencial,Full time,Otros,No especificado,False,False,107
asistente de logística y operaciones,"ts international chile spa, santiago",Presencial,Part time,Otros,No especificado,False,False,97
asistente en administracion de rrhh,constructora imc,Presencial,Full time,Recursos Humanos,No especificado,False,False,120
asistente logistico,empresa destacada,Presencial,Full time,Otros,No especificado,False,False,32
asistente marketing - redes sociales -…,"servidiesel spa, puerto montt",Presencial,Full time,Otros,No especificado,True,False,95
atencion sala de venta,"distribuidora rapa nui ltda, temuco",Presencial,Full time,Ventas / Comercial,No especificado,False,False,111
auxiliar contable y de recursos humanos,"miyaki s a, iquique",Presencial,Full time,Recursos Humanos,No especificado,False,False,91
auxiliar de administracion,accor,Presencial,Full time,Otros,No especificado,False,False,95
ayudante bodega,"homs pack, santiago",Presencial,Full time,Otros,No especificado,False,False,88
ayudante produccion - fabrica etiquetas cintas…,"spot packaging spa, santiago",Presencial,Full time,Otros,No especificado,False,False,105
abogado compliance - nova andino litio,trabaja en sqm litio,Presencial,Otro,Otros,No especificado,False,False,145
abogado especialista en propiedad intelectual,one match consulting,Presencial,Otro,Otros,No especificado,False,False,155
abogado externo san felipe - los andes,alto s.a.,Presencial,Otro,Otros,No especificado,False,False,117
abogado junior en la ciudad de concepción,empresa confidencial,Presencial,Otro,Otros,Junior,False,False,128
abogado litigante puerto montt jornada completa | región de los lagos,hagedorn y belmar abogados ltda,Presencial,Full time,Otros,No especificado,False,False,170
abogado rm externo,alto s.a.,Presencial,Otro,Otros,No especificado,False,False,117
abogado cartera cobranza santiago (2026),fernandez & marquez abogados ltda.,Presencial,Otro,Otros,No especificado,False,False,158
abogado de cumplimiento normativo,bci seguros,Presencial,Otro,Otros,No especificado,False,False,141
"abogado(a) - santiago - idiem, universidad de chile",uchile - facultad ciencias fisicas matematicas,Presencial,Otro,Otros,No especificado,False,False,178
abogado(a) laboral senior,empresa confidencial,Presencial,Otro,Otros,Senior,False,False,145
abogado(a) litigación departamento de asesoría jurídica (la serena),corfo,Presencial,Full time,Otros,No especificado,False,False,153
abogado(a) litigación – defensa del servicio de salud,corfo,Presencial,Full time,Salud,No especificado,False,False,153
abogado/a especializado/a en derecho administrativo - arica arica,manpower,Presencial,Otro,Otros,No especificado,False,False,156
abogado/a institución de salud,abogado/a institución de salud,Presencial,Full time,Salud,No especificado,False,False,145
abogado/a de gestión judicial,bancoestado cobranzas,Presencial,Otro,Otros,No especificado,False,False,141
abogado,empresa confidencial,Presencial,Otro,Otros,No especificado,False,False,87
"académico jornada, carrera de licenciatura en astronomía",universidad central de chile,Presencial,Otro,Otros,No especificado,False,False,159
"académico(a) ingeniería civil industrial / computación e informática - 1 vacante, tiempo completo",universidad católica silva henríquez - empleos,Presencial,Full time,TI General,No especificado,True,False,153
académico(a) online ingeniería industrial,empresa confidencial,Presencial,Otro,Otros,No especificado,False,False,153
académico/a docente - facultad de negocios y tecnologías,empresa destacada,Presencial,Full time,Educacion,No especificado,True,False,33
académicos/as facultad de psicología santiago - universidad san sebastián,empresa destacada,Presencial,Full time,Otros,No especificado,False,False,33
account executive,no especificada,Híbrido,Full time,Otros,No especificado,False,False,24
account manager perú,no especificada,Híbrido,Full time,Otros,No especificado,False,False,24
actuario senior,no especificada,Híbrido,Full time,Otros,Senior,False,False,24
administracion de restaurant,administracion de restaurant,Presencial,Full time,Otros,No especificado,False,False,103
administración campamento logística (coquimbo),guiñez ingenieria ltda,Presencial,Otro,Otros,No especificado,False,False,142
administración de local (maule),el grillo,Presencial,Full time,Otros,No especificado,False,False,97
administración de empresas - practica profesional,enjoy,Presencial,Full time,Otros,No especificado,False,False,135
administración y facturación,alimentos san mateo sa,Presencial,Full time,Otros,No especificado,False,False,110
administración y marketing,administración y marketing,Presencial,Full time,Otros,No especificado,False,False,102
administración,petco,Presencial,Full time,Otros,No especificado,False,False,65
administrador de contratos cliente industrial,administrador de contratos cliente industrial,Presencial,Full time,Otros,No especificado,False,False,153
"administrador de fincas para administración de pagos, convocatorias, actas y contratos",cronoshare.cl,Presencial,Full time,Otros,No especificado,False,False,153
administrador de fincas para administración de pagos,cronoshare.cl,Presencial,Full time,Otros,No especificado,False,False,153
administrador general para centro turístico,austral asesores s.a.,Presencial,Full time,Otros,No especificado,False,False,153
administrador oracle ii,no especificada,Híbrido,Full time,Otros,No especificado,False,False,24
administrador oracle middleware ssr(latam),no especificada,Remoto,Freelance,Otros,Semi-Senior,False,True,24
administrador sap cerrillos,"allendes hermanos, santiago",Presencial,Full time,Otros,No especificado,True,False,94
administrador salesforce,no especificada,Híbrido,Full time,Otros,No especificado,False,False,24
administrador zonal,empresa destacada,Presencial,Full time,Otros,No especificado,False,False,37
administrador condominio,"condominio gran oceano, valparaíso",Presencial,Full time,Otros,No especificado,False,False,98
administrador de agencia,empresa destacada,Presencial,Full time,Otros,No especificado,False,False,37
administrador de aplicaciones – sistemas core,administrador de aplicaciones – sistemas core,Presencial,Full time,TI General,No especificado,True,False,153
administrador de cafetería,administrador de cafetería,Presencial,Full time,Otros,No especificado,False,False,121
administrador de contrato (coquimbo),guiñez ingenieria ltda,Presencial,Otro,Otros,No especificado,False,False,130
administrador de contrato (proyecto eléctrico) región de coquimbo (la serena),grafton recruitment chile,Presencial,Full time,Otros,No especificado,False,False,153
administrador de contrato - talcahuano,"empresa ingeniería y construcción, concepción",Presencial,Full time,Otros,No especificado,False,False,113
administrador de contrato l033,cyd ingeniería ltda.,Presencial,Otro,Otros,No especificado,False,False,121
administrador de contrato servicio instrumentación geomecánica,empresa confidencial,Presencial,Otro,Otros,No especificado,False,False,187
administrador de contrato – servicio de administración y operación bodega minería,administrador de contrato – servicio de administración y operación bodega minería,Presencial,Full time,Otros,No especificado,False,False,152
administrador de contrato — seguridad minera,"empresa confidencial, antofagasta",Presencial,Full time,Otros,No especificado,True,False,89
"administrador de contrato, calama",empresa confidencial,Presencial,Otro,Otros,No especificado,False,False,137
administrador de contratos – proyecto eléctrico (la serena),grafton recruitment chile,Presencial,Full time,Otros,No especificado,False,False,153
administrador de contrato,5s consultores,Presencial,Otro,Otros,No especificado,False,False,121
administrador de contrato,empresa destacada,Presencial,Full time,Otros,No especificado,False,False,37
administrador de fincas: gestión de pagos y mantenimiento,cronoshare.cl,Presencial,Full time,Otros,No especificado,False,False,153
administrador de networking tipo 3,administrador de networking tipo 3,Remoto,Full time,TI General,No especificado,False,True,141
administrador de obra (proyecto industrializado) - rm,ebco,Presencial,Otro,Otros,No especificado,False,False,136
administrador de propiedades,"empresa confidencial, santiago",Presencial,Full time,Otros,No especificado,False,False,100
administrador de sistemas junior - contrato indefinido - presencial,perceptual consultores,Presencial,Otro,TI General,Junior,True,False,185
administrador de sistemas junior,administrador de sistemas junior,Presencial,Full time,TI General,Junior,True,False,138
administrador de sistemas y seguridad informática,administrador de sistemas y seguridad informática,Remoto,Full time,TI General,No especificado,True,True,153
administrador de contrato - carguío y transporte zona centro - copia,empresa destacada,Presencial,Full time,Otros,No especificado,False,False,33
administrador de contrato - experiencia obras…,"ingenet ltda, valparaíso",Presencial,Full time,Data / BI,No especificado,False,False,101
administrador de contrato mantenimiento de equipos…,"empresa de servicios mineros,.., antofagasta",Presencial,Full time,Otros,No especificado,False,False,105
administrador de contrato,administrador de contrato,Presencial,Full time,Otros,No especificado,False,False,76
administrador logístico,"transportes, punta arenas",Presencial,Full time,Otros,No especificado,False,False,102
administrador/a de contrato – servicios de administración y logística,global talent,Presencial,Full time,Otros,No especificado,False,False,153
administrador/a de contrato,administrador/a de contrato,Presencial,Full time,Otros,No especificado,False,False,89
administrador/a de proyectos (la serena),mallplaza chile,Presencial,Full time,Otros,No especificado,False,False,144
administrativa contable,administrativa contable,Presencial,Full time,Otros,No especificado,False,False,146
"administrativa de administración de personal y remuneraciones, concepción","administrativa de administración de personal y remuneraciones, concepción",Presencial,Full time,Otros,No especificado,False,False,153
"administrativa de administración de personal y remuneraciones, puerto montt","administrativa de administración de personal y remuneraciones, puerto montt",Presencial,Full time,Otros,No especificado,False,False,153
administrativo (a) de bodega (maquinaria pesada / mineria),administrativo (a) de bodega (maquinaria pesada / mineria),Presencial,Full time,Data / BI,No especificado,False,False,111
administrativo - providencia,achs servicios,Híbrido,Full time,Otros,No especificado,False,False,197
administrativo afp,empresa destacada,Híbrido,Full time,Otros,No especificado,False,False,37
administrativo centros recreacionales y deportivo (área…,"importante empresa, santiago",Presencial,Full time,Otros,No especificado,False,False,104
administrativo comercio exterior,empresa destacada,Presencial,Full time,Otros,No especificado,False,False,40
administrativo contable (la serena),hotel club la serena,Presencial,Full time,Otros,No especificado,False,False,139
administrativo informático - santiago,corporación administrativa del poder judicial,Presencial,Otro,Otros,No especificado,True,False,171
administrativo logístico y compras / técnico en logística o técnico en administración /lampa,administrativo logístico y compras / técnico en logística o técnico en administración /lampa,Presencial,Full time,Otros,No especificado,False,False,153
administrativo recursos humanos,"buses jm, calama",Presencial,Full time,Recursos Humanos,No especificado,False,False,81
administrativo servicios operaciones,alsea colombia,Híbrido,Full time,Otros,No especificado,False,False,203
administrativo atención clientes antofagasta,"industria antofagasta, antofagasta",Presencial,Full time,Otros,No especificado,False,False,90
administrativo de bodega senior la serena,entel connect center,Presencial,Full time,Otros,Senior,False,False,151
administrativo de cobranza - la serena turno pm,empresa confidencial,Presencial,Otro,Otros,No especificado,False,False,143
administrativo de compras /antofagasta,administrativo de compras /antofagasta,Presencial,Full time,Otros,No especificado,False,False,90
administrativo de compras /santiago,administrativo de compras /santiago,Presencial,Full time,Otros,No especificado,False,False,95
administrativo de logística y operaciones,empresa destacada,Presencial,Full time,Otros,No especificado,False,False,32
administrativo de obra,constructora del arte,Presencial,Full time,Otros,No especificado,False,False,114
administrativo de producción// antofagasta,administrativo de producción// antofagasta,Presencial,Full time,Otros,No especificado,False,False,127
administrativo de rrhh 800.000 liquido san bernardo,administrativo de rrhh 800.000 liquido san bernardo,Presencial,Full time,Recursos Humanos,No especificado,False,False,140
administrativo de recursos humanos - minería,psinet chile s.a,Presencial,Otro,Recursos Humanos,No especificado,False,False,164
administrativo de salud /antofagasta,empresa destacada,Remoto,Full time,Salud,No especificado,False,True,28
administrativo de servicio técnico,"open channels s.a., santiago",Presencial,Full time,Otros,No especificado,False,False,91
administrativo de ventas,indumotora,Presencial,Otro,Ventas / Comercial,No especificado,False,False,135
administrativo en transporte logístico,sertrans ltda,Presencial,Full time,Otros,No especificado,False,False,144
administrativo para transporte logístico,sertrans ltda,Presencial,Full time,Otros,No especificado,False,False,148
administrativo ventas y recaudación antofagasta,"industria antofagasta, antofagasta",Presencial,Full time,Ventas / Comercial,No especificado,False,False,90
administrativo(a) con conocimiento operacional,grupo imsi,Presencial,Full time,Otros,No especificado,False,False,143
administrativo(a) de bodega quilicura,"mqo consulting spa, santiago",Presencial,Full time,Otros,No especificado,False,False,100
administrativo(a) de facturación,administrativo(a) de facturación,Presencial,Full time,Otros,No especificado,False,False,94
administrativo/a selección,empresa destacada,Híbrido,Full time,Otros,No especificado,False,False,37
administrativo/a de abastecimiento.,confidencial,Presencial,Full time,Otros,No especificado,False,False,135
administrativo/a de local para farmacias- antofagasta,empresa destacada,Presencial,Full time,Salud,No especificado,False,False,31
administrativo/a de logística - apro los andes,apro ltda.,Presencial,Otro,Otros,No especificado,False,False,132
administrativo/a de oficina — técnico en administración,nexxolog s.a.,Presencial,Full time,Otros,No especificado,False,False,153
administrativo/a de recursos humanos.,"servicios mineros, antofagasta",Presencial,Full time,Recursos Humanos,No especificado,False,False,99
administrativo/a de tesorería / pt 20 horas / falabella la serena,banco falabella,Presencial,Full time,Otros,No especificado,False,False,153
administrativo/a de tesorería / pt 20 horas / falabella la serena,falabella la serena,Presencial,Full time,Otros,No especificado,False,False,153
"administrativo/a de tesorería mjt 30horas, falabella la serena.",banco falabella,Presencial,Full time,Otros,No especificado,False,False,153
"administrativo/a de tesorería mjt 30horas, falabella la serena.",falabella la serena,Presencial,Full time,Otros,No especificado,False,False,153
administrativo/a de transporte secundario (t2) - lo espejo,empresa destacada,Presencial,Full time,Otros,No especificado,False,False,33
administrativo/a,empresa destacada,Presencial,Full time,Otros,No especificado,False,False,37
administrativo,"c&amp;f ingeniería y proyectos.., temuco",Presencial,Full time,Otros,No especificado,False,False,107
administrativo,empresa destacada,Presencial,Full time,Otros,No especificado,False,False,37
administrativo,maxig servicios spa,Presencial,Full time,Otros,No especificado,False,False,94
adminsitrativo/a logistico (rubro telecomunicaciones) - calama,sucursal antofagasta,Presencial,Otro,Otros,No especificado,False,False,159
agencia de marketing busca vendedora con…,"5 digital spa, santiago",Presencial,Full time,Data / BI,No especificado,False,False,102
agente administrativo back office / santiago,agente administrativo back office / santiago,Presencial,Full time,Otros,No especificado,False,False,149
agente comercial - logística y transporte,empresa destacada,Presencial,Full time,Ventas / Comercial,No especificado,False,False,33
agente inmobiliario temuco,empresa confidencial,Presencial,Otro,Otros,No especificado,False,False,135
agente inmobiliario que si vende (la serena),hyc asociados,Presencial,Full time,Otros,No especificado,False,False,150
agente inmobiliario: altas comisiones y horarios flexibles,hyc asociados,Presencial,Full time,Otros,No especificado,False,False,153
agente previsional (la serena),afp habitat,Presencial,Full time,Otros,No especificado,False,False,120
agente previsional: ventas en campo y asesoría,afp habitat,Presencial,Full time,Ventas / Comercial,No especificado,False,False,145
agente service desk informático - trabajo en santiago centro,importante empresa del sector,Presencial,Full time,Otros,No especificado,True,False,153
agente service desk informático,agente service desk informático,Presencial,Full time,Otros,No especificado,True,False,153
agente soporte al cliente,no especificada,Presencial,Full time,Otros,No especificado,True,False,24
agente de contact center para aerolínea…,"bluelink international chile, santiago",Presencial,Full time,Otros,No especificado,False,False,99
agente de customer care (retención),no especificada,Remoto,Full time,Otros,No especificado,False,True,24
agente de soporte n2 bilingüe,no especificada,Híbrido,Full time,Otros,No especificado,True,False,24
agente de venta part time la serena,flix chile,Presencial,Part time,TI General,No especificado,False,False,123
agente de venta part time santiago,flix chile,Presencial,Part time,TI General,No especificado,False,False,121
agente de venta en terreno,inmobiliaria parque la florida s.a,Presencial,Otro,Ventas / Comercial,No especificado,False,False,147
agente de ventas (cierre comercial),no especificada,Remoto,Full time,Ventas / Comercial,No especificado,False,True,24
agente de ventas - la serena,inmobiliaria parque la florida,Presencial,Full time,Ventas / Comercial,No especificado,False,False,128
agente de ventas afp capital #032025 (la serena),afp capital,Presencial,Full time,Ventas / Comercial,No especificado,False,False,149
agente de ventas cierre comercial,no especificada,Remoto,Full time,Ventas / Comercial,No especificado,False,True,24
agente de ventas de salud satiango,empresa destacada,Presencial,Full time,Salud,No especificado,False,False,28
agente de ventas en terreno la serena,inmobiliaria parque la florida s.a.,Presencial,Full time,Ventas / Comercial,No especificado,False,False,151
agente de ventas y atención al pasajero – part time,flix chile,Presencial,Part time,TI General,No especificado,False,False,153
agente de ventas,no especificada,Remoto,Full time,Ventas / Comercial,No especificado,False,True,24
agente de ventas,bicevida,Presencial,Full time,Ventas / Comercial,No especificado,False,False,82
almuno en práctica - osorno - administración,logistica s a,Presencial,Full time,Otros,No especificado,False,False,129
alumno (a) en práctica - psicología organizacional,empresa destacada,Presencial,Full time,Otros,No especificado,False,False,33
alumno practica administración recursos humanos,alumno practica administración recursos humanos,Presencial,Full time,Recursos Humanos,No especificado,False,False,138
alumno práctica - gastronomía,empresa destacada,Presencial,Full time,Otros,No especificado,False,False,34
alumno en práctica / administración de empresas / grupo colchagua,alumno en práctica / administración de empresas / grupo colchagua,Presencial,Full time,Otros,No especificado,False,False,122
alumno en práctica administración de empresas,alumno en práctica administración de empresas,Presencial,Full time,Otros,No especificado,False,False,118
alumno en práctica ingeniería industrial,no especificada,Presencial,Full time,Otros,No especificado,False,False,24
alumno en práctica soporte informático,alumno en práctica soporte informático,Presencial,Full time,Otros,No especificado,True,False,138
alumno en practica ingenieria comercial o administracion,n & s consulting,Presencial,Full time,Data / BI,No especificado,False,False,153
alumno en practica para administración o contabilidad,asiste,Presencial,Full time,Otros,No especificado,False,False,144
alumno en práctica - recursos humanos,empresa destacada,Presencial,Full time,Recursos Humanos,No especificado,False,False,39
alumno en práctica administración,petricio industrial s.a.,Presencial,Full time,Otros,No especificado,False,False,128
alumno en práctica rrhh / selección de personas,alumno en práctica rrhh / selección de personas,Presencial,Full time,Recursos Humanos,No especificado,False,False,152
"alumno en práctica salud, logística o administración","alumno en práctica salud, logística o administración",Presencial,Full time,Salud,No especificado,False,False,153
"alumno en práctica salud, logística o administración",myra salud,Presencial,Full time,Salud,No especificado,False,False,146
alumno en práctica,alumno en práctica,Presencial,Full time,Otros,No especificado,False,False,98
alumno(a) en practica profesional administracion de recursos,alumno(a) en practica profesional administracion de recursos,Remoto,Full time,Otros,No especificado,False,True,153
alumno/a en practica - ingeniería modelo de gestión,parnes,Presencial,Full time,Otros,No especificado,False,False,153
alumno/a en práctica administración las condes,alumno/a en práctica administración las condes,Presencial,Full time,Otros,No especificado,False,False,107
alumnos en práctica /sodimac hc la calera,sodimac chile,Presencial,Full time,Otros,No especificado,False,False,144
alumnos en práctica/ shc coronel/cda/administración,sodimac,Presencial,Full time,Otros,No especificado,False,False,146
alumnos en práctica/ shc ñuñoa/febrero 26/cda/administración,sodimac,Presencial,Full time,Otros,No especificado,False,False,153
alumnos en práctica logistica rrhh administración prevencionistas,alumnos en práctica logistica rrhh administración prevencionistas,Presencial,Full time,Recursos Humanos,No especificado,False,False,150
alumnos en práctica área administración y contabilidad,alumnos en práctica área administración y contabilidad,Presencial,Full time,Otros,No especificado,False,False,138
"alumnos/as en práctica, administración","alumnos/as en práctica, administración",Presencial,Full time,Otros,No especificado,False,False,130
analista administración y control (financiero/automotriz),analista administración y control (financiero/automotriz),Remoto,Full time,Otros,No especificado,False,True,153
analista administración y relaciones laborales antofagasta,analista administración y relaciones laborales antofagasta,Presencial,Full time,Otros,No especificado,False,False,143
analista atracción del talento plazo fijo,itaú,Híbrido,Full time,Recursos Humanos,No especificado,False,False,203
analista bpo service,no especificada,Híbrido,Full time,Otros,No especificado,False,False,24
analista cpfr,watt's,Presencial,Full time,Otros,No especificado,False,False,195
analista comercial & operaciones e-commerce,colaboral,Presencial,Full time,Ventas / Comercial,No especificado,False,False,142
analista comercial & operaciones e-commerce,finden,Presencial,Full time,Ventas / Comercial,No especificado,False,False,139
analista comercial de ecommerce y marketplaces,confidencial,Remoto,Full time,Ventas / Comercial,No especificado,False,True,193
analista comercial,seguros sura,Híbrido,Full time,Ventas / Comercial,No especificado,False,False,196
analista comercio exterior- providencia,empresa destacada,Presencial,Full time,Otros,No especificado,False,False,40
analista compensaciones sr. - cencosud,cencosud s.a.,Presencial,Full time,Otros,Senior,False,False,136
analista compras,"confidencial, talagante",Presencial,Full time,Otros,No especificado,False,False,93
analista contable - la florida - puente alto,byron sanguchería,Presencial,Full time,Otros,No especificado,False,False,153
analista contable senior / experiencia tributaria,analista contable senior / experiencia tributaria,Remoto,Full time,Data / BI,Senior,False,True,153
analista contable y administrativo/a,"servicios técnicos urbanos ltda., santiago",Presencial,Full time,Otros,No especificado,False,False,99
analista contable/financiero,no especificada,Híbrido,Full time,Otros,No especificado,False,False,24
analista contable: cuentas por cobrar y conciliaciones,hotel club la serena,Presencial,Full time,Otros,No especificado,False,False,153
analista contable,"ausdauer, santiago",Presencial,Full time,Otros,No especificado,False,False,96
analista contable,"avg consultores, santiago",Presencial,Full time,Otros,No especificado,False,False,115
analista contable,"gatel, santiago",Presencial,Full time,Otros,No especificado,False,False,105
analista contador auditor,empresa confidencial,Presencial,Otro,Otros,No especificado,False,False,136
analista control asistencia (planta producción),analista control asistencia (planta producción),Presencial,Full time,Data / BI,No especificado,False,False,141
analista control gestión (logística)- lampa,empresa confidencial,Presencial,Otro,Otros,No especificado,False,False,151
analista control de gestion,hyh,Presencial,Full time,Otros,No especificado,False,False,106
analista control de gestión,analista control de gestión,Presencial,Full time,Otros,No especificado,False,False,115
analista control de gestión,"terranorte, santiago",Presencial,Full time,Otros,No especificado,False,False,97
analista control de pagos operaciones logisticas,"importante empresa automotriz, santiago",Presencial,Full time,Otros,No especificado,False,False,110
analista control de gestión e impugnación,transportes rioja ltda.,Presencial,Otro,Otros,No especificado,False,False,171
analista cuadratura,analista cuadratura,Presencial,Full time,Otros,No especificado,False,False,105
analista datos e inteligencia de negocios,analista datos e inteligencia de negocios,Remoto,Full time,Data / BI,No especificado,True,True,146
analista de administración,global talent,Presencial,Full time,Otros,No especificado,False,False,95
analista de recursos humanos,inversiones bosques del mauco s.a.,Presencial,Full time,Recursos Humanos,No especificado,False,False,133
analista desarrollador en informática - providencia,empresa destacada,Presencial,Full time,Otros,No especificado,True,False,34
"analista documentos técnico, quilicura","analista documentos técnico, quilicura",Presencial,Full time,Otros,No especificado,False,False,153
analista e-commerce - híbrido,"sur talent, santiago",Presencial,Full time,Otros,No especificado,False,False,106
analista financiero/contable,danco spa,Presencial,Full time,Otros,No especificado,False,False,112
analista finanzas (contabilidad - control de gestión),tawa chile s.a.,Presencial,Otro,Otros,No especificado,False,False,162
analista finanzas corporativas y infraestructura - valuations,empresa destacada,Híbrido,Full time,DevOps / Cloud,No especificado,True,False,31
analista finanzas sap s/4hana - antofagasta,empresa confidencial,Presencial,Otro,Otros,No especificado,True,False,152
analista funcional informatico,analista funcional informatico,Remoto,Full time,TI General,No especificado,True,True,115
analista funcional informático,analista funcional informático,Remoto,Full time,Otros,No especificado,True,True,108
analista funcional sap,no especificada,Remoto,Full time,Otros,No especificado,True,True,24
analista funcional,no especificada,Híbrido,Full time,Otros,No especificado,False,False,24
analista investor relations,cencosud,Presencial,Full time,Otros,No especificado,False,False,195
analista licitación y ventas,"grupo santa maria, santiago",Presencial,Full time,Ventas / Comercial,No especificado,False,False,92
analista low code (power apps),no especificada,Híbrido,Full time,Otros,No especificado,False,False,24
analista marketing intelligence,empresa destacada,Presencial,Full time,Otros,No especificado,False,False,32
analista objeciones clientes / lider bci,lider bci,Presencial,Otro,Otros,No especificado,False,False,138
"analista procesos de remuneraciones, la serena",esval y aguas del valle,Presencial,Full time,Otros,No especificado,False,False,153
analista programador computacional,analista programador computacional,Remoto,Full time,Desarrollo / Dev,No especificado,True,True,119
analista programador visual studio,analista programador visual studio,Remoto,Full time,Desarrollo / Dev,No especificado,True,True,140
analista qa (banca/finanzas),no especificada,Híbrido,Full time,QA / Testing,No especificado,True,False,24
analista qa funcional – canales digitales (web & app),no especificada,Híbrido,Full time,QA / Testing,No especificado,True,False,24
analista qa sr,no especificada,Híbrido,Full time,QA / Testing,No especificado,True,False,24
analista qa,no especificada,Híbrido,Full time,QA / Testing,No especificado,True,False,24
analista recursos humanos,"servicios de salud, santiago",Presencial,Full time,Recursos Humanos,No especificado,False,False,89
analista senior marketing digital - bupa santiago,clínica bupa santiago,Presencial,Otro,Otros,Senior,True,False,166
analista senior de compras estratégicas y contratos,analista senior de compras estratégicas y contratos,Presencial,Full time,Otros,Senior,False,False,153
analista senior de datos y modelamiento oracle bi (obi),no especificada,Remoto,Full time,Data / BI,Senior,True,True,24
analista senior de finanzas y administración industrial,latam work,Presencial,Full time,Otros,Senior,False,False,152
analista senior de finanzas y administración,latam work,Presencial,Full time,Otros,Senior,False,False,130
analista senior de operaciones inmobiliarias,empresa confidencial,Presencial,Otro,Otros,Senior,False,False,135
analista senior de people analytics y cultura,analista senior de people analytics y cultura,Presencial,Full time,Otros,Senior,False,False,149
analista senior en administración y finanzas - rubro industrial (recoleta),latam work,Presencial,Full time,Otros,Senior,False,False,153
analista senior en administración y finanzas | capacitaciones,latam work,Presencial,Full time,Otros,Senior,False,False,153
analista sr. comunicaciones corporativas,empresa confidencial,Presencial,Otro,Otros,Senior,False,False,165
analista ti,analista ti,Presencial,Full time,TI General,No especificado,False,False,126
analista tesorería corporativo,analista tesorería corporativo,Presencial,Full time,Otros,No especificado,False,False,102
analista tributario,bancoestado,Presencial,Otro,Otros,No especificado,False,False,107
"analista administración de personal/ experiencia en contratos, sap, buk y erp","analista administración de personal/ experiencia en contratos, sap, buk y erp",Presencial,Full time,Data / BI,No especificado,True,False,153
analista administración de personal,analista administración de personal,Presencial,Full time,Otros,No especificado,False,False,153
analista contable facturacion,jcasesorias,Presencial,Full time,Otros,No especificado,False,False,120
analista contable,"captaconsentido, santiago",Presencial,Full time,Otros,No especificado,False,False,88
analista control de gestión 5x2 /…,"giser s.a., antofagasta",Presencial,Full time,Otros,No especificado,False,False,87
analista de abastecimiento (san bernardo),grupo lagos,Presencial,Full time,Otros,No especificado,False,False,201
analista de administración - flota de vehículos (construcción),empresa destacada,Presencial,Full time,Otros,No especificado,False,False,35
analista de administración comercial,analista de administración comercial,Presencial,Full time,Ventas / Comercial,No especificado,False,False,153
analista de administración contable y comercio exterior,analista de administración contable y comercio exterior,Presencial,Full time,Otros,No especificado,False,False,121
analista de administración la florida,maría ayuda,Presencial,Full time,Otros,No especificado,False,False,121
analista de administración de activos inmobiliarios,validate talent ai,Presencial,Full time,Otros,No especificado,False,False,153
analista de administración de personal- dir. de gestión de personas,nosotros,Presencial,Full time,Otros,No especificado,False,False,153
analista de administración de personal- dir. de gestión de personas,universidad de o'higgins,Presencial,Full time,Otros,No especificado,False,False,153
analista de administración y finanzas (enfocado en rrhh y remuneraciones),grupo ps,Presencial,Full time,Recursos Humanos,No especificado,False,False,153
analista de administración y finanzas (santiago),grupo ps,Presencial,Full time,Otros,No especificado,False,False,136
analista de administración y finanzas - santiago,singulares.bcorp,Presencial,Full time,Otros,No especificado,False,False,144
analista de administración y finanzas santiago,analista de administración y finanzas santiago,Presencial,Full time,Otros,No especificado,False,False,112
analista de administración y finanzas santiago,viggo,Presencial,Full time,Otros,No especificado,False,False,129
analista de administración y finanzas,analista de administración y finanzas,Presencial,Full time,Otros,No especificado,False,False,153
analista de administración y finanzas,confidencial,Presencial,Full time,Otros,No especificado,False,False,118
analista de administración y finanzas,empresa destacada,Presencial,Full time,Otros,No especificado,False,False,31
analista de administración y finanzas,falabella,Presencial,Full time,Otros,No especificado,False,False,115
analista de administración y remuneraciones.,ps grupo hunting,Presencial,Full time,Otros,No especificado,False,False,136
analista de aseguramiento de calidad de software,no especificada,Remoto,Full time,QA / Testing,No especificado,True,True,24
analista de auditoría y riesgo crediticio,tigo venezuela,Presencial,Full time,Otros,No especificado,True,False,145
analista de beneficios estatales | data & automatización,randstad,Presencial,Full time,Data / BI,No especificado,True,False,153
analista de business analytics,pacasmayo,Presencial,Full time,Otros,No especificado,False,False,191
analista de business intelligence finanzas,no especificada,Híbrido,Full time,Otros,No especificado,False,False,24
analista de cobranza (lo boza),analista de cobranza (lo boza),Presencial,Full time,Otros,No especificado,False,False,151
analista de cobranza (reemplazo pre y…,"rotter &amp; krauss, santiago",Presencial,Full time,Otros,No especificado,False,False,83
analista de cobranzas,confidencial,Híbrido,Full time,Otros,No especificado,False,False,201
analista de comercio exterior (administración y contabilidad),analista de comercio exterior (administración y contabilidad),Presencial,Full time,Otros,No especificado,False,False,127
analista de comercio exterior / lampa,empresa destacada,Presencial,Full time,Otros,No especificado,False,False,40
analista de comercio exterior y administración,analista de comercio exterior y administración,Presencial,Full time,Otros,No especificado,False,False,118
analista de comercio exterior,agencia de aduanas patricio eduardo de la fuente garcía y cia. ltda.,Presencial,Full time,Otros,No especificado,False,False,153
analista de comercio exterior,agencia de aduanas patricio de la fuente y cía ltda,Presencial,Full time,Otros,No especificado,False,False,153
analista de compliance con experiencia en implementación y cumplimiento de normativas,analista de compliance con experiencia en implementación y cumplimiento de normativas,Remoto,Full time,Data / BI,No especificado,False,True,153
analista de compras ti,no especificada,Híbrido,Full time,TI General,No especificado,False,False,24
analista de compras para importante multinacional de tecnología,empresa destacada,Presencial,Full time,Otros,No especificado,True,False,33
analista de compras,teck,Presencial,Full time,Otros,No especificado,False,False,91
"analista de concesiones, área administración de contratos y operaciones","analista de concesiones, área administración de contratos y operaciones",Remoto,Full time,Otros,No especificado,False,True,129
analista de contabilidad - quilicura,empresa destacada,Presencial,Full time,Otros,No especificado,False,False,35
analista de contabilidad senior - ley…,"confidencial, santiago",Presencial,Full time,Otros,Senior,False,False,114
analista de contabilidad.,empresa destacada,Presencial,Full time,Otros,No especificado,False,False,35
analista de contabilidad,empresa destacada,Presencial,Full time,Otros,No especificado,False,False,35
analista de contabilidad,"hair express, santiago",Presencial,Full time,Otros,No especificado,False,False,87
"analista de contenidos - subgerencia comunicaciones, clientes y rrss",consorcio,Presencial,Otro,Data / BI,No especificado,False,False,187
"analista de contratos, vitacura","analista de contratos, vitacura",Presencial,Full time,Otros,No especificado,False,False,122
analista de control interno,forum servicios financieros s a,Presencial,Otro,Otros,Junior,False,False,161
analista de control de asistencia y administración de turnos,analista de control de asistencia y administración de turnos,Presencial,Full time,Data / BI,No especificado,False,False,153
analista de control de calidad y…,"empresa parque industrial los.., santiago",Presencial,Full time,QA / Testing,No especificado,False,False,94
analista de control de gestión,entel perú,Presencial,Full time,Otros,No especificado,False,False,203
analista de datos / business intelligence,no especificada,Híbrido,Full time,Data / BI,No especificado,True,False,24
analista de datos / tottus,analista de datos / tottus,Remoto,Full time,Data / BI,No especificado,True,True,145
analista de datos bi semi senior,no especificada,Presencial,Full time,Data / BI,Senior,True,False,24
analista de datos comercial,analista de datos comercial,Remoto,Full time,Data / BI,No especificado,True,True,104
analista de datos vicerrectoría de finanzas,empresa destacada,Presencial,Full time,Data / BI,No especificado,True,False,31
analista de datos de desarrollo del emprendedor,mibanco,Híbrido,Full time,Data / BI,No especificado,True,False,200
analista de desarrollo de proyectos comerciales,kiosclub,Presencial,Full time,Ventas / Comercial,No especificado,False,False,189
analista de facturacion,exray consultores,Presencial,Full time,Otros,No especificado,False,False,118
analista de finanzas y administración – desarrollo profesional,viggo,Presencial,Full time,Otros,No especificado,False,False,153
analista de finanzas y control de gestión,analista de finanzas y control de gestión,Remoto,Full time,Otros,No especificado,False,True,153
analista de finanzas y cumplimiento tributario / contador bilingüe,nari technology co. ltd agencia en chile,Presencial,Otro,Otros,No especificado,False,False,209
analista de finanzas,petco,Presencial,Full time,Otros,No especificado,False,False,92
analista de gestión documental técnica en quilicura / rubro minería,analista de gestión documental técnica en quilicura / rubro minería,Presencial,Full time,Otros,No especificado,False,False,153
analista de gestión regulatoria - providencia,"praxis personas, santiago",Presencial,Full time,Data / BI,No especificado,False,False,97
analista de implementación tecnológica,analista de implementación tecnológica,Presencial,Full time,Otros,No especificado,True,False,122
analista de inbound marketing- experiencia hubspot,empresa destacada,Híbrido,Full time,Data / BI,No especificado,False,False,32
analista de inbound marketing,empresa destacada,Híbrido,Full time,Otros,No especificado,False,False,32
analista de informática. sucursal talca,ahorrocoop,Presencial,Full time,Otros,No especificado,True,False,118
analista de informática: web (vb.net mvc) & soporte,ahorrocoop,Presencial,Full time,Otros,No especificado,True,False,142
analista de innovación y nuevas líneas de negocio,empresa confidencial,Presencial,Otro,Otros,No especificado,False,False,161
analista de inventarios,"argento consultores, santiago",Presencial,Full time,Ventas / Comercial,No especificado,False,False,95
analista de inventario,analista de inventario,Presencial,Full time,Ventas / Comercial,No especificado,False,False,111
analista de licitaciones de construcción,empresa destacada,Presencial,Full time,Otros,No especificado,False,False,35
analista de logística internacional y comercio exterior,empresa destacada,Remoto,Full time,Otros,Junior,False,True,40
analista de marketing y análisis comercial,empresa destacada,Presencial,Full time,Ventas / Comercial,No especificado,False,False,32
analista de marketing y experiencias - cpch,ccu,Presencial,Full time,Otros,No especificado,False,False,191
analista de marketing,empresa destacada,Presencial,Full time,Otros,No especificado,False,False,32
analista de monitoreo,analista de monitoreo,Remoto,Full time,Otros,No especificado,False,True,132
analista de métricas de servicios digitales - gerencia de clientes y marketing,consorcio,Presencial,Otro,Data / BI,No especificado,True,False,190
analista de métricas y experiencia de clientes - gerencia de clientes y marketing,consorcio,Presencial,Otro,Data / BI,No especificado,False,False,194
analista de onboarding (contratos),no especificada,Híbrido,Full time,Otros,No especificado,False,False,24
analista de operaciones (contador auditor),ecrgroup,Presencial,Otro,Otros,No especificado,False,False,147
analista de operaciones (ing. comercial o civil industrial),confidencial,Híbrido,Full time,Ingenieria Civil,No especificado,False,False,24
analista de operaciones (proyecto 6 meses),soluciones integrales de talento 360,Presencial,Full time,Otros,No especificado,False,False,153
analista de operaciones comerciales,hdi seguros,Híbrido,Full time,Ventas / Comercial,No especificado,False,False,199
analista de operaciones financieras reemplazo tda plaza oeste banco ripley,analista de operaciones financieras reemplazo tda plaza oeste banco ripley,Presencial,Full time,Otros,No especificado,False,False,139
analista de operaciones y gestión de proveedores,no especificada,Híbrido,Full time,Otros,No especificado,False,False,24
analista de operaciones – sector asegurador,analista de operaciones – sector asegurador,Remoto,Full time,Otros,No especificado,True,True,153
analista de pagos y liquidación,no especificada,Híbrido,Full time,Otros,No especificado,False,False,24
"analista de planificación, finanzas corporativas",cencosud,Presencial,Full time,Otros,No especificado,False,False,191
analista de pricing,analista de pricing,Presencial,Full time,Otros,No especificado,False,False,123
analista de procesos (proyecto 1 año),analista de procesos (proyecto 1 año),Presencial,Full time,Otros,No especificado,False,False,143
analista de procesos y sistemas financieros,empresa confidencial,Presencial,Otro,TI General,No especificado,True,False,164
analista de rrhh y administración de personas,viggo,Presencial,Full time,Recursos Humanos,No especificado,False,False,123
analista de reclutamiento y desarrollo organizacional,"mqo consulting spa, santiago",Presencial,Full time,Recursos Humanos,No especificado,False,False,89
analista de recursos humanos (reclutamiento y…,"confidencial, santiago",Presencial,Full time,Recursos Humanos,No especificado,False,False,87
analista de recursos humanos rubro manufacturero / quilicura,tawa chile s.a.,Presencial,Otro,Recursos Humanos,No especificado,False,False,168
analista de recursos humanos en santiago,analista de recursos humanos en santiago,Presencial,Full time,Recursos Humanos,No especificado,False,False,117
analista de recursos humanos,empresa destacada,Presencial,Full time,Recursos Humanos,No especificado,False,False,39
analista de recursos humanos,empresa destacada,Remoto,Full time,Recursos Humanos,No especificado,False,True,39
analista de registro de muestras senior,analista de registro de muestras senior,Presencial,Full time,Otros,Senior,False,False,153
analista de remuneraciones - experiencia en construcción,empresa confidencial,Presencial,Otro,Data / BI,No especificado,False,False,169
analista de remuneraciones junior / las condes,analista de remuneraciones junior / las condes,Remoto,Full time,Otros,Junior,False,True,153
analista de remuneraciones y administración de personas,ps grupo hunting,Presencial,Full time,Otros,No especificado,False,False,153
analista de remuneraciones y administración,natura,Presencial,Full time,Otros,No especificado,False,False,124
analista de remuneraciones,"movirentcol, santiago",Presencial,Full time,Otros,No especificado,False,False,128
analista de riesgos,analista de riesgos,Presencial,Full time,Otros,No especificado,False,False,79
analista de seguridad informatica,analista de seguridad informatica,Remoto,Full time,TI General,No especificado,True,True,118
analista de seguridad de la información,empresa destacada,Presencial,Full time,Otros,No especificado,True,False,32
analista de sistemas – desarrollo inteligencia operacional,banco de chile,Presencial,Full time,Data / BI,No especificado,True,False,153
analista de soporte (atencion cliente) corporativo $1.200.000 liquidos,analista de soporte (atencion cliente) corporativo $1.200.000 liquidos,Presencial,Full time,Otros,No especificado,True,False,125
analista de soporte funcional bilingüe,no especificada,Híbrido,Full time,Otros,No especificado,True,False,24
analista de soporte nivel 1,no especificada,Híbrido,Full time,Otros,No especificado,True,False,24
analista de soporte sap – fi / mm / fm,analista de soporte sap – fi / mm / fm,Remoto,Full time,Otros,No especificado,True,True,153
analista de soporte ti y control de inventarios,analista de soporte ti y control de inventarios,Presencial,Full time,TI General,No especificado,True,False,153
analista de soporte técnico,no especificada,Híbrido,Full time,Otros,No especificado,True,False,24
analista de soporte,no especificada,Híbrido,Full time,Otros,No especificado,True,False,24
analista de tesorería - las condes (construcción),empresa destacada,Presencial,Full time,Otros,No especificado,False,False,35
analista de tesorería - plazo fijo…,"importante empresa del sector, santiago",Presencial,Full time,Otros,No especificado,False,False,93
analista de tesorería retail | gestión de caja y reportes,banco falabella,Presencial,Full time,Otros,No especificado,False,False,153
analista de tesorería y recaudación (lo boza),analista de tesorería y recaudación (lo boza),Presencial,Full time,Otros,No especificado,False,False,153
analista de trayectoria docente,empresa confidencial,Presencial,Otro,Data / BI,No especificado,False,False,119
analista de administración de personal (santiago),progestion chile,Presencial,Full time,Otros,No especificado,False,False,146
analista de administración de personal,analista de administración de personal,Presencial,Full time,Otros,No especificado,False,False,108
analista de beneficios estatales,randstad,Presencial,Full time,Otros,No especificado,False,False,119
analista de control de gestión operaciones,analista de control de gestión operaciones,Presencial,Full time,Otros,No especificado,False,False,153
analista de control y gestión de jornadas laborales,analista de control y gestión de jornadas laborales,Presencial,Full time,Otros,No especificado,False,False,153
analista de operaciones bancarias,avos tech | chile,Presencial,Full time,Otros,No especificado,False,False,130
analista de seguridad informática,analista de seguridad informática,Remoto,Full time,Otros,No especificado,True,True,111
analista de siniestros senior middle market,zurich seguros de vida,Presencial,Otro,Otros,Senior,False,False,155
analista de sistemas,integral 360,Presencial,Full time,TI General,No especificado,True,False,105
analista de soporte y servicios informáticos,empresa destacada,Remoto,Full time,Otros,No especificado,True,True,34
analista desarrollador,analista desarrollador,Remoto,Full time,Otros,No especificado,True,True,114
analista en marketing - huechuraba,chilexpress,Presencial,Otro,Otros,No especificado,False,False,140
analista informatico,analista informatico,Presencial,Full time,TI General,No especificado,True,False,121
analista senior de operaciones,zurich seguros de vida,Presencial,Otro,Otros,Senior,False,False,145
analista servicios aplicaciones ti,claro chile s.a.,Presencial,Full time,TI General,No especificado,False,False,131
analista y programador odoo,kiosclub,Presencial,Full time,Desarrollo / Dev,No especificado,True,False,189
analista/programador angular,no especificada,Remoto,Full time,Desarrollo / Dev,No especificado,True,True,24
analistas sap – servicio de administración y operación bodega minería,analistas sap – servicio de administración y operación bodega minería,Presencial,Full time,Otros,No especificado,True,False,140
analistas de inventario experto – servicio de administración y operación bodega minería,analistas de inventario experto – servicio de administración y operación bodega minería,Presencial,Full time,Ventas / Comercial,No especificado,False,False,153
analistas de rrhh y remuneraciones,"empresa prestadora de servicios, iquique",Presencial,Full time,Recursos Humanos,No especificado,False,False,104
analistas de servicios generales (proyecto),analistas de servicios generales (proyecto),Presencial,Full time,Otros,No especificado,False,False,129
analytics engineer,no especificada,Remoto,Full time,Otros,No especificado,False,True,24
apilador eléctrico. lampa,"masterasesorias, santiago",Presencial,Full time,Otros,No especificado,False,False,103
apoyo docente en electrónica e informática,tailor servicios,Presencial,Full time,Educacion,No especificado,True,False,143
"apoyo docente, departamento de electrotecnia e informática",tailor servicios,Presencial,Full time,Data / BI,No especificado,True,False,153
"apoyo docente, departamento de electrotecnia e informática",universidad tecnica federico santa maria,Presencial,Full time,Data / BI,No especificado,True,False,153
"apoyo docente, departamento de electrotecnia e informática",universidad técnica federico santa maría,Presencial,Full time,Data / BI,No especificado,True,False,153
apoyo día de la madre mall la serena - beauty.plus,beauty.plus,Presencial,Full time,Otros,No especificado,False,False,153
apoyo evento especial marca beauty f/ full time lunes a viernes 44 hrs/ falabella la serena,falabella,Presencial,Full time,TI General,No especificado,False,False,153
apoyo evento especial marca beauty f/ part time sábados y domingos 20 hrs/ falabella la serena,falabella,Presencial,Part time,TI General,No especificado,False,False,153
apoyo tec. para adm. y analisis de informacion,centro ideactiva,Presencial,Full time,Otros,No especificado,True,False,153
armador de precarga / bodega administracion,armador de precarga / bodega administracion,Presencial,Full time,Otros,No especificado,False,False,119
arquitecto / diseñador para ejecutivo de ventas - antofagasta,comercial hispano chilena,Presencial,Otro,Ventas / Comercial,No especificado,False,False,170
arquitecto / diseñador para ejecutivo de ventas - concepción,comercial hispano chilena,Presencial,Otro,Ventas / Comercial,No especificado,False,False,163
arquitecto / diseñador para ejecutivo de ventas - la serena,comercial hispano chilena,Presencial,Otro,Ventas / Comercial,No especificado,False,False,163
arquitecto especificador,empresa confidencial,Presencial,Otro,Otros,No especificado,False,False,152
arquitecto full stack,"las condes, metropolitana de santiago",Presencial,Otro,Otros,No especificado,False,False,114
arquitecto líder de integraciones / integration lead,no especificada,Remoto,Full time,Otros,Senior,False,True,24
arquitecto plataforma cloud senior,arquitecto plataforma cloud senior,Presencial,Full time,DevOps / Cloud,Senior,True,False,153
arquitecto ti,empresa confidencial,Presencial,Otro,TI General,No especificado,False,False,119
arquitecto comercial - antofagasta,empresa confidencial,Presencial,Otro,Ventas / Comercial,No especificado,False,False,134
arquitecto de automatización e integraciones,inmobiliaria costanera pacãfico,Presencial,Full time,Otros,No especificado,False,False,153
arquitecto de datos,one match consulting,Presencial,Otro,Otros,No especificado,True,False,134
arquitecto de software: lidera arquitecturas y plataformas,mallplaza,Presencial,Full time,Desarrollo / Dev,No especificado,True,False,153
arquitecto de soluciones (data & cloud),no especificada,Híbrido,Full time,Data / BI,No especificado,True,False,24
arquitecto de soluciones sap,indra,Presencial,Otro,Otros,No especificado,True,False,126
arquitecto de datos - huechuraba,empresa confidencial,Presencial,Otro,Otros,No especificado,True,False,139
arquitecto(a),empresa confidencial,Presencial,Otro,Otros,No especificado,False,False,105
arquitecto/a de seguridad - full presencial,"las condes, metropolitana de santiago",Presencial,Otro,Otros,No especificado,True,False,154
arquitecto,typsa,Presencial,Otro,Otros,No especificado,False,False,109
aseador / trabajo en altura / comuna el bosque,cdo servicios empresariales,Presencial,Otro,Otros,No especificado,False,False,302
"asesor comercial (iv región, coquimbo)",empresa confidencial,Presencial,Otro,Ventas / Comercial,No especificado,False,False,132
asesor comercial (intangibles) - clínica dental cumbre - la serena,clinica dental cumbre,Presencial,Full time,Ventas / Comercial,No especificado,False,False,153
asesor comercial experiencia en terreno 2 m liquidos,pick up consultores spa,Presencial,Full time,Data / BI,No especificado,False,False,153
asesor comercial fitness - part time (domingos & festivos),gimnasio,Presencial,Part time,TI General,No especificado,False,False,153
asesor comercial para importante clínica ubicada en la serena,artemisa direct,Presencial,Full time,Ventas / Comercial,No especificado,False,False,153
asesor comercial de seguros con alto potencial de ingresos,artemisa direct,Presencial,Full time,Ventas / Comercial,No especificado,True,False,153
asesor comercial de soluciones intangibles,clinica dental cumbre,Presencial,Full time,Ventas / Comercial,No especificado,False,False,153
asesor comercial en terreno – neumáticos y baterías,salfa rent,Presencial,Full time,Ventas / Comercial,No especificado,False,False,153
asesor experto en ventas automotrices,autoplanet,Presencial,Full time,Ventas / Comercial,No especificado,False,False,126
asesor financiamiento automotriz - los ángeles,tanner,Presencial,Full time,Otros,No especificado,False,False,196
asesor financiamiento automotriz - talca,tanner,Presencial,Full time,Otros,No especificado,False,False,197
asesor financiamiento automotriz la serena,tanner,Presencial,Full time,Otros,No especificado,False,False,139
"asesor inmobiliario freelance - ventas, región iv flexible",houm,Presencial,Full time,Ventas / Comercial,No especificado,False,False,153
asesor inmobiliario freelance ventas / iv región,houm,Presencial,Full time,Ventas / Comercial,No especificado,False,False,142
asesor integral de salud,"isapre nueva mas vida, valparaíso",Presencial,Full time,Salud,No especificado,False,False,72
asesor médico veterinario – retail de mascotas premium,superzoo,Presencial,Full time,Otros,No especificado,False,False,153
"asesor médico veterinario, la serena",superzoo,Presencial,Full time,Otros,No especificado,False,False,129
asesor seguros,empresa destacada,Presencial,Full time,Otros,No especificado,True,False,30
asesor técnico comercial - minería,empresa destacada,Presencial,Full time,Ventas / Comercial,No especificado,False,False,30
asesor comercial en terreno/ experiencia en venta consultiva/ consumo masivo (la serena),progestion chile,Presencial,Full time,Data / BI,No especificado,False,False,153
asesor comercial para gimnasio part time.,gimnasio,Presencial,Part time,TI General,No especificado,False,False,139
asesor comercial para gimnasio,gimnasio,Presencial,Full time,Ventas / Comercial,No especificado,False,False,117
asesor comercial,"soy nativo, concepción",Presencial,Full time,Ventas / Comercial,No especificado,False,False,108
"asesor de admisiones - 100% remoto, comisión ilimitada",alfabeta spa,Remoto,Full time,Otros,No especificado,False,True,153
asesor de clientes corsetería - experto en experiencia,falabella,Presencial,Full time,Otros,No especificado,False,False,153
asesor de clientes retail — experiencia de compra,falabella,Presencial,Full time,Data / BI,No especificado,False,False,153
asesor de clientes | experto en retail y moda urbana,falabella,Presencial,Full time,Otros,No especificado,False,False,153
asesor de contactabilidad junior,no especificada,Híbrido,Full time,Otros,Junior,False,False,24
asesor de financiamiento automotriz – ventas & créditos (la serena),tanner,Presencial,Full time,Ventas / Comercial,No especificado,False,False,153
asesor de inversiones previsionales,afp cuprum,Presencial,Full time,Otros,No especificado,False,False,129
asesor de seguridad (coquimbo),guiñez ingenieria ltda,Presencial,Otro,Otros,No especificado,True,False,127
asesor de seguridad sns l033,cyd ingeniería ltda.,Presencial,Otro,Otros,No especificado,True,False,122
asesor de seguros - la serena,metlife seguros de vida s.a.,Presencial,Otro,Otros,No especificado,True,False,128
asesor de seguros de vida y ahorro — alto ingreso flexible,bicevida,Presencial,Full time,Otros,No especificado,True,False,153
asesor de ventas automotriz - proyecto 3 meses,people go,Presencial,Full time,Ventas / Comercial,No especificado,False,False,143
asesor de ventas en café reconocido (part‑time),touch latam chile,Presencial,Full time,Ventas / Comercial,No especificado,False,False,153
asesor de ventas y atención al cliente (part-time),empresa destacada,Presencial,Full time,Ventas / Comercial,No especificado,False,False,42
"asesor de ventas: comisiones, desarrollo y equipo dinámico",me postulo,Presencial,Full time,Ventas / Comercial,No especificado,False,False,153
asesor de venta full time (la serena),pk group,Presencial,Full time,TI General,No especificado,False,False,125
asesor de venta full time,pk group chile,Presencial,Full time,TI General,No especificado,False,False,107
asesor en prevención de riesgos (hseq),"empresa rubro minero, calama",Presencial,Full time,Otros,No especificado,False,False,88
asesor y relator fosis,"consultora galarce y cia..., san fernando",Presencial,Full time,Otros,No especificado,False,False,91
asesor(a) inmobiliario (sala de ventas),"faro consultoría, santiago",Presencial,Full time,Ventas / Comercial,No especificado,False,False,105
asesor(a) de viajes vacacional - la serena,viajes el corte inglés,Presencial,Otro,Otros,No especificado,False,False,143
asesor/a de clientes especialista corsetería / part time 20 hrs / falabella la serena,falabella,Presencial,Part time,TI General,No especificado,False,False,153
asesor/a de admisiones 100% remoto –…,"rsv, santiago",Remoto,Full time,Otros,No especificado,False,True,98
asesor/a de admisiones – trabajo 100%…,"rsv, santiago",Presencial,Full time,Otros,No especificado,False,False,98
asesor/a de clientes - experiencia retail,falabella,Presencial,Full time,Data / BI,No especificado,False,False,140
asesor/a de clientes cuidado personal dama marca ula / full time 44 hrs. 5x2 / falabella la serena,falabella,Presencial,Full time,TI General,No especificado,False,False,153
"asesor/a de clientes electro marcas propias, jornada full time 44 hrs l a v / falabella la serena",falabella,Presencial,Full time,TI General,No especificado,False,False,153
"asesor/a de clientes electro marcas propias, jornada full time 44 hrs l a v // falabella la serena",falabella,Presencial,Full time,TI General,No especificado,False,False,153
asesor/a de clientes pt 20 hrs sd la serena,falabella,Presencial,Full time,Otros,No especificado,False,False,144
asesor/a de clientes// full time 44hrs 5x2 rotativo// falabella la serena,falabella,Presencial,Full time,TI General,No especificado,False,False,153
asesor/a de servicios | suc. coquimbo,scania chile,Presencial,Full time,Otros,No especificado,False,False,135
asesor/a de ventas - la serena,colmena golden cross,Presencial,Otro,Ventas / Comercial,No especificado,False,False,126
asesor/a de ventas tech — jornada completa (rotativo),ecrgroup,Presencial,Full time,Ventas / Comercial,No especificado,False,False,153
asesor/a de ventas — campo y puerta a puerta,rcc group,Presencial,Full time,Ventas / Comercial,No especificado,False,False,139
asesor/a de clientes // 30 hrs 5x2 // americanino la serena,falabella,Presencial,Full time,Otros,No especificado,False,False,153
asesores comerciales servicios hogar y móvil la serena,people go,Presencial,Full time,Ventas / Comercial,No especificado,False,False,153
asesores de venta iv region (la serena) full time,rcc group,Presencial,Full time,TI General,No especificado,False,False,150
"asis. académico(a) tns administración de empresas, cont. gral, comp. e informática y gastronomí[...]",cft pucv,Presencial,Full time,Otros,No especificado,True,False,153
asistente académico de diseño de vestuario - santiago,empresa destacada,Presencial,Full time,Otros,No especificado,False,False,29
asistente administración (llanquihue),fiordo austral,Presencial,Full time,Otros,No especificado,False,False,128
asistente administración,servicios grekad-met ltda.,Presencial,Full time,Otros,No especificado,False,False,116
asistente administrativa - recursos humanos,empresa destacada,Presencial,Full time,Recursos Humanos,No especificado,False,False,39
asistente administrativa / secretaria,"celtic spa, santiago",Presencial,Full time,Otros,No especificado,False,False,101
asistente administrativa con experiencia en diseño,empresa destacada,Presencial,Full time,Data / BI,No especificado,False,False,29
asistente administrativo $759.000 liquidos / temuco,asistente administrativo $759.000 liquidos / temuco,Presencial,Full time,Otros,No especificado,False,False,153
asistente administrativo (proyecto pre post natal),no especificada,Remoto,Full time,Otros,No especificado,False,True,24
asistente administrativo financiero,confidencial,Presencial,Full time,Otros,No especificado,False,False,133
asistente administrativo de recursos humanos - la serena,emetel,Presencial,Full time,Recursos Humanos,No especificado,False,False,153
asistente administrativo de terreno - la serena,skc s.a.,Presencial,Otro,Otros,No especificado,False,False,137
asistente administrativo y comercial,asistente administrativo y comercial,Presencial,Full time,Ventas / Comercial,No especificado,False,False,97
asistente administrativo(a) contable para empresa de…,"perfil consultores, santiago",Presencial,Full time,Otros,No especificado,False,False,104
asistente administrativo/a,empresa destacada,Presencial,Full time,Otros,No especificado,False,False,37
asistente administrativo,empresa destacada,Presencial,Full time,Otros,No especificado,False,False,37
asistente administrativo,serena design,Presencial,Full time,Otros,No especificado,False,False,110
asistente adquisiciones providencia,"ferromining, santiago",Presencial,Full time,Otros,No especificado,False,False,117
asistente adquisiciones,"ferromining, santiago",Presencial,Full time,Otros,No especificado,False,False,117
asistente análisis operacional,servicio de transporte s.r,Presencial,Full time,Otros,No especificado,False,False,135
asistente atención clientes - kaufmann cantagallo,empresa destacada,Presencial,Full time,Otros,No especificado,False,False,42
asistente comercial (licitaciones y e-commerce),"eco smart spa -.., colina",Presencial,Full time,Ventas / Comercial,No especificado,False,False,96
"asistente comercial (tecnólogo o estudiante en administración, mercadeo, ing industrial)","asistente comercial (tecnólogo o estudiante en administración, mercadeo, ing industrial)",Presencial,Full time,Ventas / Comercial,No especificado,True,False,153
asistente comercial - area construcción - contrato indefinido,perceptual consultores,Presencial,Otro,Ventas / Comercial,No especificado,False,False,173
asistente comercial - n&b - la serena (reemplazo licencia médica),salfa,Presencial,Full time,Data / BI,No especificado,False,False,153
asistente comercial - oficina coquimbo,banco de chile,Presencial,Otro,Ventas / Comercial,No especificado,False,False,120
asistente comercial – outsourcing / servicios ti,no especificada,Híbrido,Full time,TI General,No especificado,False,False,24
asistente comercial,"ferrocor, santiago",Presencial,Full time,Ventas / Comercial,No especificado,False,False,97
asistente comercial,ripley chile,Híbrido,Full time,Ventas / Comercial,No especificado,False,False,24
asistente contable (la serena),centro de formación técnica juan bohon,Presencial,Full time,Otros,No especificado,False,False,147
asistente contable para importante multinacional de tecnología,empresa destacada,Presencial,Full time,Otros,No especificado,True,False,33
asistente contable y administrativo (la serena),hotel club la serena,Presencial,Full time,Otros,No especificado,False,False,153
asistente contable y remuneraciones,"innova talentos, osorno",Presencial,Full time,Otros,No especificado,False,False,100
asistente contable y de recursos humanos,empresa destacada,Presencial,Full time,Recursos Humanos,No especificado,False,False,39
asistente contable,"confidencial, puerto montt",Presencial,Full time,Otros,No especificado,False,False,87
asistente contable,"ferromining ltda, santiago",Presencial,Full time,Otros,No especificado,False,False,117
asistente de administración y control asistencia - puerto montt,salmonjobs,Presencial,Full time,Data / BI,No especificado,False,False,153
asistente de bodega / full time 42 hrs / falabella la serena,falabella,Presencial,Full time,TI General,No especificado,False,False,153
asistente de finanzas y administración,baradent spa,Presencial,Full time,Otros,No especificado,False,False,124
asistente dental /tons - clínica dental redsalud ovalle,centros médicos y dentales redsalud,Presencial,Otro,Salud,No especificado,True,False,171
asistente docente: laboratorios electrónica e informática,universidad tecnica federico santa maria,Presencial,Full time,Educacion,No especificado,True,False,153
asistente facturacion y pagos de transporte,"asistente facturacion y pagos.., valparaíso",Presencial,Full time,Otros,No especificado,False,False,103
asistente facturacion,"qifood spa, santiago",Presencial,Full time,Otros,No especificado,False,False,98
asistente gestión contrato de redes,esval y aguas del valle,Presencial,Full time,Otros,No especificado,True,False,142
asistente logistico,"industrial y comercial o´mas.., santiago",Presencial,Full time,Otros,No especificado,False,False,103
asistente operaciones de crédito tienda 30hrs shc (la serena),sodimac chile,Presencial,Full time,TI General,No especificado,False,False,153
asistente personal y de movilidad (tens)…,"particular, santiago",Presencial,Full time,Otros,No especificado,False,False,105
asistente prevención de riesgos – construcción,empresa destacada,Presencial,Full time,Otros,No especificado,False,False,35
asistente rr.hh | desarrollo y estabilidad - la serena,servicio de transporte s.r,Presencial,Full time,Otros,No especificado,False,False,153
asistente recursos humanos (la serena),servicio de transporte,Presencial,Full time,Recursos Humanos,No especificado,False,False,147
asistente recursos humanos,servicio de transporte s.r,Presencial,Full time,Recursos Humanos,No especificado,False,False,127
asistente serv al cliente pt 20 la serena balmaceda,sodimac,Presencial,Full time,Otros,No especificado,False,False,153
asistente soporte informático,asistente soporte informático,Presencial,Full time,Otros,No especificado,True,False,116
asistente administrativo de ventas,"escuela de conductores hln, santiago",Presencial,Full time,Ventas / Comercial,No especificado,False,False,98
asistente administrativo/a de ventas,"78.722.360-5, santiago",Presencial,Full time,Ventas / Comercial,No especificado,False,False,121
asistente administrativo/a part-time,logistica lerol,Presencial,Full time,Otros,No especificado,False,False,136
asistente administrativo/a part-time,m3ga spa,Presencial,Full time,Otros,No especificado,False,False,129
asistente de administración (castro),asistente de administración (castro),Presencial,Full time,Otros,No especificado,False,False,120
asistente de administración (puerto montt),asistente de administración (puerto montt),Presencial,Full time,Otros,No especificado,False,False,132
asistente de administración contable,asistente de administración contable,Presencial,Full time,Otros,No especificado,False,False,104
asistente de administración contable,confidencial,Presencial,Full time,Otros,No especificado,False,False,110
asistente de administración de personas con experiencia en buk,asistente de administración de personas con experiencia en buk,Presencial,Full time,Data / BI,No especificado,False,False,153
asistente de administración de personas,asistente de administración de personas,Presencial,Full time,Otros,No especificado,False,False,132
asistente de administración y finanza (santiago),policomp,Presencial,Full time,Otros,No especificado,False,False,136
asistente de administración y finanzas,asistente de administración y finanzas,Remoto,Full time,Otros,No especificado,False,True,153
asistente de administración y finanzas,softline consultores gerenciales,Presencial,Full time,Otros,No especificado,False,False,140
asistente de administración y servicios,funerarias ultima morada,Presencial,Full time,Otros,No especificado,False,False,142
asistente de administración y ventas,asistente de administración y ventas,Remoto,Full time,Ventas / Comercial,No especificado,False,True,153
asistente de administración y ventas en…,"centro optico milenium, santiago",Presencial,Full time,Ventas / Comercial,No especificado,False,False,104
asistente de administración,empresa red salud s.a,Presencial,Full time,Otros,No especificado,False,False,107
asistente de administración,principal chile,Presencial,Full time,Otros,No especificado,False,False,101
asistente de administración,redrrhh.cl,Presencial,Full time,Otros,No especificado,False,False,96
asistente de administración,wazu,Presencial,Full time,Otros,No especificado,False,False,86
asistente de atención al cliente y logística,empresa destacada,Presencial,Full time,Otros,No especificado,False,False,42
asistente de atención al cliente y ventas pt,sodimac,Presencial,Full time,Ventas / Comercial,No especificado,False,False,137
asistente de bodega: seguro de salud y descuentos,falabella,Presencial,Full time,Salud,No especificado,True,False,153
asistente de bodega,"sausalito, santiago",Presencial,Full time,Otros,No especificado,False,False,95
asistente de calidad (pre y post natal),asistente de calidad (pre y post natal),Presencial,Full time,QA / Testing,No especificado,False,False,153
asistente de capacitación,ey chile,Híbrido,Full time,Otros,No especificado,False,False,199
asistente de comercio exterior (comex) - santiago,empresa destacada,Híbrido,Full time,Otros,No especificado,False,False,40
asistente de comercio exterior,empresa destacada,Presencial,Full time,Otros,No especificado,False,False,40
asistente de contabilidad - las condes (construcción),empresa destacada,Presencial,Full time,Otros,No especificado,False,False,35
asistente de contabilidad,empresa destacada,Presencial,Full time,Otros,No especificado,False,False,35
asistente de crédito retail – reconciliación y facturación (30h),sodimac chile,Presencial,Full time,Otros,No especificado,False,False,153
asistente de cuentas logístico,empresa confidencial,Presencial,Otro,Otros,No especificado,False,False,144
asistente de diseño de vestuario,empresa destacada,Presencial,Full time,Otros,No especificado,False,False,29
asistente de diseño y comunicaciones - antofagasta,empresa destacada,Presencial,Full time,Otros,No especificado,False,False,29
asistente de documentación y correspondencia,ecrgroup,Presencial,Otro,Otros,No especificado,False,False,157
asistente de facturación - san bernardo,exray consultores,Presencial,Full time,Otros,No especificado,False,False,150
asistente de facturación y cobranza,no especificada,Presencial,Full time,Otros,No especificado,False,False,24
asistente de finanzas y administración: gestión contable,baradent spa,Presencial,Full time,Otros,No especificado,False,False,153
asistente de finanzas,"confidencial, santiago",Presencial,Full time,Otros,No especificado,False,False,98
asistente de finanzas,"est san cristobal, santiago",Presencial,Full time,Otros,No especificado,False,False,87
"asistente de gerencia (administración, contabilidad y rr.hh.)","asistente de gerencia (administración, contabilidad y rr.hh.)",Presencial,Full time,Data / BI,No especificado,False,False,138
asistente de gerencia (ingeniero en administración)),asistente de gerencia (ingeniero en administración)),Presencial,Full time,Data / BI,No especificado,False,False,131
asistente de gerencia (secretaria),"mm ss, antofagasta",Presencial,Full time,Data / BI,No especificado,False,False,107
asistente de informática 42 hrs,asistente de informática 42 hrs,Presencial,Full time,Otros,No especificado,True,False,137
asistente de informática 42 hrs,hotel intercontinental,Presencial,Full time,Otros,No especificado,True,False,119
asistente de informática 42 hrs,ihg-hotels-&-resort,Presencial,Full time,Otros,No especificado,True,False,116
"asistente de informática, jornada completa vespertina, sede san joaquín (oferta inclusiva)",corporación instituto profesional santo tomás,Presencial,Full time,Otros,No especificado,True,False,224
asistente de informática,asistente de informática,Presencial,Full time,Otros,No especificado,True,False,106
asistente de laboratorio (la serena),universidad pedro de valdivia,Presencial,Full time,Otros,No especificado,False,False,150
asistente de laboratorio en electrónica e informática,universidad técnica federico santa maría,Presencial,Full time,Otros,No especificado,True,False,153
asistente de logística y administración | gestión de stock,veolia,Presencial,Full time,Otros,No especificado,False,False,153
asistente de logística y distribución.,engatel s.a,Presencial,Full time,Otros,No especificado,False,False,134
asistente de marketing concepción,empresa destacada,Presencial,Full time,Otros,No especificado,False,False,32
asistente de marketing digital (enfocado en…,"trend center, santiago",Presencial,Full time,Otros,No especificado,True,False,92
asistente de marketing y administración proactivo,cerámicas cordillera,Presencial,Full time,Otros,No especificado,False,False,150
asistente de operaciones . gestión de activos,asistente de operaciones . gestión de activos,Presencial,Full time,Otros,No especificado,False,False,111
asistente de operaciones y administración sustentable,ecoretorna,Presencial,Full time,Otros,No especificado,False,False,148
asistente de piso - retail y atención al cliente,falabella,Presencial,Full time,Otros,No especificado,False,False,153
asistente de producción periodística,empresa destacada,Presencial,Full time,Otros,No especificado,False,False,33
asistente de producción- chillán,empresa destacada,Presencial,Full time,Otros,No especificado,False,False,33
asistente de producción- maipú,empresa destacada,Presencial,Full time,Otros,No especificado,False,False,33
asistente de producción,empresa destacada,Presencial,Full time,Otros,No especificado,False,False,33
asistente de rr.hh. | excel + softlan | la serena,servicio de transporte,Presencial,Full time,Otros,No especificado,True,False,153
asistente de rrhh y administración (remuneraciones),redrrhh.cl,Presencial,Full time,Recursos Humanos,No especificado,False,False,144
asistente de rrhh y administración - medio tiempo,fundación ciudad del niño,Presencial,Part time,TI General,No especificado,False,False,151
asistente de rrhh y administración - programa infantil,fundación ciudad del niño,Presencial,Full time,Recursos Humanos,No especificado,True,False,153
"asistente de recursos humanos (reemplazo), vitacura","asistente de recursos humanos (reemplazo), vitacura",Presencial,Full time,Recursos Humanos,No especificado,False,False,153
asistente de recursos humanos / administración de personal,asistente de recursos humanos / administración de personal,Presencial,Full time,Recursos Humanos,No especificado,False,False,153
asistente de recursos humanos rancagua,empresa destacada,Presencial,Full time,Recursos Humanos,No especificado,False,False,39
asistente de recursos humanos – investimenti spa.,asistente de recursos humanos – investimenti spa.,Presencial,Full time,TI General,No especificado,True,False,113
"asistente de recursos humanos, mejillones","asistente de recursos humanos, mejillones",Presencial,Full time,Recursos Humanos,No especificado,False,False,134
asistente de recursos humanos,asistente de recursos humanos,Presencial,Full time,Recursos Humanos,No especificado,False,False,153
asistente de recursos humanos,empresa destacada,Presencial,Full time,Recursos Humanos,No especificado,False,False,39
asistente de remuneraciones y administración de personal,asistente de remuneraciones y administración de personal,Presencial,Full time,Otros,No especificado,False,False,153
asistente de remuneraciones y administración,asistente de remuneraciones y administración,Presencial,Full time,Otros,No especificado,False,False,145
asistente de remuneraciones,potencial organizacional,Presencial,Full time,Otros,No especificado,False,False,129
asistente de seguridad y salud ocupacional- valparaíso,empresa destacada,Presencial,Full time,Salud,No especificado,True,False,28
asistente de servicio al cliente y facturación,pisa farmacéutica,Presencial,Full time,Otros,No especificado,False,False,153
"asistente de servicios generales, dirección de administración y finanzas, sede concepción",universidad tecnica federico santa maria,Presencial,Full time,Otros,No especificado,False,False,153
"asistente de servicios generales, dirección de administración y finanzas, sede concepción",universidad técnica federico santa maría,Presencial,Full time,Otros,No especificado,False,False,153
asistente de sistema opm,integra servicios s.a.,Presencial,Full time,Otros,No especificado,True,False,117
asistente de tesorería,rad creative venture studio,Presencial,Full time,Otros,No especificado,False,False,24
asistente de venta integral tecnología sabado y domingo san bernardo,empresa destacada,Presencial,Part time,Ventas / Comercial,No especificado,True,False,33
asistente de ventas (la serena),importante empresa,Presencial,Full time,Ventas / Comercial,No especificado,False,False,122
asistente de ventas - pudahuel,"confidencial, santiago",Presencial,Full time,Ventas / Comercial,No especificado,False,False,90
asistente de ventas - quinta normal,"confidencial, santiago",Presencial,Full time,Ventas / Comercial,No especificado,False,False,92
asistente de ventas part time santiago,tanner,Presencial,Full time,TI General,No especificado,False,False,201
asistente de ventas temporada – medio tiempo (30 h/sem),confidencial,Presencial,Part time,TI General,No especificado,False,False,153
"asistente de ventas y eventos – retail, desarrollo",falabella,Presencial,Full time,Ventas / Comercial,No especificado,False,False,151
asistente de ventas y logística rubro automotriz,ivp autos,Presencial,Full time,Ventas / Comercial,No especificado,False,False,153
asistente de administración y recepcionista,asistente de administración y recepcionista,Presencial,Full time,Otros,No especificado,False,False,153
asistente de bodega y chofer,"empresa alimentos quilicura, santiago",Presencial,Full time,Otros,No especificado,False,False,96
asistente de bodega,"distribuidora gama spa, santiago",Presencial,Full time,Otros,No especificado,False,False,87
asistente de bodega,"japi jane, santiago",Presencial,Full time,Otros,No especificado,False,False,81
asistente de compra y abastecimiento,petco,Presencial,Full time,Otros,No especificado,False,False,124
asistente de facturación / contable,"re-med spa, santiago",Presencial,Full time,Otros,No especificado,False,False,101
asistente de finanzas con nivel de ingles hablado intermedio,empresa destacada,Presencial,Full time,Otros,No especificado,False,False,31
asistente de operaciones y gestión,"forestal, temuco",Presencial,Full time,Otros,No especificado,False,False,121
asistente de operaciones,asistente de operaciones,Presencial,Full time,Otros,No especificado,False,False,118
asistente digitador / talagante,asistente digitador / talagante,Presencial,Full time,Otros,No especificado,False,False,123
asistente en administración y finanzas - rubro industrial (recoleta),empresa destacada,Presencial,Full time,Otros,No especificado,False,False,31
asistente en administración y finanzas - rubro industrial (recoleta),latam work,Presencial,Full time,Otros,No especificado,False,False,153
asistente en administración y finanzas,asistente en administración y finanzas,Presencial,Full time,Otros,No especificado,False,False,105
asistente logistica,empresa destacada,Presencial,Full time,Otros,No especificado,False,False,32
asistente. comercial redes sociales,"nbh-o2, santiago",Presencial,Full time,Ventas / Comercial,No especificado,True,False,99
asitente administrativo,empresa destacada,Presencial,Full time,Otros,No especificado,False,False,37
asset manager multifamily,no especificada,Híbrido,Full time,Otros,No especificado,False,False,24
atención coquimbo - ayudante de ventas…,"istec innova service spa, coquimbo",Presencial,Full time,Ventas / Comercial,No especificado,False,False,96
atención al cliente multicanal para e-commerce,empresa destacada,Presencial,Full time,Otros,No especificado,False,False,42
atención al cliente y reposición de mercadería,empresa destacada,Presencial,Full time,Otros,No especificado,False,False,42
atención al cliente y reposición en comercio,empresa destacada,Presencial,Full time,Otros,No especificado,False,False,42
atención al cliente turismo inglés avanzado excluyente 100% remoto,empresa destacada,Remoto,Full time,Otros,No especificado,False,True,30
atención al cliente turismo al cliente inglés avanzado excluyente,empresa destacada,Remoto,Full time,Otros,No especificado,False,True,30
auditor informático (las condes),importante empresa del sector,Presencial,Full time,Otros,No especificado,True,False,130
auditor informático senior: control de ti y ciberseguridad,importante empresa del sector,Presencial,Full time,TI General,Senior,True,False,153
auditor de administración y finanzas | control interno,fundación ciudad del niño,Presencial,Full time,Otros,Junior,False,False,153
auditor(a) interno (a)/universidad mayor/santiago/teletrabajo,universidad mayor,Remoto,Otro,Otros,Junior,False,True,184
autoplanet busca a vendedor especialista en (la serena),autoplanet,Presencial,Full time,Otros,No especificado,False,False,153
auxiliar administrativo la serena,retiro10afphabitat,Presencial,Full time,Otros,No especificado,False,False,133
auxiliar administrativo,sociedad comercial benchmarking,Presencial,Full time,Otros,No especificado,False,False,132
auxiliar de bodega de gastronomía,duoc,Presencial,Otro,Otros,No especificado,False,False,126
auxiliar de bodega de gastronomía,empresa destacada,Presencial,Full time,Otros,No especificado,False,False,34
auxiliar de farmacia (reemplazo),alcansa,Presencial,Otro,Data / BI,No especificado,False,False,149
auxiliar de farmacia - calama,empresa destacada,Presencial,Full time,Data / BI,No especificado,False,False,31
auxiliar de farmacia - calama,farmacias knop s.a,Presencial,Otro,Data / BI,No especificado,False,False,120
auxiliar de farmacia - el quisco,empresa destacada,Presencial,Full time,Data / BI,No especificado,False,False,31
auxiliar de farmacia - huechuraba 20horas,empresa destacada,Presencial,Part time,Data / BI,No especificado,False,False,31
auxiliar de farmacia - iquique (jornada parcial),farmacias knop s.a,Presencial,Otro,Data / BI,No especificado,False,False,127
auxiliar de farmacia - la florida,farmacias ahumada s.a.,Presencial,Otro,Data / BI,No especificado,False,False,148
auxiliar de farmacia - la reina,farmacias knop s.a,Presencial,Otro,Data / BI,No especificado,False,False,128
auxiliar de farmacia - ovalle,empresa destacada,Presencial,Part time,Data / BI,No especificado,False,False,31
auxiliar de farmacia - peñalolen,empresa confidencial,Presencial,Otro,Data / BI,No especificado,False,False,148
auxiliar de farmacia - peñalolen,empresa destacada,Presencial,Full time,Data / BI,No especificado,False,False,31
auxiliar de farmacia integral - colina (lic. pre y post natal),salcobrand,Presencial,Otro,Data / BI,No especificado,False,False,161
auxiliar de farmacia integral -san fernando (lic. pre y post natal),salcobrand,Presencial,Otro,Data / BI,No especificado,False,False,169
auxiliar de farmacia volante para las condes,empresa destacada,Presencial,Full time,Data / BI,No especificado,False,False,31
auxiliar de farmacia volante,empresa destacada,Presencial,Full time,Data / BI,No especificado,False,False,31
auxiliar de farmacia para calama,empresa destacada,Presencial,Full time,Data / BI,No especificado,False,False,31
auxiliar de farmacia para conchalí y…,"farmacia nueva real, santiago",Presencial,Full time,Data / BI,No especificado,False,False,104
auxiliar de farmacia para copiapó (reemplazo lm),empresa destacada,Presencial,Full time,Data / BI,No especificado,False,False,31
auxiliar de farmacia para las condes,empresa destacada,Presencial,Full time,Data / BI,No especificado,False,False,31
auxiliar de farmacia para lo barnechea,empresa destacada,Presencial,Full time,Data / BI,No especificado,False,False,31
auxiliar de farmacia para ovalle,empresa destacada,Presencial,Full time,Data / BI,No especificado,False,False,31
auxiliar de farmacia- rm,empresa destacada,Presencial,Full time,Salud,No especificado,False,False,31
auxiliar de farmacias - la reina,empresa destacada,Presencial,Full time,Salud,No especificado,False,False,31
auxiliar de farmacias - peñalolen,empresa destacada,Presencial,Full time,Salud,No especificado,False,False,31
auxiliar de mantenimiento,empresa destacada,Presencial,Full time,Otros,No especificado,False,False,36
auxiliar de operaciones jr,no especificada,Presencial,Full time,Otros,No especificado,False,False,24
auxiliar de producción (san pedro de la paz),empresa destacada,Presencial,Full time,Otros,No especificado,False,False,33
auxiliar de bodega,aliservice,Presencial,Full time,Otros,No especificado,False,False,99
auxiliar de farmacia calama,empresa destacada,Presencial,Full time,Data / BI,No especificado,False,False,31
auxiliar de farmacia part time 30 hrs ovallle,peoplego,Presencial,Part time,Data / BI,No especificado,False,False,308
auxiliar de jardinería y mantención- paine,corp educacional de la soc nacional de agric - sna educa,Presencial,Otro,Otros,No especificado,False,False,189
"auxiliar de servicios generales, vitacura","euskotec limitada, santiago",Presencial,Full time,Otros,No especificado,False,False,85
aviso ingeniero unidad soporte y mantención,aviso ingeniero unidad soporte y mantención,Remoto,Full time,Otros,No especificado,True,True,143
aviso de práctica profesional – ingeniería,aviso de práctica profesional – ingeniería,Presencial,Full time,Otros,No especificado,False,False,153
ayudante de cocina avanzado,las campanas observatory,Presencial,Full time,Otros,No especificado,False,False,127
ayudante de bodega - pudahuel,"confidencial, santiago",Presencial,Full time,Otros,No especificado,False,False,91
ayudante de bodega,"prestigioso restaurant sector oriente, santiago",Presencial,Full time,Otros,No especificado,False,False,97
ayudante de chofer $600.000 lunes a viernes + bus de acercamiento,ayudante de chofer $600.000 lunes a viernes + bus de acercamiento,Presencial,Full time,Otros,No especificado,False,False,138
ayudante de cocina avanzado,las campanas observatory,Presencial,Full time,Otros,No especificado,False,False,127
ayudante de cocina en restaurante,"https://esquites.cl/, santiago",Presencial,Full time,Otros,No especificado,False,False,106
ayudante de heladería-cafetería / part time,"comercial gb ltda, santiago",Presencial,Part time,TI General,No especificado,False,False,91
ayudante de mantenimiento industrial,empresa destacada,Presencial,Full time,Otros,No especificado,False,False,36
ayudante de oficina técnica,"confidencial, santiago",Presencial,Full time,Otros,No especificado,False,False,95
ayudante de bodega con licencia clase…,"molychile, santiago",Presencial,Full time,Data / BI,No especificado,False,False,90
ayudante de cocina/ cocinero-a,"restaurante, valparaíso",Presencial,Full time,Otros,No especificado,False,False,88
ayudante de produccion,empresa destacada,Presencial,Full time,Otros,No especificado,False,False,33
ayudante de servicio técnico computacional,ayudante de servicio técnico computacional,Presencial,Full time,Otros,No especificado,False,False,137
ayudante en administración de flota de vehículos,ayudante en administración de flota de vehículos,Presencial,Full time,Otros,No especificado,False,False,153
ayudante en mantenimiento,empresa destacada,Presencial,Full time,Otros,No especificado,False,False,36
ayudantes de cocina con experiencia,"hoteles y personas est, santiago",Presencial,Full time,Otros,No especificado,False,False,102
b2b sales lead,no especificada,Híbrido,Full time,Otros,Senior,False,False,24
bi power bi,no especificada,Híbrido,Full time,Data / BI,No especificado,True,False,24
bodeguero/vendedor,"andesland, santiago",Presencial,Full time,Otros,No especificado,False,False,104
buscamos ayudantes de cocina,"casa vitalis, santiago",Presencial,Full time,Otros,No especificado,False,False,102
buscamos jovenes vendedores con o sin…,"activa group, santiago",Presencial,Full time,Otros,No especificado,False,False,86
back office para la región metropolitana,back office para la región metropolitana,Presencial,Full time,Otros,No especificado,False,False,153
banco de talentos - titulados/as - l'oréal chile,l'oréal,Híbrido,Full time,TI General,No especificado,False,False,198
banco de talento entry level,empresa destacada,Remoto,Full time,Recursos Humanos,No especificado,False,True,28
banco de talentos - práctica huawei,huawei,Presencial,Full time,Recursos Humanos,No especificado,False,False,201
barista,"cafetería de especialidad, rancagua",Presencial,Part time,Otros,No especificado,False,False,93
"base de datos reemplazo asistente de párvulos, comuna de peñalolén.",fundación integra,Presencial,Otro,Otros,No especificado,True,False,173
base de datos reemplazo educador/a de párvulos jornada habitual / comuna de peñalolén,fundación integra,Presencial,Otro,Otros,No especificado,True,False,191
"base de datos, asistente tardes de juego en mi jardín, ji clavelito, comuna de hijuelas, región de v",fundación integra,Presencial,Otro,Otros,No especificado,True,False,197
"base de datos, asistente de tardes de juego, ji rinconcito, comuna de rinconada, región de valparaís",fundación integra,Presencial,Otro,Otros,No especificado,True,False,197
"beca universitaria para estudiantes de ingeniería comercial, administración de empresas, marketing","beca universitaria para estudiantes de ingeniería comercial, administración de empresas, marketing",Presencial,Full time,Data / BI,No especificado,False,False,153
beca: santander future talents 🚀 tu primer paso al mundo laboral,santander chile,No especificada,Full time,Otros,No especificado,False,False,197
becario administración proveedores (h/m) - contrato prácticas,ferrero international s.a.,Presencial,Full time,Otros,No especificado,False,False,153
becario de administración de personal,no especificada,Presencial,Otro,Otros,No especificado,False,False,24
becario/a en administración de proveedores (sap/office),ferrero international s.a.,Presencial,Full time,Otros,No especificado,True,False,153
big data & reporting lead,no especificada,Remoto,Full time,Data / BI,Senior,True,True,24
bodeguero (a) con o sin experiencia para farmacias la serena,cruz verde,Presencial,Otro,Data / BI,No especificado,False,False,131
"bodeguero junior- la granja, santiago","confidencial, santiago",Presencial,Full time,Otros,Junior,False,False,94
"bodeguero operador grúa horquilla, coquimbo",team work recursos humanos ltda.,Presencial,Otro,Otros,No especificado,False,False,338
bodeguero logistico,empresa destacada,Presencial,Full time,Otros,No especificado,False,False,32
bodeguero para centro de distribución en punta arenas,bodeguero para centro de distribución en punta arenas,Presencial,Full time,Otros,No especificado,False,False,153
bodeguero(a),masas gigi spa,Presencial,Full time,Otros,No especificado,False,False,87
bodeguero/a proactivo: gestión de inventarios,masas gigi spa,Presencial,Full time,Ventas / Comercial,No especificado,False,False,153
bodeguero,"rh soluziona, santiago",Presencial,Full time,Otros,No especificado,False,False,106
bomberos (as) de estacion de servicios,esmax filial de aramco en chile,Presencial,Full time,Otros,No especificado,False,False,153
broker industrial (santiago),validate talent,Presencial,Full time,Otros,No especificado,False,False,118
broker industrial: lidera arriendos y ventas industriales,validate talent,Presencial,Full time,Ventas / Comercial,No especificado,False,False,153
broker inmobiliario - valparaíso,mutual de seguros de chile,Presencial,Otro,Otros,No especificado,False,False,153
buscamos asistente administrativa/o,"la koka, santiago",Presencial,Full time,Otros,No especificado,False,False,94
buscamos practicante recursos humanos,empresa destacada,Presencial,Full time,Recursos Humanos,Junior,False,False,39
buscamos relacionador comercial en la serena,clent,Presencial,Full time,Ventas / Comercial,No especificado,False,False,142
buscamos vendedor/a freelance – área comercial…,"confidencial, santiago",Presencial,Full time,Ventas / Comercial,No especificado,False,False,99
buscamos un jefe de proyecto ti,buscamos un jefe de proyecto ti,Presencial,Full time,TI General,Senior,False,False,124
busco administrativo,empresa destacada,Presencial,Full time,Otros,No especificado,False,False,37
busco ejecutivos de venta para isapre…,"colmena, santiago",Presencial,Full time,Ventas / Comercial,No especificado,True,False,101
busco secretaria administrativa,"altura hipotecaria, santiago",Presencial,Full time,Data / BI,No especificado,False,False,104
business analyst (backlog y requerimientos),no especificada,Híbrido,Full time,Otros,No especificado,False,False,24
business analyst (proyecto),no especificada,Híbrido,Full time,Otros,No especificado,False,False,24
business analyst junior,no especificada,Híbrido,Full time,Otros,Junior,False,False,24
business analyst product owner,no especificada,Híbrido,Full time,Otros,No especificado,False,False,24
business analyst – digital analytics & bi,no especificada,Híbrido,Full time,Otros,No especificado,True,False,24
business analyst – retail media,no especificada,Remoto,Freelance,Otros,No especificado,False,True,24
business analyst,no especificada,Híbrido,Full time,Otros,No especificado,False,False,24
business development associate aws,no especificada,Remoto,Full time,DevOps / Cloud,No especificado,True,True,24
business development manager (outsourcing y soluciones ti),no especificada,Híbrido,Full time,Desarrollo / Dev,No especificado,True,False,24
business development representative,no especificada,Remoto,Full time,Desarrollo / Dev,No especificado,True,True,24
cargo servicio atencion al cliente temuco,empresa destacada,Presencial,Full time,Otros,No especificado,False,False,42
cargo servicio atencion al cliente vicuña,empresa destacada,Presencial,Full time,Otros,No especificado,False,False,42
conductor operador,"cyc servicios limitada, santiago",Presencial,Full time,Otros,No especificado,False,False,108
conductor,"geobarra, rancagua",Presencial,Full time,Otros,No especificado,False,False,101
contador general,"holding multimarcas, concepción",Presencial,Full time,Otros,No especificado,False,False,105
contador general,"rojo y asociados -.., santiago",Presencial,Full time,Otros,No especificado,False,False,92
controller financiero gastronómico,"global group · grupo.., santiago",Presencial,Full time,Otros,No especificado,False,False,113
coordinador de atención al cliente -…,"teslo spa, santiago",Presencial,Full time,Otros,Senior,False,False,101
coordinador de transporte,"buses jm, los andes",Presencial,Full time,Otros,Senior,False,False,103
coordinadora comercial grandes clientes,"comercial hq orbis, santiago",Presencial,Full time,Ventas / Comercial,Senior,False,False,117
cajera nocturna bilingüe – vitacura,"empresa confidencial, santiago",Presencial,Full time,Otros,No especificado,False,False,88
cajero - administrativo part time huechuraba,san dámaso,Presencial,Part time,TI General,No especificado,False,False,149
cajero - administrativo part time la calera,san dámaso,Presencial,Part time,TI General,No especificado,False,False,145
cajero - administrativo part time santa rosa,san dámaso,Presencial,Part time,TI General,No especificado,False,False,151
cajero b externo / algarrobo,cajero b externo / algarrobo,Presencial,Full time,Otros,No especificado,False,False,110
cajero b externo / copiapo,cajero b externo / copiapo,Presencial,Full time,Otros,No especificado,False,False,126
cajero bancario coquimbo,adecco,Presencial,Otro,Otros,No especificado,False,False,105
cajero externo b / angol,cajero externo b / angol,Presencial,Full time,Otros,No especificado,False,False,84
cajero externo b / coquimbo,cajero externo b / coquimbo,Presencial,Full time,Otros,No especificado,False,False,89
cajero externo b / la serena,cajero externo b / la serena,Presencial,Full time,Otros,No especificado,False,False,91
cajero externo b / linares,cajero externo b / linares,Presencial,Full time,Otros,No especificado,False,False,84
cajero externo b / natales,cajero externo b / natales,Presencial,Full time,Otros,No especificado,False,False,109
cajero externo b / osorno,cajero externo b / osorno,Presencial,Full time,Otros,No especificado,False,False,86
cajero externo b / pitrufquen,cajero externo b / pitrufquen,Presencial,Full time,Otros,No especificado,False,False,94
cajero externo b / punta arenas,cajero externo b / punta arenas,Presencial,Full time,Otros,No especificado,False,False,119
cajero externo b / rancagua,cajero externo b / rancagua,Presencial,Full time,Otros,No especificado,False,False,104
cajero externo b / san antonio,cajero externo b / san antonio,Presencial,Full time,Otros,No especificado,False,False,133
cajero externo b / temuco,cajero externo b / temuco,Presencial,Full time,Otros,No especificado,False,False,86
cajero externo b / traiguén,cajero externo b / traiguén,Presencial,Full time,Otros,No especificado,False,False,96
cajero externo b / valparaiso,cajero externo b / valparaiso,Presencial,Full time,Otros,No especificado,False,False,131
cajero externo b,cajero externo b,Presencial,Full time,Otros,No especificado,False,False,92
cajero inspector,vaala group s.a,Presencial,Full time,Otros,No especificado,False,False,102
cajero logístico: gestión de caja y cobranzas,ariztía,Presencial,Full time,Otros,No especificado,False,False,146
"cajero recepcionista, proyecto nieve 2026 - clínica san carlos",uc christus salud,Presencial,Otro,Otros,No especificado,False,False,178
cajero servicio clientes rm,banco crédito e inversiones,Presencial,Otro,Otros,No especificado,False,False,145
cajero externo b / calama,cajero externo b / calama,Presencial,Full time,Otros,No especificado,False,False,147
cajero(a) (la serena),coopeuch,Presencial,Full time,Otros,No especificado,False,False,99
cajero/a - la serena,ideal,Presencial,Full time,Otros,No especificado,False,False,94
"cajero/a bancario, ft 40 hrs, alto las condes",banco falabella,Presencial,Otro,Otros,No especificado,False,False,132
"cajero/a bancario,full time, la serena mall",banco falabella,Presencial,Full time,TI General,No especificado,False,False,150
cajero/a la serena - reemplazo,ariztía,Presencial,Full time,Otros,No especificado,False,False,116
cajero/a logístico la serena - reemplazo,ariztía,Presencial,Full time,Otros,No especificado,False,False,136
cajero/a administrativo full time - mall marina (viña del mar),colchones rosen saic,Presencial,Full time,TI General,No especificado,False,False,164
cajero/a externo certificado región antofagasta,cajero/a externo certificado región antofagasta,Presencial,Full time,Otros,No especificado,False,False,115
cajero/a externo certificado región arica y parinacota,cajero/a externo certificado región arica y parinacota,Presencial,Full time,Otros,No especificado,False,False,123
cajero/a externo certificado región de atacama,cajero/a externo certificado región de atacama,Presencial,Full time,Otros,No especificado,False,False,106
cajero/a externo certificado región de coquimbo,cajero/a externo certificado región de coquimbo,Presencial,Full time,Otros,No especificado,False,False,110
cajero/a externo certificado región de tarapacá,cajero/a externo certificado región de tarapacá,Presencial,Full time,Otros,No especificado,False,False,114
cajero/a y administrador/a de inventarios — desarrollo,ideal,Presencial,Full time,Ventas / Comercial,No especificado,False,False,153
cajeros/as - encargado/as de local la…,"sushiban, santiago",Presencial,Full time,Otros,No especificado,False,False,91
callcenter / ejecutivo comercial,"europa secreta, santiago",Presencial,Full time,Ventas / Comercial,No especificado,False,False,97
campaing analyst,campaing analyst,Remoto,Full time,Otros,No especificado,False,True,139
campus brand ambassador & events lead,red bull,Presencial,Full time,Otros,Senior,False,False,131
campus brand ambassador: marketing y ventas,red bull,Presencial,Full time,Ventas / Comercial,No especificado,False,False,136
capacitador(a) ventas - área retail /…,"sei - retail, santiago",Presencial,Full time,Ventas / Comercial,No especificado,False,False,93
capataz muestrera (valle copiapo),sgs,Presencial,Full time,Otros,No especificado,False,False,118
captador para reconocida marca de café,touch latam chile,Presencial,Full time,Otros,No especificado,False,False,142
"captador de clientes - zapatería | 42h/sem, bono",touch latam chile,Presencial,Full time,Otros,No especificado,False,False,153
captador de clientes - zapatería | full time + bono,touch lima s.a.c.,Presencial,Full time,TI General,No especificado,False,False,153
captador de donaciones: crea impacto y alianzas duraderas,fundación las rosas,Presencial,Full time,Otros,No especificado,False,False,153
captador en zapateria la serena,touch latam chile,Presencial,Full time,Data / BI,No especificado,False,False,128
captador en zapateria la serena,touch lima s.a.c.,Presencial,Full time,Data / BI,No especificado,False,False,128
captador para campaña de zapatillas temporada escolar (la serena),touch lima,Presencial,Full time,Otros,No especificado,False,False,153
captador para seguros,empresa destacada,Presencial,Full time,Otros,No especificado,True,False,30
captador/a para marca de teléfono la serena,touch latam chile,Presencial,Full time,Otros,No especificado,False,False,152
captador/a de clientes - ventas en tienda 30h con comisiones,cencosud scotiabank,Presencial,Full time,TI General,No especificado,False,False,153
captador/a de clientes 30 hrs semanales pt/ paris la serena,cencosud scotiabank,Presencial,Full time,Otros,No especificado,False,False,153
cargos área de administración,empresa del rubro de la construcción,Presencial,Full time,Otros,No especificado,False,False,134
category manager textil - colina (híbrido),colchones rosen saic,Híbrido,Otro,Otros,No especificado,False,False,152
chofer ayudante transporte de gas calama,empresa destacada,Presencial,Full time,Otros,No especificado,False,False,33
clases particulares ed. básica domiciliarias lu…,"particular, concepción",Presencial,Full time,Otros,No especificado,False,False,76
cloud noc engineer,no especificada,Remoto,Full time,DevOps / Cloud,No especificado,True,True,24
cocinero/a,"black chicken, santiago",Presencial,Full time,Otros,No especificado,False,False,102
cocineros sector oriente,"margó - nelí, santiago",Presencial,Full time,Otros,No especificado,False,False,89
colegio necesita contratar encargado de fotocopiadora,"colegio en quilpué, quilpué",Presencial,Full time,Otros,No especificado,False,False,81
comercio exterior,empresa destacada,Presencial,Full time,Otros,No especificado,False,False,40
comienza tu carrera inmobiliaria con re/max la marca n*1,remax,Presencial,Otro,Data / BI,No especificado,False,False,154
commercial and business development trainee ⛴️🏗️,hanseatic global terminals latin america,Híbrido,Full time,Desarrollo / Dev,Junior,True,False,192
community manager/diseñador/marketing digital,grupo premium propiedades,Presencial,Otro,Otros,No especificado,True,False,173
comprador comercial,kiosclub,Presencial,Full time,Ventas / Comercial,No especificado,False,False,189
comprador senior de tecnología,empresa destacada,Presencial,Full time,Otros,Senior,True,False,33
comprador técnico área informática (maipo),carozzi,Presencial,Full time,Otros,No especificado,True,False,130
"concurso mixto profesional cobertura, programa (la serena)",oficinas regionales,Presencial,Full time,Otros,No especificado,True,False,153
conductor camion capacho licencia a4 buin,"sece agencia en chile, santiago",Presencial,Full time,Data / BI,No especificado,False,False,91
conductor profesional - iquique,surglobal transporte ltda,Presencial,Otro,Otros,No especificado,False,False,127
conductor profesional a4,"vinara transportes, iquique",Presencial,Full time,Otros,No especificado,False,False,85
conductor profesional a5,"vinara transportes, iquique",Presencial,Full time,Otros,No especificado,False,False,85
conductor profesional para servicios de transporte,empresa destacada,Presencial,Full time,Otros,No especificado,False,False,33
conductor region de coquimbo (la serena),renta car,Presencial,Full time,Otros,No especificado,False,False,138
conductor profesional transporte privado pasajeros // licencia a3,randstad chile s.a.,Presencial,Otro,Data / BI,No especificado,False,False,184
conductor/a regional para dirección y finanzas,junta nacional de jardines infantiles,Presencial,Full time,Otros,No especificado,False,False,153
"conductor/a para dirección regional, comuna de la serena, región de coquimbo",junta nacional de jardines infantiles,Presencial,Full time,Otros,No especificado,False,False,153
conductores – servicio de administración y operación bodega minería,conductores – servicio de administración y operación bodega minería,Presencial,Full time,Otros,No especificado,False,False,144
conductores: licencia a5,"confidencial, santiago",Presencial,Full time,Data / BI,No especificado,False,False,86
conserje edificio,fill-lif,Presencial,Full time,Otros,No especificado,False,False,89
conserje,"clínica oftalmológica pasteur, santiago",Presencial,Full time,Otros,No especificado,False,False,103
consreje edificio,fill-lif,Presencial,Full time,DevOps / Cloud,No especificado,True,False,89
constructor civil - la serena,corporación administrativa del poder judicial,Presencial,Full time,Ingenieria Civil,No especificado,False,False,152
consultor as/400,no especificada,Híbrido,Full time,Otros,No especificado,False,False,24
consultor funcional / técnico crm salesforce,no especificada,Híbrido,Full time,Otros,No especificado,False,False,24
consultor funcional ti (perfil jr) - remoto,atcom,Remoto,Full time,TI General,No especificado,True,True,140
consultor ia generativa – power platform y azure,consultor ia generativa – power platform y azure,Remoto,Full time,Data / BI,No especificado,True,True,153
consultor sap co / fico (4 meses),consultor sap co / fico (4 meses),Remoto,Full time,Otros,No especificado,True,True,145
consultor sap co,consultor sap co,Remoto,Full time,Otros,No especificado,True,True,128
consultor sap fi ssr,no especificada,Híbrido,Full time,Otros,No especificado,True,False,24
consultor sap is u con portugués avanzado,consultor sap is u con portugués avanzado,Remoto,Full time,Otros,No especificado,True,True,115
consultor sap mm senior,no especificada,Híbrido,Full time,Otros,Senior,True,False,24
consultor sap mm,no especificada,Presencial,Full time,Otros,No especificado,True,False,24
consultor sap pp,no especificada,Presencial,Freelance,Otros,No especificado,True,False,24
consultor sap scm,no especificada,Híbrido,Full time,Otros,No especificado,True,False,24
consultor senior oracle fusion cloud erp financials,kpmg auditores consultores ltda.,Presencial,Full time,DevOps / Cloud,Senior,True,False,153
consultor senior salesforce billing bilingüe,no especificada,Remoto,Freelance,Otros,Senior,False,True,24
consultor senior en logística internacional y…,"sli consultores, santiago",Presencial,Full time,Otros,Senior,False,False,90
consultor de recursos humanos senior / con experiencia en consultoras,consultor de recursos humanos senior / con experiencia en consultoras,Remoto,Full time,Data / BI,Senior,False,True,153
consultor de recursos humanos en terreno / con experiencia en consultoras,consultor de recursos humanos en terreno / con experiencia en consultoras,Remoto,Full time,Data / BI,No especificado,False,True,153
consultor de ventas automotriz - la serena,empresa confidencial,Presencial,Otro,Ventas / Comercial,No especificado,False,False,129
consultor de ventas automotriz (la serena),people go,Presencial,Full time,Ventas / Comercial,No especificado,False,False,135
consultor/a experto minería ep043,j.e.j. ingeniería s.a,Presencial,Otro,Otros,No especificado,False,False,143
consultor/a de gestión del cambio. proyecto,consultor/a de gestión del cambio. proyecto,Presencial,Full time,Otros,No especificado,False,False,151
consultores comerciales freelance en todo chile,"bdt consultores ltda, santiago",Presencial,Full time,Ventas / Comercial,No especificado,False,False,101
contador (a) auditor,sogal spa,Presencial,Full time,Otros,No especificado,False,False,104
contador asistente,empresa confidencial,Presencial,Otro,Otros,No especificado,False,False,133
contador auditor senior,flow up,Presencial,Otro,Otros,Senior,False,False,105
contador auditor o general,olivares & asociados,Presencial,Otro,Otros,No especificado,False,False,131
contador auditor – área tributaria empresa…,"grupo rh, santiago",Presencial,Full time,Data / BI,No especificado,False,False,107
contador auditor,"bsch, santiago",Presencial,Full time,Otros,No especificado,False,False,120
contador auditor,panadería camila,Presencial,Otro,Otros,No especificado,False,False,126
contador general - vitacura,randstad chile s.a.,Presencial,Otro,Otros,No especificado,False,False,141
contador general o financiero – santiago…,"sart seguridad., santiago",Presencial,Full time,Otros,No especificado,False,False,100
contador general,empresa confidencial,Presencial,Otro,Otros,No especificado,False,False,105
contador general,randstad chile s.a.,Presencial,Otro,Otros,No especificado,False,False,122
contador público,no especificada,Remoto,Full time,Otros,No especificado,False,True,24
contador cartera clientes,pryor consulting chile sa,Presencial,Otro,Otros,No especificado,False,False,155
contador para controller - sector industrial iquique,hrgrowin,Presencial,Otro,Otros,No especificado,False,False,131
contador/auditor líder en administración hotelera,profile consulting,Presencial,Full time,Otros,No especificado,False,False,142
contador/a general - pedro aguirre cerda,"support consulting, santiago",Presencial,Full time,Otros,No especificado,False,False,82
contador,f j c auditores asociados,Presencial,Full time,Otros,No especificado,False,False,94
contador,la previa criolla,Presencial,Full time,Otros,No especificado,False,False,80
content strategist (creative & brand) dtc,no especificada,Remoto,Full time,Otros,No especificado,False,True,24
contralor estratégico: control interno y finanzas,tigo venezuela,Presencial,Full time,Otros,Junior,False,False,153
control documental – servicio de administración y operación bodega minería,control documental – servicio de administración y operación bodega minería,Presencial,Full time,Otros,No especificado,False,False,145
control ventas (la serena),newrest chile,Presencial,Full time,Ventas / Comercial,No especificado,False,False,107
controlador de ventas (la serena),newrest chile,Presencial,Full time,Ventas / Comercial,No especificado,False,False,128
controlador de ventas y créditos - contrato,newrest chile,Presencial,Full time,Ventas / Comercial,No especificado,False,False,148
controller banco wholesale,empresa destacada,Híbrido,Full time,Otros,No especificado,False,False,28
controller financiero con conocimientos contables,nosotros,Presencial,Full time,Otros,No especificado,False,False,149
controller ti,no especificada,Híbrido,Full time,TI General,No especificado,False,False,24
conversion rate analyst,no especificada,Remoto,Full time,Otros,No especificado,False,True,24
coordinacion de proyectos,"servicios de ingeniería y.., santiago",Presencial,Full time,Otros,No especificado,False,False,106
"coordinador (a) de compensaciones, administración, nómina y bienestar",pinturas tricolor,Presencial,Full time,Otros,Senior,False,False,153
coordinador analista para la unidad de finanzas y contabilidad,empresa destacada,Presencial,Full time,Otros,Senior,False,False,35
coordinador bim - proyectos mineros - rm,flesan minería,Presencial,Otro,Otros,Senior,False,False,145
coordinador bi,coordinador bi,Presencial,Full time,Otros,Senior,False,False,104
coordinador ejecutivos seguros,empresa destacada,Presencial,Full time,Otros,Senior,True,False,30
coordinador general (la serena),tuv rheinland chile s a,Presencial,Full time,Otros,Senior,False,False,134
coordinador general - iv y v región (la serena),tuv rheinland chile s a,Presencial,Full time,Otros,Senior,False,False,153
coordinador logística,empresa destacada,Presencial,Full time,Otros,Senior,False,False,32
coordinador regional de cobertura proyecto verano 2025,oficinas regionales,Presencial,Full time,Otros,Senior,False,False,153
coordinador de administración comercial (santiago),metecno,Presencial,Full time,Ventas / Comercial,Senior,False,False,139
coordinador de administración,importante empresa,Presencial,Full time,Otros,Senior,False,False,108
coordinador de construcción / control de documentos,"concepción, biobío",Presencial,Otro,Otros,Senior,False,False,134
coordinador de contrato administrativo ( seguridad),"growing, santiago",Presencial,Full time,Otros,Senior,True,False,105
coordinador de finanzas regional,"labora, santiago",Presencial,Full time,Otros,Senior,False,False,101
coordinador de mesa de ayuda ti,confidencial,Híbrido,Full time,TI General,Senior,False,False,24
coordinador de operaciones y logística,"dalmata, santiago",Presencial,Full time,Otros,Senior,False,False,95
coordinador de prevencion de riesgos - la serena,incongnito,Presencial,Full time,Otros,Senior,False,False,153
coordinador de transporte / ikea / pudahuel,coordinador de transporte / ikea / pudahuel,Presencial,Full time,Otros,Senior,False,False,127
coordinador de prevención de riesgos la serena,adecco chile,Presencial,Full time,Otros,Senior,False,False,153
coordinador de transporte de materias primas - coronel-22993,empresa destacada,Presencial,Full time,Otros,Senior,False,False,33
coordinador de transporte y distribución,empresa destacada,Presencial,Full time,Otros,Senior,False,False,33
coordinador de ventas y facturación / huechuraba,coordinador de ventas y facturación / huechuraba,Presencial,Full time,Ventas / Comercial,Senior,False,False,142
coordinador del programa académico actualización del cuerpo académico en fid uls25991,energia,Presencial,Full time,Otros,Senior,True,False,153
coordinador(a) académico(a) - reemplazo pre y post natal,fundación cámara chilena de la construcción,Presencial,Otro,Otros,Senior,False,False,201
coordinador(a) administrativo,empresa destacada,Presencial,Full time,Otros,Senior,False,False,37
coordinador(a) de eventos,empresa,Presencial,Full time,Otros,Senior,False,False,106
"coordinador(a) de formación docente, jornada de 34 horas, ip-cft sede ovalle (oferta inclusiva)",corporación instituto profesional santo tomás,Presencial,Otro,Educacion,Senior,False,False,207
coordinador(a) de ingeniería subestaciones eléctricas alta…,"táctica consultores, santiago",Presencial,Full time,Otros,Senior,False,False,101
coordinador(a) de laboratorio – informática,coordinador(a) de laboratorio – informática,Presencial,Full time,Otros,Senior,True,False,149
coordinador(a) de laboratorio – informática,empresa destacada,Presencial,Full time,Otros,Senior,True,False,34
coordinador(a) de ventas,empresa destacada,Presencial,Full time,Ventas / Comercial,Senior,False,False,29
coordinador/a de logística y administración de stocks,veolia,Presencial,Full time,Otros,Senior,False,False,144
coordinador/a de producción de material pop,no especificada,Remoto,Full time,Otros,Senior,False,True,24
coordinador/a de proyectos - rubro construcción,constructora calán,Presencial,Otro,Otros,Senior,False,False,176
coordinador/a de proyectos pmo operativo,no especificada,Híbrido,Freelance,Otros,Senior,False,False,24
coordinador/a de recursos humanos (pc partner),empresa destacada,Presencial,Full time,Recursos Humanos,Senior,False,False,39
coordinador/a de salud ocupacional y medio…,"ecs spa, antofagasta",Presencial,Full time,Salud,Senior,False,False,103
coordinador/ra de logística minería sucursal komatsu lo boza,empresa destacada,Presencial,Full time,Otros,Senior,False,False,30
coordinadora utp,"colegio abriendo caminos, valparaíso",Presencial,Full time,Otros,Senior,False,False,122
coordinadora de personas y administración de talento,paleo andes ltda.,Presencial,Full time,Recursos Humanos,Senior,False,False,151
coordinador,"novamedical chile, santiago",Presencial,Full time,Otros,Senior,False,False,104
corporate pricing strategy leader,no especificada,Híbrido,Full time,Otros,Senior,False,False,24
cotizaciones para desmalezar terreno de 51000 m2,cronoshare.cl,Presencial,Full time,Otros,No especificado,False,False,153
country manager,country manager,Remoto,Full time,Otros,No especificado,False,True,125
creador de contenido audiovisual y redes…,"blancodent, valparaíso",Presencial,Full time,Otros,No especificado,True,False,105
creadores y analistas de sistemas informáticos,dumas spa,Presencial,Full time,TI General,No especificado,True,False,135
creative web designer & content creator (diseñador gráfico web),socadin,Híbrido,Full time,Otros,No especificado,False,False,24
"cuidadores para mayor dependiente para higiene personal, compañía, paseos y actividades",cronoshare.cl,Presencial,Full time,Otros,No especificado,False,False,153
customer & it support n1 turno nocturno,no especificada,Híbrido,Full time,TI General,No especificado,False,False,24
customer insights specialist,no especificada,Presencial,Full time,Otros,No especificado,False,False,24
customer success executive,no especificada,Híbrido,Full time,Otros,No especificado,False,False,24
customer success intern,wherex,Híbrido,Full time,Otros,Junior,False,False,203
customer success manager,no especificada,Híbrido,Full time,Otros,No especificado,False,False,24
customer success manager,no especificada,Remoto,Full time,Otros,No especificado,False,True,24
customer success specialist,no especificada,Híbrido,Full time,Otros,No especificado,False,False,24
dba oracle senior (inglés avanzado),confidencial,Presencial,Full time,Otros,Senior,False,False,129
dba sql server – performance y optimización,dba sql server – performance y optimización,Presencial,Full time,Otros,No especificado,False,False,153
despachador de carga calama,"integrhal consultores, calama",Presencial,Full time,Otros,No especificado,False,False,100
diseñador web & especialista en marketing…,"panificadora marcelo, santiago",Presencial,Full time,Otros,No especificado,False,False,79
docente de biología,empresa confidencial,Presencial,Otro,Educacion,No especificado,False,False,113
docente de matemática,empresa confidencial,Presencial,Otro,Educacion,No especificado,False,False,117
data analyst (azure + bi),no especificada,Remoto,Full time,Data / BI,No especificado,True,True,24
data analyst (proyecto),no especificada,Híbrido,Freelance,Data / BI,No especificado,True,False,24
data analyst / gcp,data analyst / gcp,Remoto,Full time,Data / BI,No especificado,True,True,153
data analyst y engineer support,bemaq spa,Presencial,Full time,Data / BI,No especificado,True,False,126
data analyst,no especificada,Híbrido,Full time,Data / BI,No especificado,True,False,24
data analyst,no especificada,Presencial,Full time,Data / BI,No especificado,True,False,24
data consultant,no especificada,Híbrido,Full time,Data / BI,No especificado,True,False,24
data engineer,no especificada,Híbrido,Freelance,Data / BI,No especificado,True,False,24
data engineer,no especificada,Híbrido,Full time,Data / BI,No especificado,True,False,24
data engineer,no especificada,Presencial,Full time,Data / BI,No especificado,True,False,24
data engineer,no especificada,Remoto,Full time,Data / BI,No especificado,True,True,24
data manager,no especificada,Híbrido,Full time,Data / BI,No especificado,True,False,24
data scientist / machine learning engineer,cyd tecnología,Presencial,Full time,Data / BI,No especificado,True,False,145
data scientist / machine learning engineer,no especificada,Híbrido,Full time,Data / BI,No especificado,True,False,24
data scientist,no especificada,Remoto,Full time,Data / BI,No especificado,True,True,24
data specialist,no especificada,Remoto,Full time,Data / BI,No especificado,True,True,24
delivery lead it – forecasting (dominio comercial),no especificada,Híbrido,Full time,Ventas / Comercial,Senior,False,False,24
dermoconsejero/a la serena 44hrs,activos chile,Presencial,Full time,Otros,No especificado,False,False,126
dermoconsultor/a en farmacia - ventas y asesoría,activos chile,Presencial,Full time,Data / BI,No especificado,False,False,151
dermoconsultora la serena - plan verano,farmacias ahumada,Presencial,Full time,Otros,No especificado,False,False,144
desarrollador .net,desarrollador .net,Remoto,Full time,Otros,No especificado,True,True,125
desarrollador back-end / full-stack (proyecto early stage),no especificada,Remoto,Freelance,Otros,No especificado,True,True,24
desarrollador backend (java – spring boot),desarrollador backend (java – spring boot),Remoto,Full time,Desarrollo / Dev,No especificado,True,True,151
desarrollador front-end mid,no especificada,Presencial,Full time,Otros,Semi-Senior,True,False,24
desarrollador frontend mobile react senior,desarrollador frontend mobile react senior,Remoto,Full time,Desarrollo / Dev,Senior,True,True,153
desarrollador full stack .net / ingeniero informático,applicant,Presencial,Full time,Otros,No especificado,True,False,150
desarrollador full stack net rubro seguros,desarrollador full stack net rubro seguros,Remoto,Full time,Otros,No especificado,True,True,148
desarrollador fullstack,desarrollador fullstack,Remoto,Full time,Desarrollo / Dev,No especificado,True,True,150
desarrollador ios,desarrollador ios,Remoto,Full time,Otros,No especificado,True,True,153
desarrollador informatico,agencia espinosa,Presencial,Full time,TI General,No especificado,True,False,101
desarrollador informático,empresa destacada,Híbrido,Full time,Otros,No especificado,True,False,34
"desarrollador java j2ee, springboot y poo","desarrollador java j2ee, springboot y poo",Remoto,Full time,Desarrollo / Dev,No especificado,True,True,153
desarrollador java react,desarrollador java react,Remoto,Full time,Desarrollo / Dev,No especificado,True,True,128
desarrollador mobile android nativo,desarrollador mobile android nativo,Presencial,Full time,Otros,No especificado,True,False,149
desarrollador web & especialista en e-commerce…,"green cup spa, santiago",Presencial,Full time,Otros,No especificado,True,False,101
desarrollador web jr – inclusión laboral,desarrollador web jr – inclusión laboral,Remoto,Full time,Otros,No especificado,True,True,153
desarrollador web senior (django) – apis y dashboards,tigo venezuela,Presencial,Full time,Otros,Senior,True,False,153
desarrollador android,desarrollador android,Remoto,Full time,Otros,No especificado,True,True,148
desarrollador de aplicaciones,desarrollador de aplicaciones,Remoto,Full time,Otros,No especificado,True,True,104
desarrollador de php/laravel,desarrollador de php/laravel,Presencial,Full time,Otros,No especificado,True,False,140
desarrollador de software,desarrollador de software,Presencial,Full time,Desarrollo / Dev,No especificado,True,False,86
desarrollador de software,no especificada,Híbrido,Otro,Desarrollo / Dev,No especificado,True,False,24
desarrollador(a) informático it — ingeniería en computación,confidencial,Presencial,Full time,Otros,No especificado,True,False,153
desarrollador(a) de automatizaciones e ia,no especificada,Remoto,Part time,Otros,No especificado,True,True,24
desarrollador/a front-end (angular + ia y sdd),no especificada,Remoto,Full time,Data / BI,No especificado,True,True,24
desarrollador/a python – ia,desarrollador/a python – ia,Remoto,Full time,Desarrollo / Dev,No especificado,True,True,153
desarrollador/a senior,no especificada,Remoto,Full time,Otros,Senior,True,True,24
desarrollador/a de integraciones inglés avanzado,no especificada,Remoto,Full time,Otros,No especificado,True,True,24
desarrolladores java / nodejs,desarrolladores java / nodejs,Remoto,Full time,Desarrollo / Dev,No especificado,True,True,151
desarrolladores y analistas de sistemas informáticos,acl (aplicaciones computacionales),Presencial,Full time,TI General,No especificado,True,False,153
desarrolladores y analistas de sistemas informáticos,pinto piga seeds s.a,Presencial,Full time,TI General,No especificado,True,False,153
despachador/a -sucursal la serena,ariztía,Presencial,Full time,Otros,No especificado,False,False,122
despachador/a de camiones - inventario y logística,ariztía,Presencial,Full time,Ventas / Comercial,No especificado,False,False,153
devops engineer / cloud engineer (latam),no especificada,Remoto,Freelance,DevOps / Cloud,No especificado,True,True,24
devops engineer,murex chile,Híbrido,Full time,DevOps / Cloud,No especificado,True,False,200
dibujante proyectista,"confidencial, santiago",Presencial,Full time,Otros,No especificado,False,False,95
dibujante técnico (autocad) – planos y…,"marval spa, copiapó",Presencial,Full time,Otros,No especificado,False,False,103
digital marketing manager,empresa destacada,Híbrido,Full time,Otros,No especificado,True,False,32
digital project manager sr (data),no especificada,Remoto,Full time,Data / BI,No especificado,True,True,24
director (a) de programa magister,universidad san sebastián,Presencial,Full time,Otros,No especificado,True,False,138
director escuela de tecnología,empresa destacada,Híbrido,Full time,Otros,No especificado,True,False,33
director financiero - cfo regional,empresa confidencial,Presencial,Otro,Otros,No especificado,False,False,156
director de administración y finanzas,michael page,Presencial,Full time,Otros,No especificado,False,False,112
director de educación virtual media jornada,empresa destacada,Presencial,Full time,Data / BI,No especificado,False,False,32
director de finanzas y administración — lidera estrategia,michael page,Presencial,Full time,Otros,No especificado,False,False,153
director de finanzas y administración,empresa de servicios,Presencial,Full time,Otros,No especificado,False,False,126
director de finanzas,"importante empresa, santiago",Presencial,Full time,Otros,No especificado,False,False,89
"director(a) de carrera ing. civil informática y sistemas inteligentes, jornada completa, sede concepción (oferta inclusiva)",universidad santo tomás,Presencial,Full time,TI General,No especificado,True,False,226
"director(a) de carrera ing. civil informática y sistemas inteligentes, media jornada, sede la serena (oferta inclusiva)",universidad santo tomás,Presencial,Part time,Data / BI,No especificado,True,False,222
director(a) de carrera en informática – lidera planificación,duoc uc,Presencial,Full time,Otros,No especificado,True,False,153
director(a) de tecnología senior presencial bogotá colombia,no especificada,Presencial,Full time,Otros,Senior,True,False,24
director(a) de carrera de la escuela de informática - sede maipú,duoc uc,Presencial,Full time,Otros,No especificado,True,False,153
director(a) del magíster en ciberseguridad,universidad san sebastián,Presencial,Full time,Otros,No especificado,True,False,153
diseñador audiovisual,kiosclub,Presencial,Full time,Otros,No especificado,False,False,189
diseñador creativo digital & content creator,no especificada,Híbrido,Full time,Otros,No especificado,True,False,24
diseñador digital marketing,no especificada,Híbrido,Full time,Otros,No especificado,True,False,24
diseñador grafico integral,"industrial y comercial omas.., santiago",Presencial,Full time,Otros,No especificado,False,False,112
diseñador grafico y contenido en redes,"len consultores, santiago",Presencial,Full time,Otros,No especificado,True,False,90
diseñador industrial / diseñador de ambientes / arquitecto,taller jorquera spa,Presencial,Otro,Otros,No especificado,False,False,156
diseñador instruccional senior plataformas e learning y lms,diseñador instruccional senior plataformas e learning y lms,Remoto,Full time,Otros,Senior,False,True,153
diseñador ux/ui,no especificada,Híbrido,Full time,Otros,No especificado,False,False,24
diseñador vestuario,"hc corp, santiago",Presencial,Full time,Otros,No especificado,False,False,95
diseñador de experiencia al cliente - personalización,banco falabella,Presencial,Full time,Data / BI,No especificado,False,False,153
diseñador de experiencia al cliente – personalización,banco falabella,Presencial,Full time,Data / BI,No especificado,False,False,153
diseñador de interiores,"mr joy, santiago",Presencial,Full time,Otros,No especificado,False,False,98
diseñador(a) gráfico,no especificada,Híbrido,Full time,Otros,No especificado,False,False,24
diseñador(a) de servicios y ux,no especificada,Presencial,Full time,Otros,No especificado,False,False,24
"diseñador/a experiencia cliente, ft 44 hrs, falabella la serena",banco falabella,Presencial,Full time,Data / BI,No especificado,False,False,153
"diseñador/a experiencia cliente, ft 44 hrs, falabella la serena",falabella la serena,Presencial,Full time,Data / BI,No especificado,False,False,153
diseñador/a gráfico & creador de contenido…,"panificadora marcelo, santiago",Presencial,Full time,Otros,No especificado,False,False,100
diseñador/a gráfico senior,no especificada,Remoto,Full time,Otros,Senior,False,True,24
diseñadora packaging regulado,empresa confidencial,Presencial,Otro,Otros,No especificado,False,False,139
diseñadores (coquimbo),guiñez ingenieria ltda,Presencial,Otro,Otros,No especificado,False,False,118
diseñadores civiles,empresa confidencial,Presencial,Otro,Ingenieria Civil,No especificado,False,False,117
diseñadores l033,cyd ingeniería ltda.,Presencial,Otro,Otros,No especificado,False,False,111
diseñadores de ingeniería civil - minería,"salamanca, coquimbo",Presencial,Otro,Ingenieria Civil,No especificado,False,False,126
diseñador,"capitalizarme, santiago",Presencial,Full time,Otros,No especificado,False,False,93
distribución con auto supermercado,"duum spa, santiago",Presencial,Full time,Otros,No especificado,False,False,103
docente educación física / 44 hrs / la pintana,colegio santo tomás,Presencial,Otro,Educacion,No especificado,False,False,158
docente escuela de informática y telecomunicaciones,duoc uc,Presencial,Full time,Educacion,No especificado,True,False,152
docente informática – cloud computing y base de datos – sede puerto montt – diurno y/o vespertino.,duoc uc,Presencial,Full time,DevOps / Cloud,No especificado,True,False,153
docente jornada parcial - escuela de ciencias sociales y educación,empresa destacada,Remoto,Full time,Educacion,No especificado,False,True,32
docente jornada parcial - escuela de tecnologías aplicadas,empresa destacada,Remoto,Full time,Educacion,No especificado,True,True,33
docente jornada parcial - minería,empresa destacada,Remoto,Full time,Educacion,No especificado,False,True,30
docente jornada parcial línea disciplinar educación - escuela de ciencias sociales y educación,empresa destacada,Remoto,Full time,Educacion,No especificado,False,True,32
docente religión / 30 hrs / puente alto,liceo nuestra señora de las mercedes,Presencial,Otro,Educacion,No especificado,False,False,170
docente de educación media - matemáticas,empresa destacada,Presencial,Full time,Data / BI,No especificado,False,False,32
docente de informática y telecomunicaciones - sede plaza vespucio,duoc uc,Presencial,Full time,Educacion,No especificado,True,False,153
docente de informática y telecomunicaciones – impacto,duoc uc,Presencial,Full time,Educacion,No especificado,True,False,153
docente de informática y telecomunicaciones: voip y redes,duoc uc,Presencial,Full time,Educacion,No especificado,True,False,153
docente de lenguaje - santo domingo (preuniversitario pedro de valdivia),preuniversitario pedro de valdivia ltda.,Presencial,Otro,Educacion,No especificado,False,False,193
docente de matemática - la serena reemplazo,preuniversitario pedro de valdivia ltda.,Presencial,Otro,Educacion,No especificado,False,False,154
docente de matemática - santo domingo (preuniversitario pedro de valdivia),preuniversitario pedro de valdivia ltda.,Presencial,Otro,Educacion,No especificado,False,False,197
docente en informática y telecomunicaciones (santiago),duoc uc,Presencial,Full time,Educacion,No especificado,True,False,150
docente en informática y telecomunicaciones - sede plaza vespucio,duoc uc,Presencial,Full time,Educacion,No especificado,True,False,153
docente para la carrera de psicología sede calama,empresa destacada,Presencial,Full time,Educacion,No especificado,False,False,33
docente para la carrera de psicología sede machalí,empresa destacada,Presencial,Full time,Educacion,No especificado,False,False,33
docente área informática y ciberseguridad - sede coyhaique,instituto nacional de capacitación profesional inacap,Presencial,Otro,Educacion,No especificado,True,False,180
"educador/a diferencial, reemplazo pre y post…","colegio montesol, quilpué",Presencial,Full time,Otros,No especificado,False,False,98
educador/a social jornada completa para pie…,"fundacion mi casa, cochrane",Presencial,Full time,Otros,No especificado,False,False,110
educadora de trato directo part time…,"fundacion mi casa, san felipe",Presencial,Part time,TI General,No especificado,False,False,95
educadora de trato directo part-time residencia…,"fundacion mi casa, santiago",Presencial,Full time,Otros,No especificado,False,False,83
ejecutico comercial mayorista,"7.537.401-1, concepción",Presencial,Full time,Ventas / Comercial,No especificado,False,False,109
ejecutiv@ comercial ti,grupo ps,Presencial,Full time,TI General,No especificado,False,False,99
"ejecutiva comercial institución financiera, para vicuña",cooperativa de ahorro y crédito valles de chile,Presencial,Full time,Ventas / Comercial,No especificado,False,False,153
ejecutivas(os) de ventas de villarrica,empresa destacada,Presencial,Full time,Ventas / Comercial,No especificado,False,False,29
ejecutivo (a) inversiones senior chilecoop,chilecoop,Presencial,Full time,Otros,Senior,False,False,142
ejecutivo comercial - iquique,"maf chile, iquique",Presencial,Full time,Ventas / Comercial,No especificado,False,False,93
ejecutivo comercial larense (insumos dentales),"larense, castro",Presencial,Full time,Ventas / Comercial,No especificado,False,False,118
ejecutivo comercio exterior concepción,empresa destacada,Presencial,Full time,Otros,No especificado,False,False,40
ejecutivo de ventas,empresa destacada,Presencial,Full time,Ventas / Comercial,No especificado,False,False,29
ejecutivo de venta,telecomunicaciones eirl,Presencial,Full time,Ventas / Comercial,No especificado,False,False,102
ejecutivo integral de seguros (corredora),"prismarh - especialistas en.., santiago",Presencial,Full time,Otros,No especificado,True,False,90
ejecutivo(a) de administración de capacitación elearning,emdstudio,Presencial,Full time,Otros,No especificado,False,False,153
ejecutivo(a) de ventas (la serena),importante empresa del sector,Presencial,Full time,Ventas / Comercial,No especificado,False,False,139
ejecutivo/a administracion personas - las condes,xinerlink - unidad minería,Presencial,Full time,Otros,No especificado,False,False,153
ejecutivo/a comercial la serena,empresa red salud s.a,Presencial,Full time,Ventas / Comercial,No especificado,False,False,132
empresa fruticola busca contratar supervisor de…,"agrícola maria pinto, melipilla",Presencial,Full time,Otros,No especificado,False,False,110
encargada peluqueria,"centro de belleza integral.., santiago",Presencial,Full time,Otros,No especificado,False,False,104
encargado /a personas,"confidencial, antofagasta",Presencial,Full time,Otros,No especificado,False,False,106
encargado de administración y finanzas,proyecta s.a.,Presencial,Full time,Otros,No especificado,False,False,143
encargado de administración y finanzas,"rob proyecta, rancagua",Presencial,Full time,Otros,No especificado,False,False,100
encargado de comercio exterior,"industria alimentos, curicó",Presencial,Full time,Otros,No especificado,False,False,93
"encargado de compras, repuestos y logistica…","karmotors, puerto montt",Presencial,Full time,Otros,No especificado,False,False,86
encargado de produccion,"hidratos ltda, santiago",Presencial,Full time,Otros,No especificado,False,False,105
encargado de rrhh y acreditacion (con…,"human support, antofagasta",Presencial,Full time,Recursos Humanos,No especificado,True,False,106
ecónomo encargado,ecónomo encargado,Presencial,Full time,Otros,No especificado,False,False,88
educador(a) diferencial,"escuela san josé obrero, santiago",Presencial,Full time,Otros,No especificado,False,False,95
educador/a diferencial - educación domiciliaria (viña del mar / valparaíso),empresa destacada,Presencial,Full time,Data / BI,No especificado,False,False,32
educadora de parvulos,"soc. educ. ruiz saavedra.., santiago",Presencial,Full time,Otros,No especificado,False,False,129
educadora y tecnicos palvularios,"jardin infantil, santiago",Presencial,Full time,Otros,No especificado,True,False,94
ejecución de edificio residencial,albornozspa,Presencial,Full time,Otros,No especificado,False,False,130
ejecutiva (o) de cuentas para customer success,postedin,Remoto,Full time,Otros,No especificado,False,True,198
ejecutiva atención comercial,"cable color, ovalle",Presencial,Full time,Ventas / Comercial,No especificado,False,False,100
ejecutiva comercial - créditos y depósitos,cooperativa de ahorro y crédito valles de chile,Presencial,Full time,Ventas / Comercial,No especificado,False,False,153
ejecutiva de admisión / admisionista (la serena),cmt | centro médico del trabajador,Presencial,Full time,Otros,No especificado,False,False,153
ejecutiva junior de atención al cliente y redes sociales,empresa destacada,Presencial,Full time,Otros,Junior,True,False,42
ejecutiva ventas y cobranza (la serena),redoffice,Presencial,Full time,Ventas / Comercial,No especificado,False,False,129
ejecutiva de admisión - servicio al paciente y agenda,centro medico del trabajador,Presencial,Full time,Otros,No especificado,False,False,153
ejecutiva de admisión / admisionista (la serena),centro medico del trabajador,Presencial,Full time,Otros,No especificado,False,False,153
ejecutiva de admisión: atención y gestión al paciente,cmt | centro médico del trabajador,Presencial,Full time,Otros,No especificado,False,False,153
ejecutiva de atención a clientes,empresa destacada,Presencial,Full time,Otros,No especificado,False,False,42
ejecutiva de cuenta marketing junior,no especificada,Remoto,Full time,Otros,Junior,False,True,24
ejecutiva de escrituración (la serena),habita construcciones,Presencial,Full time,Otros,No especificado,False,False,146
ejecutiva de escrituración – inmobiliario/notarías,habita construcciones,Presencial,Full time,Otros,No especificado,False,False,153
ejecutiva de mercado publico,itg ltda,Presencial,Full time,Otros,No especificado,False,False,111
ejecutiva de ventas -venta colegios,empresa destacada,Presencial,Full time,Ventas / Comercial,No especificado,False,False,29
ejecutiva de ventas dental - crecimiento y beneficios,clínica dental cumbre s.a.,Presencial,Full time,Ventas / Comercial,No especificado,False,False,153
ejecutiva de ventas y cobranzas: resultados y proactividad,redoffice,Presencial,Full time,Ventas / Comercial,No especificado,False,False,153
ejecutiva de ventas,empresa destacada,Presencial,Full time,Ventas / Comercial,No especificado,False,False,29
ejecutiva de ventas - presencial miami florida usa,hereyoutravel,Presencial,Full time,Ventas / Comercial,No especificado,False,False,153
ejecutiva de ventas individuales - la serena,ps grupo,Presencial,Full time,Ventas / Comercial,No especificado,False,False,138
ejecutiva o secretaria centro medico en…,"m&amp;g expert, concepción",Presencial,Full time,Data / BI,No especificado,False,False,112
ejecutiva(o) comercial plataformas ecommerce- atencion a…,"plastimar ltda, valparaíso",Presencial,Full time,Ventas / Comercial,No especificado,False,False,105
ejecutiva/o atención turismo al cliente inglés avanzado excluyente,empresa destacada,Remoto,Full time,Otros,No especificado,False,True,30
ejecutiva/o call center atención a usuarios - part (santiago),policomp,Presencial,Full time,Otros,No especificado,False,False,153
ejecutiva/o de centro recepción de pedidos (part (santiago),policomp,Presencial,Full time,Otros,No especificado,False,False,153
ejecutiva/o de ventas - online,empresa destacada,Remoto,Full time,Ventas / Comercial,No especificado,False,True,29
ejecutivas de contac center $680.000 liquido,ejecutivas de contac center $680.000 liquido,Remoto,Full time,Otros,No especificado,False,True,153
ejecutivas de venta: crecimiento y comisiones salud dental,clínica dental cumbre,Presencial,Full time,Salud,No especificado,False,False,153
ejecutivas/os de venta la serena,clínica dental cumbre s.a.,Presencial,Full time,Ventas / Comercial,No especificado,False,False,133
ejecutivas/os de venta la serena,clínica dental cumbre,Presencial,Full time,Ventas / Comercial,No especificado,False,False,128
ejecutivas/os de venta en la serena,clínica dental cumbre s.a.,Presencial,Full time,Ventas / Comercial,No especificado,False,False,139
ejecutivas/os de venta en la serena,clínica dental cumbre,Presencial,Full time,Ventas / Comercial,No especificado,False,False,134
ejecutivo (a) de atención al cliente - centro de salud uss,empresa destacada,Presencial,Full time,Salud,No especificado,False,False,28
ejecutivo / consultor de viajes / turismo,empresa destacada,Presencial,Full time,Otros,No especificado,False,False,30
ejecutivo academia la serena,banco de chile,Presencial,Full time,Data / BI,No especificado,False,False,119
ejecutivo administracion de personas,ejecutivo administracion de personas,Presencial,Full time,Otros,No especificado,False,False,104
ejecutivo atencion de usuarios (la higuera),omil la higuera,Presencial,Full time,Otros,No especificado,False,False,152
ejecutivo atención cliente - ag. viña del mar,nuevamasvida,Presencial,Full time,Otros,No especificado,False,False,153
ejecutivo atención al cliente segmento energía honorario rubro electrico,upcom dts,Presencial,Full time,Otros,No especificado,False,False,153
ejecutivo banca empresas - apoquindo,empresa destacada,Presencial,Full time,Otros,No especificado,False,False,28
ejecutivo banca empresas - iquique | tarapacá,empresa destacada,Presencial,Full time,Otros,No especificado,False,False,28
ejecutivo banca empresas - providencia,empresa destacada,Presencial,Full time,Otros,No especificado,False,False,28
ejecutivo banca personas - calama,empresa destacada,Presencial,Full time,Otros,No especificado,False,False,28
ejecutivo banca personas - el bosque,empresa destacada,Presencial,Full time,Otros,No especificado,False,False,28
ejecutivo banca personas - mall | copiapó,empresa destacada,Presencial,Full time,Otros,No especificado,False,False,28
ejecutivo banca personas - puerto montt,empresa destacada,Presencial,Full time,Otros,No especificado,False,False,28
ejecutivo banca personas: programa de entrenamiento,banco de chile,Presencial,Full time,Otros,No especificado,True,False,153
ejecutivo beneficios - plazo fijo (santiago),alternattiva,Presencial,Full time,Otros,No especificado,False,False,147
ejecutivo call center part time - experiencia en (santiago),policomp,Presencial,Part time,Data / BI,No especificado,False,False,153
ejecutivo call center proyecto,ejecutivo call center proyecto,Remoto,Full time,Otros,No especificado,False,True,153
ejecutivo call center proyecto,firstest cap,Presencial,Full time,Otros,No especificado,False,False,119
ejecutivo comercial (segmento camiones),forum servicios financieros s a,Presencial,Otro,Ventas / Comercial,No especificado,False,False,162
ejecutivo comercial - concepción,transbank s.a,Presencial,Full time,Ventas / Comercial,No especificado,False,False,193
ejecutivo comercial - experiencia en ventas,"empresa de tecnología y.., santiago",Presencial,Full time,Data / BI,No especificado,False,False,100
ejecutivo comercial - sector construcción - plásticos,empresa destacada,Presencial,Full time,Ventas / Comercial,No especificado,False,False,35
ejecutivo comercial - temuco,transbank s.a,Presencial,Full time,Ventas / Comercial,No especificado,False,False,193
ejecutivo comercial -leasing operativo - la serena,salfa rent,Presencial,Full time,Ventas / Comercial,No especificado,False,False,153
ejecutivo comercial automotriz - ventas de vehículos usados,salfa rent,Presencial,Full time,Ventas / Comercial,No especificado,False,False,153
ejecutivo comercial b2b - cuentas clave y expansión,grafton,Presencial,Full time,Ventas / Comercial,No especificado,False,False,153
ejecutivo comercial b2b - salud ocupacional,workmed,Presencial,Full time,Salud,No especificado,False,False,142
ejecutivo comercial b2b - venta de…,"veintiuno consultores, santiago",Presencial,Full time,Ventas / Comercial,No especificado,False,False,73
ejecutivo comercial construcción,empresa destacada,Presencial,Full time,Ventas / Comercial,No especificado,False,False,35
ejecutivo comercial empresa de transportes,empresa confidencial,Presencial,Otro,Ventas / Comercial,No especificado,False,False,131
ejecutivo comercial it (b2b),no especificada,Híbrido,Full time,Ventas / Comercial,No especificado,False,False,24
ejecutivo comercial junior - enfocado en mipymes,banpro factoring,Presencial,Full time,Ventas / Comercial,Junior,False,False,153
ejecutivo comercial presencial - sucursales (la serena),salesland,Presencial,Full time,Ventas / Comercial,No especificado,False,False,153
ejecutivo comercial regional y desarrollo de equipos,clent,Presencial,Full time,Ventas / Comercial,No especificado,False,False,153
"ejecutivo comercial retail, inmobiliario o consumo",empresa confidencial,Presencial,Otro,Ventas / Comercial,No especificado,False,False,165
"ejecutivo comercial seguros, pt 30hrs, la serena",banco falabella,Presencial,Full time,Ventas / Comercial,No especificado,True,False,153
ejecutivo comercial sucursales empresa de (la serena),salesland,Presencial,Full time,Ventas / Comercial,No especificado,False,False,153
ejecutivo comercial trainee – profesionales de la educación,empresa destacada,Presencial,Full time,Ventas / Comercial,Junior,False,False,32
ejecutivo comercial técnico – sector construcción…,"misan gestión de personas.., santiago",Presencial,Full time,Ventas / Comercial,No especificado,False,False,96
ejecutivo comercial con experiencia en presupuesto,"confidencial, santiago",Presencial,Full time,Data / BI,No especificado,False,False,110
ejecutivo comercial de leasing operativo – región iv,salfa rent,Presencial,Full time,Ventas / Comercial,No especificado,False,False,153
ejecutivo comercial de vehículos,curifor s.a.,Presencial,Full time,Ventas / Comercial,No especificado,False,False,133
ejecutivo comercial área químicos contrato indefinido.,ejecutivo comercial área químicos contrato indefinido.,Presencial,Full time,Ventas / Comercial,No especificado,False,False,153
ejecutivo comercial área seguridad la dehesa,empresa destacada,Presencial,Full time,Ventas / Comercial,No especificado,True,False,32
"ejecutivo comercial, la serena",empresa del rubro industrial,Presencial,Full time,Ventas / Comercial,No especificado,False,False,137
ejecutivo comercial: crece y negocia ventas en salud dental,clinica dental cumbre,Presencial,Full time,Data / BI,No especificado,False,False,153
ejecutivo comercial: potencia ventas y experiencia del cliente,todotaller la serena,Presencial,Full time,Data / BI,No especificado,False,False,153
ejecutivo comercial,"aislapanel s.a., talca",Presencial,Full time,Ventas / Comercial,No especificado,False,False,103
ejecutivo comercial,"cervecería, santiago",Presencial,Full time,Ventas / Comercial,No especificado,False,False,100
ejecutivo comercial,cumplo,Presencial,Full time,Ventas / Comercial,No especificado,False,False,194
ejecutivo counter rent a car - la serena,nodo talentos,Presencial,Full time,Otros,No especificado,False,False,142
ejecutivo desarrollo normaliza (santiago),banco de crédito e inversiones,Presencial,Full time,Otros,No especificado,False,False,153
ejecutivo logístico,empresa destacada,Presencial,Full time,Otros,No especificado,False,False,32
ejecutivo pyme senior - la serena,banco de chile,Presencial,Full time,Otros,Senior,False,False,129
ejecutivo senior de diseño y comercio exterior,empresa destacada,Presencial,Full time,Otros,Senior,False,False,40
ejecutivo senior de inversiones y captación de ahorro,chilecoop,Presencial,Full time,Otros,Senior,False,False,153
ejecutivo venta - intangibles,empresa destacada,Presencial,Full time,Ventas / Comercial,No especificado,False,False,29
ejecutivo venta inmobiliario proyectos peñaflor,colaboral,Presencial,Full time,Ventas / Comercial,No especificado,False,False,150
ejecutivo venta inmobiliario proyectos peñaflor,finden,Presencial,Full time,Ventas / Comercial,No especificado,False,False,147
ejecutivo venta salud,empresa destacada,Presencial,Full time,Salud,No especificado,False,False,29
ejecutivo venta seguros - intangibles,empresa destacada,Presencial,Full time,Ventas / Comercial,No especificado,True,False,30
ejecutivo ventas turismo (terreno),empresa destacada,Presencial,Full time,Ventas / Comercial,No especificado,False,False,30
ejecutivo administración,ejecutivo administración,Presencial,Full time,Otros,No especificado,False,False,111
ejecutivo comercial en terreno con experiencia en diseño grafico,empresa destacada,Presencial,Full time,Data / BI,No especificado,False,False,29
ejecutivo comercial servicio hogar y móvil - la serena,peoplego,Presencial,Otro,Ventas / Comercial,No especificado,False,False,134
ejecutivo comercial,"advisor group spa, santiago",Presencial,Full time,Ventas / Comercial,No especificado,False,False,92
ejecutivo de administración area inmobiliaria,administracion de edificios residenciales,Presencial,Full time,Otros,No especificado,False,False,153
ejecutivo de administración de personas,ejecutivo de administración de personas,Presencial,Full time,Otros,No especificado,False,False,108
ejecutivo de administración de ventas,fundamenta,Presencial,Full time,Ventas / Comercial,No especificado,False,False,116
ejecutivo de atencion al cliente (la calera),rsc empresas,Presencial,Full time,Otros,No especificado,False,False,149
ejecutivo de atención clientes,empresa destacada,Presencial,Full time,Otros,No especificado,False,False,42
ejecutivo de atención al cliente presencial…,"confidencial, santiago",Presencial,Full time,Otros,No especificado,False,False,97
ejecutivo de atención al cliente: capacitación y crecimiento,uno afp,Presencial,Full time,Otros,No especificado,False,False,153
ejecutivo de crédito y cobranza,importadora mega market ltda,Presencial,Full time,Otros,No especificado,False,False,137
ejecutivo de cuenta (experiencia en servicios transitorios/outsourcing),ejecutivo de cuenta (experiencia en servicios transitorios/outsourcing),Presencial,Full time,Data / BI,No especificado,False,False,153
ejecutivo de desarrollo de ventas - sdr,happyhost,Remoto,Full time,Ventas / Comercial,No especificado,False,True,198
ejecutivo de fidelización especialista,no especificada,Híbrido,Full time,Otros,No especificado,False,False,24
ejecutivo de preventa - smart cities & mobility,sonda,Presencial,Full time,Ventas / Comercial,No especificado,False,False,146
ejecutivo de preventa - smart cities & mobility,sondarh consultoria,Presencial,Full time,Ventas / Comercial,No especificado,False,False,153
ejecutivo de promesa - inmobiliaria,empresa confidencial,Presencial,Otro,Otros,No especificado,False,False,144
ejecutivo de seguros: asesoría y ventas integrales,banco falabella,Presencial,Full time,Ventas / Comercial,No especificado,True,False,153
ejecutivo de servicios - la serena,banco de chile,Presencial,Otro,Otros,No especificado,False,False,123
ejecutivo de soporte trainee,no especificada,Híbrido,Full time,Otros,Junior,True,False,24
ejecutivo de soporte técnico nivel 1…,"b2b compass, santiago",Presencial,Full time,Otros,No especificado,True,False,99
ejecutivo de venta producto finan pt 18,ripley chile,Híbrido,Full time,Ventas / Comercial,No especificado,False,False,194
ejecutivo de venta voluntary,talents,Presencial,Full time,Ventas / Comercial,No especificado,False,False,114
ejecutivo de ventas (comuna santiago),anwo,Presencial,Otro,Ventas / Comercial,No especificado,False,False,142
ejecutivo de ventas (la serena),carmona y cia,Presencial,Full time,Ventas / Comercial,No especificado,False,False,117
ejecutivo de ventas (rubro mineria),manpower,Presencial,Otro,Ventas / Comercial,No especificado,False,False,126
ejecutivo de ventas - la serena,adt security services,Presencial,Full time,Ventas / Comercial,No especificado,False,False,125
ejecutivo de ventas - la serena,johnson controls,Presencial,Full time,Ventas / Comercial,No especificado,False,False,120
ejecutivo de ventas - la serena,me postulo,Presencial,Full time,Ventas / Comercial,No especificado,False,False,114
ejecutivo de ventas - la serena,preuniversitario pedro de valdivia - norte limitada,Presencial,Full time,Ventas / Comercial,No especificado,False,False,153
ejecutivo de ventas - tecnología,empresa destacada,Presencial,Full time,Ventas / Comercial,No especificado,True,False,33
ejecutivo de ventas automotriz — la serena,carmona y cia,Presencial,Full time,Ventas / Comercial,No especificado,False,False,139
ejecutivo de ventas b2b - cuentas clave y cierres,serena design,Presencial,Full time,Ventas / Comercial,No especificado,False,False,153
ejecutivo de ventas canal tradicional — en campo,grafton s.a.c,Presencial,Full time,Ventas / Comercial,No especificado,False,False,151
ejecutivo de ventas la serena (agente previsional),afp habitat,Presencial,Full time,Ventas / Comercial,No especificado,False,False,153
ejecutivo de ventas part time — fibra óptica y crecimiento,telecomunicaciones eirl,Presencial,Part time,TI General,No especificado,False,False,153
ejecutivo de ventas premium — asesoría personalizada,afp capital,Presencial,Full time,Ventas / Comercial,No especificado,False,False,153
ejecutivo de ventas previsionales — crece con comisiones,afp habitat,Presencial,Full time,Ventas / Comercial,No especificado,False,False,153
ejecutivo de ventas de cobertura,"confidencial, santiago",Presencial,Full time,Ventas / Comercial,No especificado,False,False,104
ejecutivo de ventas en comercio exterior,empresa destacada,Presencial,Full time,Ventas / Comercial,No especificado,False,False,40
ejecutivo de ventas en ruta – canal tradicional,importante empresa del sector,Presencial,Full time,Ventas / Comercial,No especificado,False,False,153
ejecutivo de ventas en terreno - soluciones de seguridad,johnson controls,Presencial,Full time,Ventas / Comercial,No especificado,True,False,153
ejecutivo de ventas en terreno – fibra óptica,atento chile sa,Presencial,Full time,Ventas / Comercial,No especificado,False,False,147
ejecutivo de ventas en terreno – sector salud (santiago),empresa destacada,Presencial,Full time,Salud,No especificado,False,False,28
ejecutivo de ventas en terreno – veterinario (mascotas),progestion chile,Presencial,Full time,Ventas / Comercial,No especificado,False,False,153
ejecutivo de ventas en terreno – zona norte consumo masivo,progestion chile,Presencial,Full time,Ventas / Comercial,No especificado,False,False,153
ejecutivo de ventas en terreno – zona norte,labora gestión de talentos,Presencial,Full time,Ventas / Comercial,No especificado,False,False,153
ejecutivo de ventas en terreno — comisiones sin tope,adt security services,Presencial,Full time,Ventas / Comercial,No especificado,False,False,153
ejecutivo de ventas en terreno — comisiones sin tope,johnson controls,Presencial,Full time,Ventas / Comercial,No especificado,False,False,153
ejecutivo de ventas productos financieros,"innova ventas, chillán",Presencial,Full time,Ventas / Comercial,No especificado,False,False,107
ejecutivo de ventas y atención académica (la serena),preuniversitario pedro de valdivia - norte limitada,Presencial,Full time,Ventas / Comercial,No especificado,False,False,153
ejecutivo de ventas área químicos,ejecutivo de ventas área químicos,Presencial,Full time,Ventas / Comercial,No especificado,False,False,153
ejecutivo de ventas,empresa destacada,Presencial,Full time,Ventas / Comercial,No especificado,False,False,29
ejecutivo de ventas,"empresa y fábrica dedicada.., santiago",Presencial,Full time,Ventas / Comercial,No especificado,False,False,96
ejecutivo de ventas,"sit distribuidora spa, temuco",Presencial,Full time,Ventas / Comercial,No especificado,False,False,108
ejecutivo de venta,serena design,Presencial,Full time,Ventas / Comercial,No especificado,False,False,98
ejecutivo de atención al cliente -…,"tu construyes, santiago",Presencial,Full time,Otros,No especificado,False,False,88
ejecutivo de cuentas /mktg/publicidad,"7.745.585-k, santiago",Presencial,Full time,Ventas / Comercial,No especificado,False,False,104
ejecutivo de ventas - diseñador o constructor,empresa confidencial,Presencial,Otro,Ventas / Comercial,No especificado,False,False,142
ejecutivo de ventas tecnología y servicios digitales / huechuraba,empresa destacada,Presencial,Full time,Ventas / Comercial,No especificado,True,False,33
ejecutivo de ventas canal tradicional – región de coquimbo,grafton s.a.c,Presencial,Full time,Ventas / Comercial,No especificado,False,False,153
ejecutivo de ventas en teletrabajo,empresa destacada,Remoto,Full time,Ventas / Comercial,No especificado,False,True,29
ejecutivo de ventas en terreno / médico veterinario / la serena,progestion chile,Presencial,Full time,Ventas / Comercial,No especificado,False,False,153
ejecutivo de ventas para óptica en la serena,besplus.cl,Presencial,Full time,Ventas / Comercial,No especificado,False,False,140
ejecutivo en terreno para ventas de máquinas de pago la serena,progestion chile,Presencial,Full time,Ventas / Comercial,No especificado,False,False,153
ejecutivo en ventas técnicas,"santander import chile spa., santiago",Presencial,Full time,Ventas / Comercial,No especificado,False,False,121
ejecutivo en ventas,empresa destacada,Presencial,Full time,Ventas / Comercial,No especificado,False,False,29
ejecutivo(a) atención al cliente 42 horas segmento energia,upcom dts,Presencial,Full time,Otros,No especificado,False,False,153
ejecutivo(a) comex / comercio exterior,empresa destacada,Presencial,Full time,Otros,No especificado,False,False,40
ejecutivo(a) comercial (la serena),clinica dental cumbre,Presencial,Full time,Ventas / Comercial,No especificado,False,False,138
ejecutivo(a) comercial b2b - rancagua,"darma consultora, rancagua",Presencial,Full time,Ventas / Comercial,No especificado,False,False,104
ejecutivo(a) comercial consultivo - sector educación y bibliotecas,empresa destacada,Presencial,Full time,Ventas / Comercial,No especificado,False,False,32
ejecutivo(a) comercial consultivo – sector educación…,"libtecs, santiago",Presencial,Full time,Ventas / Comercial,No especificado,False,False,108
ejecutivo(a) comercial presencial — iquique,"moltran, iquique",Presencial,Full time,Ventas / Comercial,No especificado,False,False,116
ejecutivo(a) comercial santiago (portales de licitación),"rice consulting, santiago",Presencial,Full time,Ventas / Comercial,No especificado,False,False,109
ejecutivo(a) comercial trainee (la serena),banpro factoring,Presencial,Full time,Ventas / Comercial,Junior,False,False,149
ejecutivo(a) comercial,"todotaller la serena, la serena",Presencial,Full time,Ventas / Comercial,No especificado,False,False,91
"ejecutivo(a) multiservicios para la plataforma de atención 21 de mayo (contrata, técnico 16°)",corfo,Presencial,Full time,Otros,No especificado,False,False,153
ejecutivo(a) de banca personas — programa de formación,banco de chile,Presencial,Full time,Otros,No especificado,True,False,153
ejecutivo(a) de ventas – servicios de transporte y viajes especiales,empresa destacada,Presencial,Full time,Ventas / Comercial,No especificado,False,False,33
ejecutivo(a) de operaciones,homie rent,Presencial,Full time,Otros,No especificado,False,False,115
"ejecutivo(a) de ventas de servicios de transporte (turismo , viajes especiales)",empresa destacada,Presencial,Full time,Ventas / Comercial,No especificado,False,False,30
ejecutivo(a) de ventas en terreno y freelancer,inversiones soto bustos spa,Presencial,Full time,Ventas / Comercial,No especificado,False,False,153
ejecutivo/a atención al cliente la serena,uno afp,Presencial,Full time,Otros,No especificado,False,False,138
ejecutivo/a comercial de seguros – la serena,grupo ps,Presencial,Full time,Ventas / Comercial,No especificado,True,False,145
ejecutivo/a de ventas – rubro entretención part time la serena,hpdm entretención,Presencial,Part time,TI General,No especificado,False,False,153
ejecutivo/a administración de recursos humanos,ejecutivo/a administración de recursos humanos,Presencial,Full time,Recursos Humanos,No especificado,False,False,131
ejecutivo/a administrativo soporte telecomunicaciones,ejecutivo/a administrativo soporte telecomunicaciones,Presencial,Full time,Otros,No especificado,True,False,133
ejecutivo/a atención de público omil pichidegua,omil pichidegua,Presencial,Full time,Otros,No especificado,False,False,153
ejecutivo/a comercial (ingeniería comercial/administración),ejecutivo/a comercial (ingeniería comercial/administración),Presencial,Full time,Ventas / Comercial,No especificado,False,False,153
ejecutivo/a comercial - la serena,bancrece,Presencial,Full time,Ventas / Comercial,No especificado,False,False,123
ejecutivo/a comercial - seguros salud,empresa destacada,Presencial,Part time,Salud,No especificado,True,False,28
ejecutivo/a comercial b2b (cloud / tecnología),no especificada,Remoto,Full time,DevOps / Cloud,No especificado,True,True,24
ejecutivo/a comercial b2b - remoto,atcom,Remoto,Full time,Ventas / Comercial,No especificado,False,True,122
ejecutivo/a comercial b2b - salud ocupacional (híbrido),empresa red salud s.a,Híbrido,Full time,Salud,No especificado,False,True,153
ejecutivo/a comercial b2b – en telefonía fija y servicios digitales,ejecutivo/a comercial b2b – en telefonía fija y servicios digitales,Presencial,Full time,Ventas / Comercial,No especificado,True,False,153
ejecutivo/a comercial b2b — informes comerciales…,"informescomerciales.cl, santiago",Presencial,Full time,Ventas / Comercial,No especificado,True,False,106
ejecutivo/a comercial b2b,"digital hunter, santiago",Presencial,Full time,Ventas / Comercial,No especificado,False,False,93
ejecutivo/a comercial cyc consultores,c&c consultores,Presencial,Full time,Ventas / Comercial,No especificado,False,False,136
ejecutivo/a comercial seguros - media jornada,empresa destacada,Presencial,Part time,Data / BI,No especificado,True,False,30
ejecutivo/a comercial de leasing operativo – la serena,arrendadora de vehículos s.a.,Presencial,Full time,Ventas / Comercial,No especificado,False,False,153
ejecutivo/a comercial en terreno – soluciones…,"gestión y desarrollo de.., santiago",Presencial,Full time,Ventas / Comercial,No especificado,False,False,103
ejecutivo/a comercial – crecimiento regional y cartera,bancrece,Presencial,Full time,Ventas / Comercial,No especificado,False,False,153
ejecutivo/a comercial – repuestos y filtros,"sherpas consulting spa, santiago",Presencial,Full time,Ventas / Comercial,No especificado,False,False,96
ejecutivo/a comercial – área salud,"importadora y comercializadora re-med,.., santiago",Presencial,Full time,Salud,No especificado,False,False,97
ejecutivo/a comercialb – región de coquimbo (la serena),grafton,Presencial,Full time,Ventas / Comercial,No especificado,False,False,153
ejecutivo/a comercio exterior,empresa destacada,Híbrido,Full time,Otros,No especificado,False,False,40
"ejecutivo/a integral, ft 40 hrs, punta arenas",banco falabella,Presencial,Otro,Otros,No especificado,False,False,150
"ejecutivo/a integral, ft, banco falabella antofagasta",banco falabella,Presencial,Otro,Otros,No especificado,False,False,138
"ejecutivo/a integral, part time, plaza vespucio la florida",banco falabella,Presencial,Part time,TI General,No especificado,False,False,154
ejecutivo/a premier - edificio corporativo (reemplazo),banco crédito e inversiones,Presencial,Otro,Otros,No especificado,False,False,169
ejecutivo/a previsional la serena,afp cuprum,Presencial,Full time,Otros,No especificado,False,False,125
ejecutivo/a venta software,no especificada,Presencial,Full time,Desarrollo / Dev,No especificado,True,False,24
ejecutivo/a venta terreno masivo movil la serena,xinergía,Presencial,Full time,Ventas / Comercial,No especificado,False,False,147
ejecutivo/a venta de software cdmx,no especificada,Presencial,Full time,Desarrollo / Dev,No especificado,True,False,24
ejecutivo/a ventas residencial en terreno - la (la serena),xinerlink,Presencial,Full time,Ventas / Comercial,No especificado,False,False,153
ejecutivo/a ventas residencial en terreno - la (la serena),xinerlink - unidad ti,Presencial,Full time,Ventas / Comercial,No especificado,False,False,153
ejecutivo/a administración de personas las condes,ejecutivo/a administración de personas las condes,Presencial,Full time,Otros,No especificado,False,False,120
ejecutivo/a administración de personas,ejecutivo/a administración de personas,Presencial,Full time,Otros,No especificado,False,False,131
ejecutivo/a de atención telefónica mesa de ayuda informática - presencial en lota / jornada 25 hrs.,bancoestado centro de contacto,Presencial,Full time,Otros,No especificado,True,False,153
ejecutivo/a de atención telefónica mesa de ayuda informática / lota - jornada 25 horas,bancoestado centro de contacto,Presencial,Full time,Otros,No especificado,True,False,153
ejecutivo/a de atención al cliente - call center (30h/semana),cgs,Presencial,Full time,Otros,No especificado,False,False,153
ejecutivo/a de atención al cliente energía | turnos 24x7,upcom dts,Presencial,Full time,Otros,No especificado,False,False,153
ejecutivo/a de atención al cliente y monitoreo,empresa destacada,Presencial,Full time,Otros,No especificado,False,False,42
ejecutivo/a de atención al cliente y post venta,empresa destacada,Presencial,Full time,Ventas / Comercial,No especificado,False,False,42
ejecutivo/a de atención al cliente y retención,empresa destacada,Presencial,Full time,Otros,No especificado,False,False,42
ejecutivo/a de atención al cliente,empresa destacada,Presencial,Full time,Otros,No especificado,False,False,42
ejecutivo/a de atención al cliente,verbum servicios psicológicos ltda,Presencial,Otro,Otros,No especificado,False,False,166
"ejecutivo/a de clientes, ft, mallplaza la serena",mallplaza,Presencial,Full time,Otros,No especificado,False,False,153
ejecutivo/a de comercio exterior jr,empresa destacada,Híbrido,Full time,Otros,No especificado,False,False,40
ejecutivo/a de experiencia cliente (cyber day),grupo limonada,Presencial,Otro,Data / BI,No especificado,False,False,159
ejecutivo/a de seguros - ventas con comisiones,grupo ps,Presencial,Full time,Ventas / Comercial,No especificado,True,False,142
ejecutivo/a de seguros de salud — comisiones sin tope,people go,Presencial,Full time,Salud,No especificado,True,False,153
ejecutivo/a de ventas - seguridad industrial con comisiones,importante empresa del sector,Presencial,Full time,Ventas / Comercial,No especificado,True,False,153
ejecutivo/a de ventas b2b - la serena,fundación arturo lópez pérez,Presencial,Otro,Ventas / Comercial,No especificado,False,False,138
ejecutivo/a de ventas isapre - la serena,global consulting s.a,Presencial,Otro,Ventas / Comercial,No especificado,True,False,140
ejecutivo/a de ventas pyme (la serena),xinergía,Presencial,Full time,Ventas / Comercial,No especificado,False,False,126
ejecutivo/a de ventas residencial en terreno – bono garantizado,xinerlink,Presencial,Full time,Ventas / Comercial,No especificado,False,False,153
ejecutivo/a de ventas terreno - canal tradicional,nvm gestión de talentos,Presencial,Full time,Ventas / Comercial,No especificado,False,False,153
ejecutivo/a de ventas de eventos - la serena (part time),hpdm entretención,Presencial,Part time,TI General,No especificado,False,False,153
ejecutivo/a de ventas de seguros - presencial,ps grupo,Presencial,Full time,Ventas / Comercial,No especificado,True,False,140
ejecutivo/a de ventas de seguros de salud: prospección,easyjobs,Presencial,Full time,Salud,No especificado,True,False,153
ejecutivo/a de ventas en terreno la serena,empresa confidencial,Presencial,Otro,Ventas / Comercial,No especificado,False,False,135
ejecutivo/a de ventas en terreno rubro construcción,peoplego,Presencial,Otro,Ventas / Comercial,No especificado,False,False,198
ejecutivo/a de ventas en terreno telecom la serena,xinergía,Presencial,Full time,Ventas / Comercial,No especificado,False,False,150
ejecutivo/a de ventas en terreno – comisiones sin tope,xinergía,Presencial,Full time,Ventas / Comercial,No especificado,False,False,153
ejecutivo/a de ventas en terreno – rubro construcción,empresa destacada,Híbrido,Full time,Ventas / Comercial,No especificado,False,False,35
ejecutivo/a de ventas en terreno — soluciones pos,progestion chile,Presencial,Full time,Ventas / Comercial,No especificado,False,False,153
ejecutivo/a de ventas en terreno: base + comisiones,inmobiliaria parque la florida,Presencial,Full time,Ventas / Comercial,No especificado,False,False,153
ejecutivo/a de ventas en terreno,empresa destacada,Presencial,Full time,Ventas / Comercial,No especificado,False,False,29
ejecutivo/a de ventas – canal tradicional,ariztía,Presencial,Full time,Ventas / Comercial,No especificado,False,False,131
ejecutivo/a de ventas – la serena | crecimiento y beneficios,clínica dental cumbre s.a.,Presencial,Full time,Ventas / Comercial,No especificado,False,False,153
ejecutivo/a de ventas – part time…,"artemisa direct, santiago",Presencial,Part time,TI General,No especificado,False,False,100
ejecutivo/a de ventas,"dental import, valparaíso",Presencial,Full time,Ventas / Comercial,No especificado,False,False,85
ejecutivo/a de ventas,empresa destacada,Híbrido,Full time,Ventas / Comercial,No especificado,False,False,29
ejecutivo/a de marketing digital,"lens.cl, santiago",Presencial,Full time,Otros,No especificado,True,False,104
"ejecutivos call center atención a clientes para importante entidad estatal, 30hrs.",cgs,Presencial,Full time,Otros,No especificado,False,False,153
ejecutivos comerciales,"servi hogar, santiago",Presencial,Full time,Ventas / Comercial,No especificado,False,False,82
"ejecutivos atención ciudadana de lunes a viernes, call center para entidad estatal, 30hrs.",cgs,Presencial,Full time,Otros,No especificado,False,False,153
"ejecutivos contact center atención ciudadana para importante entidad estatal, 30hrs.",cgs,Presencial,Full time,Otros,No especificado,False,False,153
ejecutivos de atención al ciudadano | 30h/sem y capacitación,cgs,Presencial,Full time,Otros,No especificado,False,False,153
ejecutivos de venta inmobiliaria freelance | alto rendimiento,the broker,Presencial,Full time,Data / BI,No especificado,False,False,153
ejecutivos de venta telefonía en terreno - la (la serena),tawa,Presencial,Full time,Ventas / Comercial,No especificado,False,False,153
ejecutivos de ventas hybrid en la serena — crecimiento,clinica dental cumbre,Presencial,Full time,Ventas / Comercial,No especificado,False,False,153
ejecutivos de ventas seguros de salud,easyjobs,Presencial,Full time,Salud,No especificado,True,False,124
ejecutivos de ventas,"parque del recuerdo, santiago",Presencial,Full time,Ventas / Comercial,No especificado,False,False,105
ejecutivos de seguros cross - ingreso inmediato,empresa destacada,Híbrido,Full time,Otros,No especificado,True,False,30
ejecutivos de venta,"parque del recuerdo, santiago",Presencial,Full time,Ventas / Comercial,No especificado,False,False,86
ejecutivos/as comerciales - seguros salud,global consulting s.a,Presencial,Otro,Salud,No especificado,True,False,165
ejecutivos/as comerciales inmobiliarios,no especificada,Remoto,Full time,Ventas / Comercial,No especificado,False,True,24
ejecutivos/as de ventas - la serena,clinica dental cumbre,Presencial,Full time,Ventas / Comercial,No especificado,False,False,133
electricista // cert. sec clase b,sociedad concesionaria del norte,Presencial,Otro,Otros,No especificado,False,False,136
electricista de instrumentación 7x7 antofagasta,manpower,Presencial,Otro,Otros,No especificado,False,False,126
electricista de mantenimiento,universidad de chile - hospital clinico,Presencial,Otro,Otros,No especificado,False,False,159
electrobombero (lampa-la montaña),transportes rioja ltda.,Presencial,Otro,Otros,No especificado,False,False,144
electromecánico komatsu 930e-980e,"empresa minera, antofagasta",Presencial,Full time,Otros,No especificado,False,False,83
electromecánico renca renta $1.100.000 líquidos.,"empresa quimica, santiago",Presencial,Full time,Otros,No especificado,False,False,100
electromecánico de mantenimiento industrial,electromecánico de mantenimiento industrial,Presencial,Full time,Otros,No especificado,False,False,129
electromecánico – mantenimiento industrial lampa,empresa destacada,Presencial,Full time,Otros,No especificado,False,False,36
"electromecánico, la negra",team work recursos humanos ltda.,Presencial,Otro,Otros,No especificado,False,False,211
electromecánico/a,electromecánico/a,Presencial,Full time,Otros,No especificado,False,False,89
electromecánicos o eléctricos.,"emt - mecva, santiago",Presencial,Full time,Otros,No especificado,False,False,94
embajador de marca y ventas en campus,red bull,Presencial,Full time,Ventas / Comercial,No especificado,False,False,124
emisor,seguros sura,Presencial,Otro,Otros,No especificado,False,False,119
empleo secretaria administrativa,"empresa productiva consolidada, puerto montt",Presencial,Full time,Data / BI,No especificado,False,False,94
empleo secretaria,"empresa productiva consolidada, puerto montt",Presencial,Full time,Otros,No especificado,False,False,94
"emprende tu propio negocio como agente inmobiliario en re/max, la marca n*1",remax,Presencial,Otro,Otros,No especificado,False,False,174
empresa multinacional está en búsqueda de administrador que se mo,selecciona consultores,Presencial,Full time,Otros,No especificado,False,False,153
encapsulador operador maquina industrial,"empresa rubro del café, santiago",Presencial,Full time,Otros,No especificado,False,False,82
encargad@ de rrhh con experiencia con…,"supletech spa, santiago",Presencial,Full time,Data / BI,No especificado,False,False,102
encargada bar osorno,encargada bar osorno,Presencial,Full time,Otros,No especificado,False,False,93
encargada de logística con atención al…,"vecomsi spa, antofagasta",Presencial,Full time,Otros,No especificado,False,False,92
encargada de asuntos regulatorios y bpm…,"foodtech limitada, valparaíso",Presencial,Full time,Otros,No especificado,False,False,101
encargado (a) de administración y logística,encargado (a) de administración y logística,Presencial,Full time,Otros,No especificado,False,False,121
"encargado / supervisor de transporte y control de flota operativa - las condes, santiago [101662]",empresa destacada,Presencial,Full time,Otros,No especificado,False,False,33
encargado gestión de la calidad,"construcción e ingeniería aguas.., rancagua",Presencial,Full time,QA / Testing,No especificado,False,False,90
encargado rrhh - puerto montt,"confidencial, puerto montt",Presencial,Full time,Recursos Humanos,No especificado,False,False,104
encargado recursos humanos / viña del…,"bdt consultores, valparaíso",Presencial,Full time,Recursos Humanos,No especificado,False,False,87
encargado sistemas informáticos y plataforma sic (hospital - santiago),cyd ingeniería,Presencial,Full time,TI General,No especificado,True,False,153
encargado de administración & cocina,lodge colbún,Presencial,Full time,Otros,No especificado,False,False,110
encargado de administración / comuna padre hurtado,encargado de administración / comuna padre hurtado,Presencial,Full time,Otros,No especificado,False,False,145
encargado de administración full time / hualpen,uno salud dental,Presencial,Full time,TI General,No especificado,False,False,153
encargado de administración y existencias - antofagasta,nosotros,Presencial,Full time,Otros,No especificado,False,False,153
encargado de administración y servicios generales,"mielybeige, santiago",Presencial,Full time,Otros,No especificado,False,False,111
encargado de administración y arriendo de propiedades,encargado de administración y arriendo de propiedades,Remoto,Full time,Otros,No especificado,False,True,153
encargado de adquisiciones y bodega,"automatización y control industrial.., santiago",Presencial,Full time,Otros,No especificado,False,False,90
encargado de bodega colina,"servicios técnicos urbanos ltda, santiago",Presencial,Full time,Otros,No especificado,False,False,92
encargado de bodega y logística,empresa destacada,Presencial,Full time,Otros,No especificado,False,False,32
encargado de comercio exterior,empresa destacada,Presencial,Full time,Otros,No especificado,False,False,40
encargado de comercio exterior - quilicura,empresa destacada,Presencial,Full time,Otros,No especificado,False,False,40
encargado de contabilidad,empresa destacada,Presencial,Full time,Otros,No especificado,False,False,35
encargado de control interno,kiosclub,Presencial,Full time,Otros,Junior,False,False,189
encargado de departamento de rrhh.,"industrial, antofagasta",Presencial,Full time,Recursos Humanos,No especificado,False,False,103
encargado de diseño y social media,empresa destacada,Presencial,Full time,Otros,No especificado,False,False,29
encargado de finanzas,"pieactiva, santiago",Presencial,Full time,Otros,No especificado,False,False,88
encargado de informatica (santiago),comercial escocia,Presencial,Full time,TI General,No especificado,True,False,122
encargado de local - práctica profesional en restaurante,e. center,Presencial,Full time,Otros,No especificado,False,False,153
encargado de locla (la serena),e. center,Presencial,Full time,Otros,No especificado,False,False,118
encargado de mantenimiento,empresa destacada,Presencial,Full time,Otros,No especificado,False,False,36
encargado de marketing,"impotec, santiago",Presencial,Full time,Otros,No especificado,False,False,115
encargado de pañol // antofagasta,encargado de pañol // antofagasta,Presencial,Full time,Otros,No especificado,False,False,93
encargado de pañol – rubro minero para antofagasta,encargado de pañol – rubro minero para antofagasta,Presencial,Full time,Otros,No especificado,False,False,140
encargado de rrhh quillota,"fescan seguridad spa, quillota",Presencial,Full time,Recursos Humanos,No especificado,False,False,85
encargado de remuneraciones (la serena),upsidedown,Presencial,Full time,Otros,No especificado,False,False,137
encargado de restaurant y cocina.,empresa confidencial,Presencial,Otro,Otros,No especificado,False,False,138
encargado de riesgo empresarial,flow,Presencial,Otro,Otros,No especificado,False,False,126
encargado de servicios generales,finden,Presencial,Full time,Otros,No especificado,False,False,123
"encargado de sistemas informáticos, idiem (santiago)",uchile - facultad ciencias fisicas matematicas,Presencial,Full time,TI General,No especificado,True,False,153
encargado de soporte informático (santiago),juan miranda,Presencial,Full time,Otros,No especificado,True,False,133
encargado de soporte ti (recoleta),cpc headhunting,Presencial,Full time,TI General,No especificado,True,False,130
"encargado de trade marketing, visual merchandising…","clinica veterinaria dr pet., santiago",Presencial,Full time,Otros,No especificado,False,False,106
encargado de bodega,constructora del arte,Presencial,Full time,Otros,No especificado,False,False,108
encargado de recepción y despacho con…,"construmart, concepción",Presencial,Full time,Otros,No especificado,False,False,86
encargado de remuneraciones coquimbo $1.2m lunes a viernes,adecco,Presencial,Otro,Otros,No especificado,False,False,145
encargado de transporte y distribucion,empresa destacada,Presencial,Full time,Otros,No especificado,False,False,33
encargado de turno para restaurante (antofagasta),empresa confidencial,Presencial,Otro,Otros,No especificado,False,False,150
encargado de turno,encargado de turno,Presencial,Full time,Otros,No especificado,False,False,113
encargado mantención para conjunto de cabañas…,"haiku cabañas panoramicas, santiago",Presencial,Full time,Otros,No especificado,False,False,98
encargado(a) comercial empresa de transporte,empresa destacada,Presencial,Full time,Ventas / Comercial,No especificado,False,False,33
encargado(a) de administración y existencias - ovalle,nosotros,Presencial,Full time,Otros,No especificado,False,False,142
encargado(a) de administración y existencias - talagante,fashion's park s.a.,Presencial,Full time,Otros,No especificado,False,False,153
encargado(a) de administración y existencias - villarrica,fashion's park s.a.,Presencial,Full time,Otros,No especificado,False,False,153
encargado(a) de administración y facturación – calama,encargado(a) de administración y facturación – calama,Presencial,Full time,Otros,No especificado,False,False,135
encargado(a) de administración y facturación – calama,transportes consorcio,Presencial,Full time,Otros,No especificado,False,False,153
encargado(a) de finanzas,empresa destacada,Presencial,Full time,Otros,No especificado,False,False,31
encargado(a) de informática,encargado(a) de informática,Presencial,Full time,Otros,No especificado,True,False,130
"encargado(a) de paid media, seo y…","clinica veterinaria dr pet., santiago",Presencial,Full time,Otros,No especificado,False,False,103
encargado(a) de recursos humanos y administración,encargado(a) de recursos humanos y administración,Presencial,Full time,Recursos Humanos,No especificado,False,False,153
encargado(a) de retail,encargado(a) de retail,Presencial,Full time,Otros,No especificado,False,False,110
encargado(a) de bodega de e-commerce,"tesalia spa, santiago",Presencial,Full time,Otros,No especificado,False,False,83
encargado/a académico de escuela de diseño gráfico y/o industrial - vi región,empresa destacada,Presencial,Full time,Otros,No especificado,False,False,29
encargado/a comunidades - antofagasta y copiapó,applus+ en chile,Presencial,Otro,Otros,No especificado,False,False,150
"encargado/a mantenimiento e infraestructura, la negra",team work recursos humanos ltda.,Presencial,Otro,DevOps / Cloud,No especificado,True,False,271
encargado/a de administración y contabilidad,laboratorio nacional,Presencial,Full time,Otros,No especificado,False,False,140
encargado/a de carrera de construcción - temuco,empresa destacada,Presencial,Full time,Otros,No especificado,False,False,35
encargado/a de cobranzas (la serena),centro de formación técnica juan bohon,Presencial,Full time,Otros,No especificado,False,False,153
encargado/a de finanzas y contabilidad (líder operativo),empresa destacada,Presencial,Full time,Otros,No especificado,False,False,35
"encargado/a de informática, concepción (chiguayante)",hp group seleccion,Presencial,Full time,Otros,No especificado,True,False,153
encargado/a de recursos humanos y gestión documental minera,maestranza,Presencial,Full time,Recursos Humanos,No especificado,False,False,153
encargado/a de recursos humanos,empresa destacada,Presencial,Full time,Recursos Humanos,No especificado,False,False,39
encargado/a de recursos humanos,"re decora, santiago",Presencial,Full time,Recursos Humanos,No especificado,False,False,88
"encargado/a de créditos y cobranzas, conchalí.","encargado/a de créditos y cobranzas, conchalí.",Presencial,Full time,Otros,No especificado,False,False,138
enfermeras a domicilio para persona de entre 50 y 60 años para administración de medicamen,cronoshare.cl,Presencial,Full time,Salud,No especificado,False,False,153
enfermeras a domicilio para persona de entre 70 y 80 años para administración de medicamen,cronoshare.cl,Presencial,Full time,Salud,No especificado,False,False,153
"enfermeras a domicilio para persona de más de 80 años para alimentación, administración de",cronoshare.cl,Presencial,Full time,Otros,No especificado,False,False,153
engineer qa,no especificada,Remoto,Full time,QA / Testing,No especificado,True,True,24
"entregador para bimbo ideal, la serena",consultores-de-empresas-est-ltda.,Presencial,Full time,Otros,No especificado,False,False,153
entrenador santiago,empresa confidencial,Presencial,Otro,Otros,No especificado,False,False,160
especialista administrativo de rr.hh. – 6 meses en la serena,emetel,Presencial,Full time,Otros,No especificado,False,False,153
especialista arquitecto /constructor civil,etex chile,Presencial,Otro,Ingenieria Civil,No especificado,False,False,149
especialista comercial educativo,no especificada,Híbrido,Full time,Ventas / Comercial,No especificado,False,False,24
especialista informático front-end (santiago),ebro consultores,Presencial,Full time,Otros,No especificado,True,False,141
especialista operaciones planta (andacollo),teck,Presencial,Full time,Otros,No especificado,False,False,139
especialista performance paid media,banco crédito e inversiones,Presencial,Otro,Otros,No especificado,False,False,153
especialista sap business one,especialista sap business one,Presencial,Full time,Otros,No especificado,True,False,133
especialista técnico en minería sistemas y tecnología en terreno,alcansa,Presencial,Otro,TI General,No especificado,True,False,149
especialista de administración (temporal),ikea puerto rico,Presencial,Full time,Otros,No especificado,False,False,130
especialista de comunicación y diseño - santiago,empresa destacada,Híbrido,Full time,Otros,No especificado,False,False,29
especialista de inteligencia artificial,mibanco,Híbrido,Full time,Data / BI,No especificado,True,False,200
especialista de rr.hh. – remuneraciones y administración,universal ltda.,Presencial,Full time,Otros,No especificado,False,False,153
especialista de soporte telefónico informático,bancoestado centro de contacto,Presencial,Full time,Otros,No especificado,True,False,149
especialista en administración y finanzas,ikea puerto rico,Presencial,Full time,Otros,No especificado,False,False,130
especialista en administración y reporting sg&a,finning international,Presencial,Full time,Otros,No especificado,False,False,153
especialista en autoevaluación de programas académicos,corfo,Presencial,Full time,Otros,No especificado,True,False,153
especialista en calidad (ing. civil eléctrico o informático),bc global,Presencial,Full time,QA / Testing,No especificado,True,False,153
especialista en calidad (ing. civil eléctrico o informático),no especificada,Presencial,Full time,QA / Testing,No especificado,True,False,24
especialista en comercio exterior y logística de exportación,empresa destacada,Presencial,Full time,Otros,No especificado,False,False,40
"especialista en compras, contratos y licitaciones","especialista en compras, contratos y licitaciones",Presencial,Full time,Otros,No especificado,False,False,153
especialista en control de calidad (frp),"confidencial, santiago",Presencial,Full time,QA / Testing,No especificado,False,False,95
especialista en desarrollo web -para empresa…,"bc global, santiago",Presencial,Full time,Otros,No especificado,False,False,127
especialista en diseño digital,empresa destacada,Presencial,Full time,Otros,No especificado,True,False,29
especialista en diseño estructural industrial - minería,empresa confidencial,Presencial,Otro,Otros,No especificado,False,False,172
especialista en diseño de líneas de alta tensión,typsa,Presencial,Otro,Otros,No especificado,False,False,144
especialista en diseño de piping y tuberías - minería,empresa confidencial,Presencial,Otro,Otros,No especificado,False,False,170
especialista en e-commerce y marketplace,"mqo consulting spa, santiago",Presencial,Full time,Otros,No especificado,False,False,94
especialista en gestión de la información,wom s.a.,Presencial,Otro,Otros,No especificado,True,False,137
especialista en hidrología y sistemas hidráulicos - minería,empresa confidencial,Presencial,Otro,TI General,No especificado,True,False,168
especialista en instrumentación y control - minería,empresa confidencial,Presencial,Otro,Otros,No especificado,False,False,160
especialista en marketing - huechuraba,chilexpress,Presencial,Otro,Otros,No especificado,False,False,144
especialista en marketing digital y redes sociales,empresa destacada,Presencial,Full time,Otros,No especificado,True,False,32
especialista en onboarding de agentes ia (tech & business),no especificada,Presencial,Full time,Data / BI,No especificado,False,False,24
especialista en remuneraciones y experiencia del colaborador,explora,Presencial,Full time,Data / BI,No especificado,False,False,153
especialista en seo y marketing digital…,"mocat, temuco",Presencial,Full time,Otros,No especificado,True,False,98
especialista en seguridad informática - (para el salvador),c&s,Presencial,Full time,Otros,No especificado,True,False,153
especialista en soporte informático (pc/windows) – copiapó,importante empresa del sector,Presencial,Full time,Otros,No especificado,True,False,153
especialista en soporte informático retail - capacitación,ripley,Presencial,Full time,Otros,No especificado,True,False,153
especialista en soporte informático a domicilio,cronoshare.cl,Presencial,Full time,Otros,No especificado,True,False,136
especialista en soporte informático y gestión de activos,cadetech,Presencial,Full time,Otros,No especificado,True,False,151
especialista en soporte informático,inacap,Presencial,Full time,Otros,No especificado,True,False,111
especialista en soporte telefónico informático,bancoestado centro de contacto,Presencial,Full time,Otros,No especificado,True,False,149
especialista en tesoreria,especialista en tesoreria,Remoto,Full time,Otros,No especificado,False,True,153
"especialista en datos y transformación digital: ing. informática, ciberseguridad o afín",selección gtp,Presencial,Full time,Otros,No especificado,True,False,153
especialista en reclutamiento y selección de personal área minera (la serena),talentfinder,Presencial,Full time,Recursos Humanos,No especificado,False,False,153
"estamos en búsqueda de bodeguero, asistente…","montajes rc, talca",Presencial,Full time,Otros,No especificado,False,False,111
estratega de marketing digital y performance industrial,todotaller,Presencial,Full time,Otros,No especificado,True,False,153
"estudiante práctica ingeniería civil, logística, informática buin",tattersall agroinsumos s.a.,Presencial,Full time,Ingenieria Civil,No especificado,True,False,153
"estudiante de contabilidad, auditoría, finanzas o carrera afín",empresa destacada,Presencial,Full time,Otros,No especificado,False,False,31
estudiante en práctica ingeniería en administración,"san camilo, panadería y pastelería",Presencial,Full time,Otros,No especificado,False,False,153
estudiantes técnicos en administración / contact center,estudiantes técnicos en administración / contact center,Presencial,Full time,Otros,No especificado,False,False,140
evaluador de proyecto (la calera),soldesp,Presencial,Full time,Otros,No especificado,False,False,122
evaluador de proyectos: factibilidad e informes estratégicos,soldesp,Presencial,Full time,Otros,No especificado,True,False,153
evaluador de seguros masivos - desgravamen,empresa destacada,Remoto,Full time,Otros,No especificado,True,True,30
experiencia cliente | liderazgo y crecimiento con acciones,¡únete al equipo decathlon!,Presencial,Full time,Data / BI,No especificado,False,False,153
experto funcional it / sector bancario,no especificada,Presencial,Full time,Otros,No especificado,False,False,24
experto automatizacion ia,tigroup,Presencial,Full time,Otros,No especificado,False,False,104
experto en protección contra incendios en…,"empresa confidencial, santiago",Presencial,Full time,Otros,No especificado,False,False,90
facturador - san bernardo,rsc empresas,Presencial,Full time,Otros,No especificado,False,False,117
field support (presencial),no especificada,Presencial,Full time,Otros,No especificado,False,False,24
field support rm,field support rm,Presencial,Full time,Otros,No especificado,False,False,96
finance & accounting intern - graduation date: december 2026,p&g,Presencial,Full time,Otros,Junior,False,False,200
finance trainee,nestlé,Presencial,Full time,Otros,Junior,False,False,200
frontend mobile react senior,"bctecnologia, santiago",Presencial,Full time,Desarrollo / Dev,Senior,True,False,110
full stack engineer,cumplo,Presencial,Full time,Otros,No especificado,False,False,24
full-stack developer senior,no especificada,Híbrido,Full time,Desarrollo / Dev,Senior,True,False,24
fullstack,fullstack,Remoto,Full time,Desarrollo / Dev,No especificado,True,True,136
functional program manager,no especificada,Híbrido,Full time,Otros,No especificado,True,False,24
gerente administracion & finanzas,empresa destacada,Presencial,Full time,Otros,No especificado,False,False,31
gerente comercial rm,seek consultores,Presencial,Otro,Ventas / Comercial,No especificado,False,False,119
gestora de caso - ip irc coquimbo - prs n° 12,energia,Presencial,Full time,Otros,No especificado,False,False,146
gr,reale chile seguros generales,Presencial,Otro,Otros,No especificado,False,False,108
gate control,gate control,Presencial,Full time,Otros,No especificado,False,False,69
genera tu propio negocio como agente inmobiliario en re/max,remax,Presencial,Otro,Otros,No especificado,False,False,158
generalista de recursos humanos rubro manufacturero / quilicura,tawa chile s.a.,Presencial,Otro,Recursos Humanos,No especificado,False,False,181
generalista de recursos humanos,empresa destacada,Presencial,Full time,Recursos Humanos,No especificado,False,False,39
gerente administración y finanzas (santiago),innova talentos,Presencial,Full time,Otros,No especificado,False,False,135
gerente comercial facility,gestión de candidatos,Presencial,Otro,Ventas / Comercial,No especificado,False,False,140
gerente general - proyecto hotelero y turístico de alto estándar,hrgrowin,Presencial,Otro,Otros,No especificado,False,False,153
gerente zonal (zona norte),integramédica,Presencial,Otro,Otros,No especificado,False,False,117
gerente de administración & finanzas - estudio jurídico,linneberg iriarte consulting,Presencial,Full time,Otros,No especificado,False,False,153
gerente de administración y finanzas (quilicura),depot parts,Presencial,Full time,Otros,No especificado,False,False,139
gerente de administración y finanzas /rancagua,"confidencial, rancagua",Presencial,Full time,Otros,No especificado,False,False,86
gerente de administración y finanzas,advantage - active jobs,Presencial,Full time,Otros,No especificado,False,False,127
gerente de administración y finanzas,advantage,Presencial,Full time,Otros,No especificado,False,False,113
gerente de administración y finanzas,empresa destacada,Presencial,Full time,Otros,No especificado,False,False,31
gerente de administración y finanzas,holding,Presencial,Full time,Otros,No especificado,False,False,113
gerente de administración y finanzas,page executive,Presencial,Full time,Otros,No especificado,False,False,112
gerente de compras infraestructura y construcción,michael page,Presencial,Otro,DevOps / Cloud,No especificado,True,False,132
gerente de cuentas senior,gerente de cuentas senior,Remoto,Full time,Otros,Senior,False,True,141
gerente de finanzas y administración - enfoque en control,linneberg iriarte consulting,Presencial,Full time,Otros,No especificado,False,False,153
gerente de finanzas y administración | lidera estrategia,advantage - active jobs,Presencial,Full time,Otros,No especificado,False,False,153
gerente de infraestructura & operaciones (linux / cdn),no especificada,Presencial,Full time,DevOps / Cloud,No especificado,True,False,24
gerente de operaciones ecr solar,ecrgroup,Presencial,Otro,Otros,No especificado,False,False,147
gerente de operaciones rubro industrial,empresa confidencial,Presencial,Otro,Otros,No especificado,False,False,151
"gerente de operaciones rubro salud, farmacéutico.","confidencial, santiago",Presencial,Full time,Salud,No especificado,False,False,98
gerente de proyecto digitalización,empresas sb,Presencial,Otro,Otros,No especificado,True,False,132
gerente de proyecto,empresa confidencial,Presencial,Otro,Otros,No especificado,False,False,138
"gerente de tienda, tottus ciudad empresarial",tottus,Presencial,Otro,TI General,No especificado,False,False,147
gerente de ventas - equipamiento industrial,hrgrowin,Presencial,Otro,Ventas / Comercial,No especificado,False,False,148
gerente/ administrador de tienda retail copiapo,empresa confidencial,Presencial,Otro,TI General,No especificado,False,False,130
gerente/a técnico/a concesiones viales,intervial chile s.a.,Presencial,Otro,Otros,No especificado,False,False,157
gestión de casos regional para reinserción juvenil - la serena,corfo,Presencial,Full time,Otros,No especificado,False,False,153
gestor cultural especialista,energia,Presencial,Full time,Otros,No especificado,False,False,112
gestor de administración y control de inventarios retail,fashion's park s.a.,Presencial,Full time,Ventas / Comercial,No especificado,False,False,153
gestor de aplicaciones ti - dynamics / azure / sql,ingenieria informatica kibernum s.a.,Presencial,Full time,DevOps / Cloud,No especificado,True,False,153
"gestor de aplicaciones ti – dynamics 365, azure y sql",ingenieria informatica kibernum s.a.,Presencial,Full time,DevOps / Cloud,No especificado,True,False,153
gestor de informática,fundación educacional loyola,Presencial,Full time,Otros,No especificado,True,False,105
gestor de patio. logistica,empresa destacada,Presencial,Full time,Otros,No especificado,False,False,32
gestor de proyectos (product specialist ),no especificada,Remoto,Full time,Otros,No especificado,False,True,24
gestor de terminal/despachador til til,transportes rioja ltda.,Presencial,Otro,TI General,No especificado,False,False,161
gestor/a de captación de transporte,empresa destacada,Híbrido,Full time,Otros,No especificado,False,False,33
gestora de intervención juvenil y reinserción,energia,Presencial,Full time,Otros,No especificado,False,False,146
go program🚀 práctica en el área de recursos humanos,puig,Híbrido,Full time,Recursos Humanos,No especificado,True,False,197
go program🚀 práctica área de finanzas y control,puig,Híbrido,Full time,Otros,No especificado,True,False,197
go program🚀 práctica área de marketing prestige,puig,Híbrido,Full time,Otros,No especificado,True,False,201
growth manager (kam),"alto, santiago",Presencial,Full time,Otros,No especificado,False,False,100
growth marketer,no especificada,Remoto,Full time,Otros,No especificado,False,True,24
growth marketing lead (ai systems & ops),no especificada,Remoto,Full time,Otros,Senior,False,True,24
growth marketing manager (meta & google ads),no especificada,Remoto,Full time,Otros,No especificado,False,True,24
guardia de seguridad - renca,empresa destacada,Presencial,Full time,Data / BI,No especificado,True,False,32
guardia de seguridad - copia,empresa destacada,Presencial,Full time,Data / BI,No especificado,True,False,32
"guardia de seguridad ñuñoa, formato lider",empresa destacada,Presencial,Full time,Data / BI,No especificado,True,False,32
guardia de seguridad,empresa destacada,Presencial,Full time,Data / BI,No especificado,True,False,32
guardia de seguridad - concepción,empresa destacada,Presencial,Full time,Data / BI,No especificado,True,False,32
guardia de seguridad,inversiones ecomac tres s.a.,Presencial,Otro,Data / BI,No especificado,True,False,119
hr manager regional - gerente de personas regional,empresa confidencial,Presencial,Otro,Otros,No especificado,False,False,172
head coach e-commerce y marketing,no especificada,Remoto,Full time,Otros,No especificado,False,True,24
head de alianzas & partners,no especificada,Híbrido,Full time,Otros,No especificado,False,False,24
head de personas,postedin,Remoto,Full time,Otros,No especificado,False,True,197
head of core systems,global66,Presencial,Full time,Otros,No especificado,False,False,95
head of people management – hr leader (construction),fibra,Presencial,Full time,Otros,Senior,False,False,153
head of reconciliations,global66,Presencial,Full time,Otros,No especificado,False,False,101
head of reconciliations,quona capital,Presencial,Full time,Otros,No especificado,False,False,106
"headhunter - especialista en minería y energía, santiago y/o antofagasta (cód.2364)",empresa destacada,Presencial,Full time,Otros,No especificado,False,False,30
human resources intern (immediate start),p&g,Presencial,Full time,Otros,Junior,False,False,191
human resources trainee,nestlé,Presencial,Full time,Otros,Junior,False,False,203
i - 477 secretaria ejecutiva bilingüe,"metaproject group, santiago",Presencial,Full time,Data / BI,No especificado,False,False,109
i-481 analista de convenios,empresa confidencial,Presencial,Otro,Otros,No especificado,False,False,144
id 0511 serpaj antofagasta busca secretaria/o…,"serpaj, antofagasta",Presencial,Full time,Otros,No especificado,True,False,100
id 0512 serpaj antofagasta busca secretaria/o…,"serpaj, antofagasta",Presencial,Full time,Otros,No especificado,True,False,100
ing civil informatica ñuble,confidencial,Presencial,Full time,TI General,No especificado,True,False,88
ingeniero afin con diplomado en administracion…,"incognito, santiago",Presencial,Full time,Otros,No especificado,False,False,111
ingeniero desarrollador informático senior - desarrollo interno,silva bahamonde abogados,Presencial,Full time,Otros,Senior,True,False,153
ingeniero electrico,"rhoelec, santiago",Presencial,Full time,Otros,No especificado,False,False,110
ingeniero especialista civil-estructural,"bormax spa, rancagua",Presencial,Full time,Ingenieria Civil,No especificado,False,False,73
ingeniero geomensor,"empresa constructora vialidad, santiago",Presencial,Full time,Otros,No especificado,False,False,94
ingeniero informático -especialidad en inteligencia artificial,corporación administrativa del poder judicial,Presencial,Otro,Data / BI,No especificado,True,False,196
ingeniero mantenimiento y control - cartagena,"transmineral, san antonio",Presencial,Full time,Otros,No especificado,False,False,103
inspector general - antofagasta,verbum servicios psicológicos ltda,Presencial,Otro,Otros,No especificado,False,False,153
it business partner,sgs,Presencial,Full time,Otros,No especificado,False,False,88
it change manager,it change manager,Remoto,Full time,Otros,No especificado,False,True,123
ito (coquimbo),guiñez ingenieria ltda,Presencial,Otro,Otros,No especificado,False,False,110
ito ambiental - deseable experiencia obras…,"ingenet ltda, concepción",Presencial,Full time,Data / BI,No especificado,False,False,99
ito inmobiliario (concepción),empresa confidencial,Presencial,Otro,Otros,No especificado,False,False,126
implementador peoplesoft,implementador peoplesoft,Remoto,Full time,Otros,No especificado,True,True,147
implementador merchandising,"confidencial, santiago",Presencial,Full time,Otros,No especificado,False,False,100
impulsor/a de ventas — campaña de zapatillas,touch lima,Presencial,Full time,Ventas / Comercial,No especificado,False,False,140
informatico tecnico lider de células de desarrollo - contrato indefinido,perceptual consultores,Presencial,Otro,TI General,No especificado,True,False,182
informatico en sistema junior-contrato indefinido-presencial,perceptual consultores,Presencial,Otro,TI General,Junior,True,False,170
informática / telecomunicaciones,informática / telecomunicaciones,Remoto,Full time,Otros,No especificado,True,True,74
informático / soporte ti (reemplazo) (las condes),comercial icom,Presencial,Full time,TI General,No especificado,True,False,149
"informático a domicilio instalar ia, revisar y modificar archivo, traducir archivo a en pc",cronoshare.cl,Presencial,Full time,Otros,No especificado,True,False,153
informático a domicilio para quitar virus o malware en pc,cronoshare.cl,Presencial,Full time,Otros,No especificado,True,False,153
"informático a domicilio proyecto, para instalar nuevo software en proyecto",cronoshare.cl,Presencial,Full time,Desarrollo / Dev,No especificado,True,False,153
informático a domicilio respaldar 500 gb el equipo inicia sesion pero no me se la en mac,cronoshare.cl,Presencial,Full time,Data / BI,No especificado,True,False,153
"informático a domicilio revisar routers wifi en router, switch",cronoshare.cl,Presencial,Full time,Otros,No especificado,True,False,153
informático a domicilio tengo problemas desde hace tiempo para imprimir y escanear,cronoshare.cl,Presencial,Full time,TI General,No especificado,True,False,153
informático devops senior aws - huechuraba,perceptual consultores,Presencial,Full time,DevOps / Cloud,Senior,True,False,145
informático devops senior aws – huechuraba,perceptual consultores,Presencial,Full time,DevOps / Cloud,Senior,True,False,145
"informático programador / santiago, rm.",eurofirms chile,Presencial,Full time,Desarrollo / Dev,No especificado,True,False,128
"informático programador / santiago, rm.","informático programador / santiago, rm.",Presencial,Full time,Desarrollo / Dev,No especificado,True,False,110
informático técnico aws- contrato indefinido.,perceptual consultores,Presencial,Full time,DevOps / Cloud,No especificado,True,False,147
informático a domicilio: elimina virus y malware,cronoshare.cl,Presencial,Full time,Otros,No especificado,True,False,148
informático a domicilio: impresora & escáner (urgente),cronoshare.cl,Presencial,Full time,Otros,No especificado,True,False,153
informático a domicilio: instalar hardware en notebook,cronoshare.cl,Presencial,Full time,Otros,No especificado,True,False,153
informático a domicilio: optimiza red y pc,cronoshare.cl,Presencial,Full time,Otros,No especificado,True,False,152
informático a domicilio: reparación y soporte en valdivia,cronoshare.cl,Presencial,Full time,Otros,No especificado,True,False,153
informático a domicilio,cronoshare.cl,Presencial,Full time,Otros,No especificado,True,False,100
informático a domicilio armado en pc,cronoshare.cl,Presencial,Full time,Otros,No especificado,True,False,120
"informático a domicilio armar, para instalar nuevo software en pc",cronoshare.cl,Presencial,Full time,Desarrollo / Dev,No especificado,True,False,153
informático a domicilio clonacón en pc,cronoshare.cl,Presencial,Full time,Otros,No especificado,True,False,132
informático a domicilio computador nuevo en notebook o laptop,cronoshare.cl,Presencial,Full time,Otros,No especificado,True,False,153
informático a domicilio el sapme no me funciona en pc,cronoshare.cl,Presencial,Full time,Otros,No especificado,True,False,152
informático a domicilio en sharepoint,cronoshare.cl,Presencial,Full time,Otros,No especificado,True,False,116
informático a domicilio ensamblado de pc,cronoshare.cl,Presencial,Full time,Otros,No especificado,True,False,138
informático a domicilio instalar antivirus en pc,cronoshare.cl,Presencial,Full time,Otros,No especificado,True,False,140
informático a domicilio instalar office en pc,cronoshare.cl,Presencial,Full time,Otros,No especificado,True,False,148
informático a domicilio instalar y configurar nas,cronoshare.cl,Presencial,Full time,Otros,No especificado,True,False,150
informático a domicilio limpieza en notebook o laptop,cronoshare.cl,Presencial,Full time,Otros,No especificado,True,False,153
informático a domicilio mantención de equipos en pc,cronoshare.cl,Presencial,Full time,Otros,No especificado,True,False,144
informático a domicilio mantención del pc,cronoshare.cl,Presencial,Full time,Otros,No especificado,True,False,132
informático a domicilio mantenimiento servicios informaticos empresas,cronoshare.cl,Presencial,Full time,TI General,No especificado,True,False,153
informático a domicilio necesito acortar video de presentación en teléfono,cronoshare.cl,Presencial,Full time,Otros,No especificado,True,False,153
informático a domicilio no carga internet en pc,cronoshare.cl,Presencial,Full time,Otros,Junior,True,False,136
informático a domicilio o en notebook o laptop,cronoshare.cl,Presencial,Full time,Otros,No especificado,True,False,146
informático a domicilio para configurar correos electrónicos de empresa en pc,cronoshare.cl,Presencial,Full time,Otros,No especificado,True,False,153
informático a domicilio para formatear en pc,cronoshare.cl,Presencial,Full time,Otros,No especificado,True,False,134
informático a domicilio para formatear en notebook o laptop,cronoshare.cl,Presencial,Full time,Otros,No especificado,True,False,153
informático a domicilio para formatear en smartphone,cronoshare.cl,Presencial,Full time,Otros,No especificado,True,False,153
informático a domicilio para formateo y configuración de laptop para trabajo,cronoshare.cl,Presencial,Full time,Otros,No especificado,True,False,153
informático a domicilio para instalar windows 10,cronoshare.cl,Presencial,Full time,Otros,No especificado,True,False,138
informático a domicilio para instalar nuevo hardware en impresora,cronoshare.cl,Presencial,Full time,Otros,No especificado,True,False,153
informático a domicilio para instalar nuevo software en mac,cronoshare.cl,Presencial,Full time,Desarrollo / Dev,No especificado,True,False,153
informático a domicilio para instalar nuevo software en notebook o laptop,cronoshare.cl,Presencial,Full time,Desarrollo / Dev,No especificado,True,False,153
informático a domicilio para instalar nuevo software en smartphone,cronoshare.cl,Presencial,Full time,Desarrollo / Dev,No especificado,True,False,153
"informático a domicilio para instalar nuevo software, para configurar equipo",cronoshare.cl,Presencial,Full time,Desarrollo / Dev,No especificado,True,False,153
informático a domicilio para notebook o laptop,cronoshare.cl,Presencial,Full time,Otros,No especificado,True,False,138
informático a domicilio para quitar virus o malware en notebook o laptop,cronoshare.cl,Presencial,Full time,Otros,No especificado,True,False,153
informático a domicilio para quitar virus o malware en pc,cronoshare.cl,Presencial,Full time,Otros,No especificado,True,False,153
informático a domicilio para quitar virus o malware,cronoshare.cl,Presencial,Full time,Otros,No especificado,True,False,153
informático a domicilio para recuperar archivos de mi tarjeta sd,cronoshare.cl,Presencial,Full time,Otros,No especificado,True,False,153
informático a domicilio para resolver problemas de encendido o arranque en pc,cronoshare.cl,Presencial,Full time,Otros,No especificado,True,False,153
informático a domicilio para revisión de aplicaciones en notebook o laptop,cronoshare.cl,Presencial,Full time,Otros,No especificado,True,False,153
informático a domicilio para revisión de impresora,cronoshare.cl,Presencial,Full time,Otros,No especificado,True,False,153
informático a domicilio por error de sistema o pantalla azul en pc,cronoshare.cl,Presencial,Full time,Otros,No especificado,True,False,153
informático a domicilio por funcionamiento lento de pc,cronoshare.cl,Presencial,Full time,Otros,No especificado,True,False,153
informático a domicilio por funcionamiento lento en mac,cronoshare.cl,Presencial,Full time,Otros,No especificado,True,False,153
informático a domicilio por funcionamiento lento en notebook o laptop,cronoshare.cl,Presencial,Full time,Otros,No especificado,True,False,153
informático a domicilio por funcionamiento lento en pc,cronoshare.cl,Presencial,Full time,Otros,No especificado,True,False,153
informático a domicilio por funcionamiento lento en pc,cronoshare.cl,Presencial,Full time,Otros,No especificado,True,False,150
informático a domicilio puertos usb en pc,cronoshare.cl,Presencial,Full time,Otros,No especificado,True,False,134
informático a domicilio recuperar archivos,cronoshare.cl,Presencial,Full time,Otros,No especificado,True,False,136
informático a domicilio soporte informático en notebook o laptop,cronoshare.cl,Presencial,Full time,Otros,No especificado,True,False,153
informático a domicilio trabajo en excel en notebook o laptop,cronoshare.cl,Presencial,Full time,Otros,No especificado,True,False,153
informático a domicilio traspasar información de un notebook a otro,cronoshare.cl,Presencial,Full time,Otros,No especificado,True,False,153
informático a domicilio – reprogramación de bios en pc,cronoshare.cl,Presencial,Full time,Otros,No especificado,True,False,150
informático para revisión de notebook o laptop funciona lento,cronoshare.cl,Presencial,Full time,Otros,No especificado,True,False,153
informático para traspasar fotos y videos a disco duro externo,cronoshare.cl,Presencial,Full time,Otros,No especificado,True,False,153
"informático, téc. desarrollo software, talca",4t management solutions,Presencial,Full time,Desarrollo / Dev,No especificado,True,False,141
"informático, téc. experto aplicaciones sist. legados, talca",4t management solutions,Presencial,Full time,Otros,No especificado,True,False,153
"informático, técnico experto de servidores, talca",4t management solutions,Presencial,Full time,Otros,No especificado,True,False,151
informáticos biomédicos o soporte ti (las condes),abenis,Presencial,Full time,TI General,No especificado,True,False,140
informáticos área de desarrollado,informáticos área de desarrollado,Remoto,Full time,Otros,No especificado,True,True,118
informáticos área de desarrollo,informáticos área de desarrollo,Remoto,Full time,Otros,No especificado,True,True,141
ingeniera informática,"empresa de servicios en.., santiago",Presencial,Full time,Otros,No especificado,True,False,100
ingeniera/o informatica/o m365 powerplatform engineer,ingeniera/o informatica/o m365 powerplatform engineer,Remoto,Full time,DevOps / Cloud,No especificado,True,True,138
ingeniera/o informatica/o especialista en m365 teams sharepoint onedrive engineer operations,ingeniera/o informatica/o especialista en m365 teams sharepoint onedrive engineer operations,Remoto,Full time,TI General,No especificado,True,True,153
ingeniera/o informatica/o experiencia en m365 exchange engineer,ingeniera/o informatica/o experiencia en m365 exchange engineer,Remoto,Full time,Data / BI,No especificado,True,True,148
ingeniera/o informática/o experta/o en endpoint operations l3 bilingue santiago,confidencial,Presencial,Full time,Otros,No especificado,True,False,153
ingeniera/o informática/o experta/o en endpoint operations l3,ingeniera/o informática/o experta/o en endpoint operations l3,Remoto,Full time,Otros,No especificado,True,True,153
ingeniero (a) de infraestructura de redes y plataforma,ingeniero (a) de infraestructura de redes y plataforma,Presencial,Full time,DevOps / Cloud,No especificado,True,False,153
ingeniero administración (coquimbo),guiñez ingenieria ltda,Presencial,Otro,Otros,No especificado,False,False,131
ingeniero administración senior (coquimbo),guiñez ingenieria ltda,Presencial,Otro,Otros,Senior,False,False,138
ingeniero calculista – diseño estructural (andamios multidireccionales),empresa destacada,Presencial,Full time,Otros,No especificado,False,False,29
ingeniero civil en informática,universidad de los lagos,Presencial,Full time,Ingenieria Civil,No especificado,True,False,115
ingeniero civil informatico (pudahuel),empresa líder,Presencial,Full time,TI General,No especificado,True,False,124
ingeniero civil informatico (pudahuel),"empresa líder mundial en inspección, verificación, análisis y certificación",Presencial,Full time,TI General,No especificado,True,False,153
ingeniero civil informatico,ingeniero civil informatico,Remoto,Full time,TI General,No especificado,True,True,116
ingeniero civil informático recién titulado o egresado ingeniero civil informático,agtec servicios informáticos,Presencial,Full time,TI General,No especificado,True,False,153
ingeniero civil informático recién titulado o egresado,ingeniero civil informático recién titulado o egresado,Remoto,Full time,TI General,No especificado,True,True,153
ingeniero civil informático – optimiza macros y bots (híbrido),ucv,Híbrido,Full time,Ingenieria Civil,No especificado,True,True,153
"ingeniero civil informático: erp, apps móviles y e-learning",confidencial,Presencial,Full time,Ingenieria Civil,No especificado,True,False,153
ingeniero civil informático,ucv,Presencial,Full time,Ingenieria Civil,No especificado,True,False,96
ingeniero civil mecánico – sin experiencia,ingeniero civil mecánico – sin experiencia,Presencial,Full time,Ingenieria Civil,No especificado,False,False,98
ingeniero comercial (recién egresado) - sector…,"servicios aerportuarios s.a, santiago",Presencial,Full time,Ventas / Comercial,No especificado,False,False,106
ingeniero comercial - comercio exterior,empresa destacada,Presencial,Full time,Ventas / Comercial,No especificado,False,False,40
ingeniero desarrollador ia,ingeniero desarrollador ia,Remoto,Full time,Otros,No especificado,True,True,123
ingeniero desarrollador para importante multinacional de tecnología,empresa destacada,Presencial,Full time,Otros,No especificado,True,False,33
ingeniero desarrollo de sistemas,ingeniero desarrollo de sistemas,Remoto,Full time,TI General,No especificado,True,True,121
ingeniero devops / inglés avanzado,no especificada,Remoto,Full time,DevOps / Cloud,No especificado,True,True,24
ingeniero devops senior huechuraba.,ingeniero devops senior huechuraba.,Presencial,Full time,DevOps / Cloud,Senior,True,False,140
ingeniero diseño ran,empresa destacada,Remoto,Full time,Otros,No especificado,False,True,29
ingeniero diseño ran,entel,Presencial,Otro,Otros,No especificado,False,False,114
ingeniero eléctrico proyectos fotovoltaicos,verbum servicios psicológicos ltda,Presencial,Otro,Otros,No especificado,False,False,172
ingeniero especialista (coquimbo),guiñez ingenieria ltda,Presencial,Otro,Otros,No especificado,False,False,129
ingeniero especialista eléctrico (coquimbo),guiñez ingenieria ltda,Presencial,Otro,Otros,No especificado,False,False,139
ingeniero especialista experto (coquimbo),guiñez ingenieria ltda,Presencial,Otro,Otros,No especificado,False,False,137
ingeniero especialista en informática industrial,globalconexus,Presencial,Full time,Otros,No especificado,True,False,144
ingeniero especialista en informática industrial,psinet chile s.a,Presencial,Otro,Otros,No especificado,True,False,167
ingeniero especialista en informática industrial,psinet,Presencial,Full time,Otros,No especificado,True,False,133
ingeniero grc tecnológico – ibm openpages,ingeniero grc tecnológico – ibm openpages,Remoto,Full time,Otros,No especificado,True,True,153
ingeniero implementación de negocios,no especificada,Presencial,Full time,Otros,No especificado,False,False,24
ingeniero industrial en informática y automatización,globalconexus,Presencial,Full time,Otros,No especificado,True,False,152
ingeniero informatico desarrollador,ingeniero informatico desarrollador,Presencial,Full time,TI General,No especificado,True,False,153
ingeniero informatico,ingeniero informatico,Remoto,Full time,TI General,No especificado,True,True,138
ingeniero informático - analista programador (web apps),centro de ecología aplicada | cea,Presencial,Full time,Desarrollo / Dev,No especificado,True,False,153
ingeniero informático - analista programador de web apps,nosotros,Presencial,Full time,Desarrollo / Dev,No especificado,True,False,153
ingeniero informático - analista programador,centro de ecología aplicada | cea,Presencial,Full time,Desarrollo / Dev,No especificado,True,False,153
ingeniero informático - analista programador,nosotros,Presencial,Full time,Desarrollo / Dev,No especificado,True,False,131
ingeniero informático - power bi & dashboards (contrato indefinido),gruponorte,Presencial,Full time,Data / BI,No especificado,True,False,153
ingeniero informático / providencia / rubro de rrhh. (santiago),grupo norte chile,Presencial,Full time,Data / BI,No especificado,True,False,153
ingeniero informático / providencia / rubro de rrhh.,gruponorte,Presencial,Full time,Data / BI,No especificado,True,False,149
ingeniero informático / providencia / rubro de rrhh.,ingeniero informático / providencia / rubro de rrhh.,Presencial,Full time,Data / BI,No especificado,True,False,153
"ingeniero informático fintech – full stack (talca, 40h)",logros servicios financieros spa,Presencial,Full time,Otros,No especificado,True,False,153
ingeniero informático minero | soporte y optimización,oca chile,Presencial,Full time,Otros,No especificado,True,False,150
ingeniero informático con experiencia en implementación de proyectos de ti (santiago),industrial,Presencial,Full time,Data / BI,No especificado,True,False,153
ingeniero informático con experiencia en implementación de proyectos de ti,industrial,Presencial,Full time,Data / BI,No especificado,True,False,153
ingeniero informático minería,ingeniero informático minería,Presencial,Full time,Otros,No especificado,True,False,86
ingeniero informático | dashboards & kpis con power bi,grupo norte chile,Presencial,Full time,Ventas / Comercial,No especificado,True,False,153
ingeniero informático | pm de proyectos it,industrial,Presencial,Full time,Otros,No especificado,True,False,129
ingeniero informático – especialista en pruebas técnicas y funcionales,globaltuning,Presencial,Full time,Otros,No especificado,True,False,153
ingeniero informático: lidera gobernanza de datos,veolia,Presencial,Full time,Otros,No especificado,True,False,140
ingeniero informático: reparación de modelo 3d y cpanel,11714705-3,Presencial,Full time,Otros,No especificado,True,False,153
ingeniero informático,empresa destacada,Presencial,Full time,Otros,No especificado,True,False,34
ingeniero linux laboratorio,no especificada,Presencial,Full time,Otros,No especificado,True,False,24
ingeniero logística e inventarios (coquimbo),guiñez ingenieria ltda,Presencial,Otro,Ventas / Comercial,No especificado,False,False,140
ingeniero logística e inventarios l033,cyd ingeniería ltda.,Presencial,Otro,Ventas / Comercial,No especificado,False,False,133
ingeniero machine learning,ingeniero machine learning,Remoto,Full time,Data / BI,No especificado,True,True,111
ingeniero mecánico maquinaria pesada,"cultura asesorías, antofagasta",Presencial,Full time,Data / BI,No especificado,False,False,106
ingeniero o ingeniera para auditoría informática,esval y aguas del valle,Presencial,Full time,Otros,No especificado,True,False,153
ingeniero residente,"construcción e ingeniería aguas.., rancagua",Presencial,Full time,Otros,No especificado,False,False,96
ingeniero software senior,no especificada,Híbrido,Full time,Desarrollo / Dev,Senior,True,False,24
ingeniero soporte en redes y telecomunicaciones (tarapacá),no especificada,Presencial,Full time,Otros,No especificado,True,False,24
ingeniero traine de desarrollo,ingeniero traine de desarrollo,Presencial,Full time,Otros,No especificado,False,False,102
ingeniero ventas para equipos transporte fluidos - antofagasta,5s consultores,Presencial,Otro,Ventas / Comercial,No especificado,False,False,155
ingeniero de administración recién titulado: analista junior servicio al cliente (sap sd),ingeniero de administración recién titulado: analista junior servicio al cliente (sap sd),Presencial,Full time,TI General,Junior,True,False,153
ingeniero de continuidad operacional ti,bc tecnología,Presencial,Full time,TI General,No especificado,False,False,138
ingeniero de continuidad operacional ti,no especificada,Híbrido,Full time,TI General,No especificado,False,False,24
ingeniero de control de proyectos (coquimbo),guiñez ingenieria ltda,Presencial,Otro,Otros,No especificado,False,False,140
ingeniero de datos aws,no especificada,Híbrido,Full time,DevOps / Cloud,No especificado,True,False,24
ingeniero de datos para cobranza y analítica,banco de crédito e inversiones,Presencial,Full time,Otros,No especificado,True,False,153
ingeniero de datos,cencosud,Presencial,Full time,Otros,No especificado,True,False,200
ingeniero de datos,confidencial,Híbrido,Full time,Otros,No especificado,True,False,198
ingeniero de datos,ingeniero de datos,Presencial,Full time,Otros,No especificado,True,False,139
ingeniero de desarrollo de software,ingeniero de desarrollo de software,Remoto,Full time,Desarrollo / Dev,No especificado,True,True,108
ingeniero de ejecución administración mención marketing,ingeniero de ejecución administración mención marketing,Presencial,Full time,Otros,No especificado,False,False,153
ingeniero de ejecución informático – soporte (minería),sgs,Presencial,Full time,Otros,No especificado,True,False,146
ingeniero de explotación de servicios senior (it),ingeniero de explotación de servicios senior (it),Presencial,Full time,Otros,Senior,False,False,118
ingeniero de explotación de servicios senior (infraestructura it),ingeniero de explotación de servicios senior (infraestructura it),Presencial,Full time,DevOps / Cloud,Senior,True,False,153
ingeniero de ia generativa y automatización de procesos,ingeniero de ia generativa y automatización de procesos,Presencial,Full time,Data / BI,No especificado,False,False,153
ingeniero de implementación de ia e hiperautomatización,no especificada,Remoto,Full time,Data / BI,No especificado,False,True,24
ingeniero de informática industrial | proyectos cctv y ot en minería,psinet,Presencial,Full time,Otros,No especificado,True,False,153
ingeniero de marketing,empresa destacada,Presencial,Full time,Otros,No especificado,False,False,32
ingeniero de operaciones,im2 energía,Presencial,Full time,Otros,No especificado,False,False,106
ingeniero de planificación / santiago rm,ingeniero de planificación / santiago rm,Presencial,Full time,Otros,No especificado,False,False,136
ingeniero de planificación de mantenimiento,empresa destacada,Híbrido,Full time,Otros,No especificado,False,False,36
ingeniero de preventa e informática,empresa confidencial,Presencial,Otro,Ventas / Comercial,No especificado,True,False,147
ingeniero de procesos / encargado de calidad – servicio de administración y operación bodega minería,ingeniero de procesos / encargado de calidad – servicio de administración y operación bodega minería,Presencial,Full time,QA / Testing,No especificado,False,False,153
ingeniero de procesos sistemas y tecnología,empresa destacada,Híbrido,Full time,TI General,No especificado,True,False,33
ingeniero de proyectos informáticos,empresa confidencial,Presencial,Otro,Otros,No especificado,True,False,147
ingeniero de proyectos,"consultora, santiago",Presencial,Full time,Otros,No especificado,False,False,92
ingeniero de pruebas qa automatizadas (para el salvador),c&s,Presencial,Full time,QA / Testing,No especificado,True,False,153
ingeniero de seguridad informática – ciberseguridad,empresa de telecomunicaciones,Presencial,Full time,Otros,No especificado,True,False,153
ingeniero de seguridad ti,ingeniero de seguridad ti,Remoto,Full time,TI General,No especificado,True,True,125
"ingeniero de seguridad y salud ocupacional sns, coquimbo id 147",empresa confidencial,Presencial,Otro,Salud,No especificado,True,False,158
ingeniero de sistemas y conectividad,ingeniero de sistemas y conectividad,Presencial,Full time,TI General,No especificado,True,False,130
ingeniero de sistemas,ingeniero de sistemas,Presencial,Full time,TI General,No especificado,True,False,106
ingeniero de software senior python // ruby // java // go,no especificada,Presencial,Full time,Desarrollo / Dev,Senior,True,False,24
ingeniero de soporte it,no especificada,Presencial,Full time,Otros,No especificado,True,False,24
ingeniero de soporte informático n1 (linux),ingeniero de soporte informático n1 (linux),Remoto,Full time,Otros,No especificado,True,True,148
ingeniero de soporte,no especificada,Híbrido,Full time,Otros,No especificado,True,False,24
ingeniero de ventas,empresa destacada,Presencial,Full time,Ventas / Comercial,No especificado,False,False,29
ingeniero de estudios y propuestas - minería,empresa destacada,Presencial,Full time,Otros,No especificado,False,False,30
ingeniero de observabilidad ti modalidad hibrida,"valor único, santiago",Presencial,Full time,TI General,No especificado,True,False,119
ingeniero de ventas calama correas transportadoras,"empresa de correas transportadoras, calama",Presencial,Full time,Ventas / Comercial,No especificado,False,False,94
ingeniero desarrollo informatico,ingeniero desarrollo informatico,Presencial,Full time,TI General,No especificado,True,False,116
ingeniero ejecución administración mención marketing,ingeniero ejecución administración mención marketing,Presencial,Full time,Otros,No especificado,False,False,153
ingeniero en ciberseguridad senior - pudahuel - contrato indefinido,perceptual consultores,Presencial,Otro,Otros,Senior,True,False,182
ingeniero en computación e informática,ingeniero en computación e informática,Remoto,Full time,Otros,No especificado,True,True,124
ingeniero en construcción / modelador bim…,"egermann complex 3d, valparaíso",Presencial,Full time,Otros,No especificado,False,False,91
ingeniero en construcción o constructor civil - calama,aguas de antofagasta s.a,Presencial,Otro,Ingenieria Civil,No especificado,False,False,161
ingeniero en continuidad operacional,ingeniero en continuidad operacional,Presencial,Full time,Otros,No especificado,False,False,130
"ingeniero en control de gestión (cobranza operacional, gerencia operaciones)",afp modelo,Presencial,Full time,Data / BI,No especificado,False,False,198
ingeniero en eficiencia,cencosud,Presencial,Full time,Otros,No especificado,False,False,201
ingeniero en informática (junior) - melipilla,empresa destacada,Presencial,Full time,Otros,Junior,True,False,34
ingeniero en informática / servicios financieros – talca,logros servicios financieros spa,Presencial,Full time,Otros,No especificado,True,False,153
ingeniero en informática recién titulado (santiago),seidor chile,Presencial,Full time,TI General,No especificado,True,False,149
ingeniero en informática para docencia e innovación,universidad de los lagos,Presencial,Full time,Data / BI,No especificado,True,False,153
"ingeniero en informática, técnico en administración de sistemas/santiago",empresa destacada,Remoto,Full time,TI General,No especificado,True,True,34
ingeniero en informática,ingeniero en informática,Remoto,Full time,Otros,No especificado,True,True,110
ingeniero en prevención de riesgos / experiencia minería - norma codelco /1500000,empresa destacada,Presencial,Full time,Data / BI,No especificado,False,False,30
ingeniero en prevención de riesgos – minería (santiago + terreno),empresa destacada,Presencial,Full time,Otros,No especificado,False,False,30
ingeniero en terreno,enex s. a,Presencial,Otro,Otros,No especificado,False,False,122
ingeniero en transporte,empresa destacada,Presencial,Full time,Otros,No especificado,False,False,33
ingeniero en administración de empresas,fuerza laboral est spa,Presencial,Full time,Otros,No especificado,False,False,132
ingeniero en administración de empresas,ingeniero en administración de empresas,Remoto,Full time,Otros,No especificado,False,True,153
ingeniero en administración en clinicas,roma clinica dental,Presencial,Full time,Otros,No especificado,False,False,129
ingeniero en administración u otro para ejecutivo/a de atención de cliente senior,a&b gestion,Presencial,Full time,Otros,Senior,False,False,153
ingeniero en administración u otro para ejecutivo/a de atención de cliente senior,ingeniero en administración u otro para ejecutivo/a de atención de cliente senior,Remoto,Full time,Otros,Senior,False,True,153
ingeniero en conectivdad y redes,ingeniero en conectivdad y redes,Presencial,Full time,Otros,No especificado,True,False,125
ingeniero en informática trainee (coronel),randstad est,Presencial,Full time,Otros,Junior,True,False,135
ingeniero en informática trainee,randstad est,Presencial,Full time,Otros,Junior,True,False,109
ingeniero en informática – proyecto preservación digital,empresa destacada,Presencial,Full time,Otros,No especificado,True,False,34
ingeniero informático gestor de procesos de mejora proyecto en santiago centro,confidencial,Presencial,Full time,Otros,No especificado,True,False,153
ingeniero informático gestor de procesos de mejora,ingeniero informático gestor de procesos de mejora,Presencial,Full time,Otros,No especificado,True,False,153
ingeniero visión computacional,ingeniero visión computacional,Remoto,Full time,Otros,No especificado,False,True,153
ingeniero(a) cloud jr - full remoto,"las condes, metropolitana de santiago",Remoto,Otro,DevOps / Cloud,No especificado,True,True,139
ingeniero(a) de ventas minería,empresa destacada,Presencial,Full time,Ventas / Comercial,No especificado,False,False,30
ingeniero(a) en ejecución informática en práctica o recién egresado,empresa destacada,Presencial,Full time,Otros,No especificado,True,False,34
ingeniero/técnico en construcción - licitaciones,empresa destacada,Presencial,Full time,Otros,No especificado,False,False,35
ingeniero/a bi gestión espacios comerciales,ripley chile,Presencial,Full time,Data / BI,No especificado,True,False,145
ingeniero/a civil especialista en tranques de relaves,meta project,Presencial,Otro,Ingenieria Civil,No especificado,False,False,140
ingeniero/a civil informática – gestión de sistemas (viña del mar),ingeniero/a civil informática – gestión de sistemas (viña del mar),Presencial,Full time,TI General,No especificado,True,False,128
ingeniero/a civil mecánico proyectos multidisciplinarios - minera los pelambres,j.e.j. ingeniería s.a.,Presencial,Full time,Ingenieria Civil,No especificado,False,False,153
ingeniero/a constructor - residente de obra (proyecto habitacional),balkon,Presencial,Full time,Otros,No especificado,False,False,153
ingeniero/a control de gestión financiero - las condes,ccu,Presencial,Full time,Otros,No especificado,False,False,24
ingeniero/a informático con experiencia en proyectos de ti y erp implementacion (santiago),industrial,Presencial,Full time,Data / BI,No especificado,True,False,153
ingeniero/a informático con experiencia en proyectos de ti y erp implementacion,industrial,Presencial,Full time,Data / BI,No especificado,True,False,153
ingeniero/a informático con manejo de data governance gestión de proyectos y análisis de riesgos,ingeniero/a informático con manejo de data governance gestión de proyectos y análisis de riesgos,Presencial,Full time,Data / BI,No especificado,True,False,153
ingeniero/a informático con manejo de data governance,veolia,Presencial,Full time,Data / BI,No especificado,True,False,147
ingeniero/a informático/a con experiencia en minería,oca chile,Presencial,Full time,Data / BI,No especificado,True,False,149
ingeniero/a informático/a,ingeniero/a informático/a,Remoto,Full time,Otros,No especificado,True,True,116
ingeniero/a modern workplace y azure virtual desktop,ingeniero/a modern workplace y azure virtual desktop,Remoto,Full time,DevOps / Cloud,No especificado,True,True,153
ingeniero/a paid media - gerencia de clientes y marketing,consorcio,Presencial,Otro,Data / BI,No especificado,False,False,166
ingeniero/a predictivo,teck,Presencial,Full time,Otros,No especificado,True,False,97
ingeniero/a senior de planificación y control de proyectos – minería,empresa destacada,Híbrido,Full time,Otros,Senior,False,False,30
ingeniero/a de automatización e integraciones (la serena),inmobiliaria costanera pacãfico,Presencial,Full time,Otros,No especificado,False,False,153
ingeniero/a de compras estratégicas,ingeniero/a de compras estratégicas,Presencial,Full time,Otros,No especificado,False,False,153
ingeniero/a de contratos servicios y abastecimiento rubro minero antofagasta,team work recursos humanos ltda.,Presencial,Otro,Otros,No especificado,False,False,205
ingeniero/a de desarrollo e integración –…,"haibu solutions spa, santiago",Presencial,Full time,Otros,No especificado,False,False,90
ingeniero/a de procesos – las condes,ingeniero/a de procesos – las condes,Presencial,Full time,Otros,No especificado,False,False,137
ingeniero/a de qa y automatización,no especificada,Híbrido,Full time,QA / Testing,No especificado,True,False,24
ingeniero/a de sistemas o informático – automatización y plataformas sap / salesforce,grupo grafton,Presencial,Full time,TI General,No especificado,True,False,153
ingeniero/a de sistemas y optimización de flujos,ingeniero/a de sistemas y optimización de flujos,Remoto,Full time,TI General,No especificado,True,True,153
"ingeniero/a de software — robótica, percepción",no especificada,Presencial,Full time,Desarrollo / Dev,No especificado,True,False,24
ingeniero/a de software,ingeniero/a de software,Remoto,Full time,Desarrollo / Dev,No especificado,True,True,132
"ingeniero/a de soporte lims, idiem","idiem, santiago",Presencial,Full time,Otros,No especificado,True,False,99
ingeniero/a de soporte en redes y telecomunicaciones,ingeniero/a de soporte en redes y telecomunicaciones,Presencial,Full time,Otros,No especificado,True,False,125
ingeniero/a de ventas técnico - especialista en minería,empresa destacada,Presencial,Full time,Ventas / Comercial,No especificado,False,False,30
ingeniero/a en informática – especialista en infraestructura y virtualización,tecnoasistencia computacional spa,Presencial,Full time,DevOps / Cloud,No especificado,True,False,153
ingeniero/a en logística,empresa destacada,Presencial,Full time,Otros,No especificado,False,False,32
ingeniero/a en informática especialista operación cloud n.2 providencia,incosec,Presencial,Full time,DevOps / Cloud,No especificado,True,False,153
ingeniero/a en informática especialista operación cloud n.2,ingeniero/a en informática especialista operación cloud n.2,Presencial,Full time,DevOps / Cloud,No especificado,True,False,153
ingenieros civiles informáticos o comerciales,iconstruye sa,Presencial,Full time,Ingenieria Civil,No especificado,True,False,137
inside sales representative,inside sales representative,Remoto,Full time,Otros,No especificado,False,True,153
inspector técnico de obra montaje estructuras y equipos ssee alta tensión zona sur,j.e.j. ingeniería,Presencial,Otro,Otros,No especificado,False,False,167
inspector técnico de obras para obra en comuna de valparaíso,empresa confidencial,Presencial,Otro,Ingenieria Civil,No especificado,False,False,167
inspector de administración,applus+ chile,Presencial,Otro,Otros,No especificado,False,False,133
inspector de programación y control,applus+ chile,Presencial,Otro,Otros,No especificado,True,False,141
inspector(a) electricista 6885-6 antofagasta,ryq ingeniería,Presencial,Otro,Otros,No especificado,False,False,141
integrador técnico / automation specialist,no especificada,Remoto,Full time,Otros,No especificado,False,True,24
jefe (a) punto de venta mall…,"benny chile, quillota",Presencial,Full time,Ventas / Comercial,Senior,False,False,90
jefe administración y finanzas,matchfinders,Presencial,Full time,Otros,Senior,False,False,104
jefe de administracion y finanzas administración · iquique,procesum consultores gerenciales ltda.,Presencial,Full time,Otros,Senior,False,False,153
jefe de bodega,"sociedad de riego insumos.., rancagua",Presencial,Full time,Otros,Senior,False,False,89
jefe de innovación y tecnología educativa,empresa destacada,Presencial,Full time,Otros,Senior,True,False,33
jefe de operaciones y administracion,"comercializadora de congelados, santiago",Presencial,Full time,Otros,Senior,False,False,99
jefe/a de contabilidad,dosh consultores,Presencial,Full time,Otros,Senior,False,False,109
jardinero / comuna el bosque,cdo servicios empresariales,Presencial,Otro,Otros,No especificado,False,False,163
jefatura departamento de administración y finanzas serviu región de antofagasta,corfo,Presencial,Full time,Otros,No especificado,False,False,153
jefatura departamento de administración y finanzas serviu región del biobío (concepción),corfo,Presencial,Full time,Otros,No especificado,False,False,153
jefe (a) de operaciones centro de salud- concepción,empresa destacada,Presencial,Full time,Salud,Senior,False,False,28
jefe / encargado de operaciones y…,"comercial mar azul sa, santiago",Presencial,Full time,Otros,Senior,False,False,99
jefe administración y finanzas,empresa destacada,Presencial,Full time,Otros,Senior,False,False,31
"jefe administración, rrhh y finanzas",humannet,Presencial,Full time,Recursos Humanos,Senior,False,False,113
jefe administrativo campo - los andes,"praxis personas, los andes",Presencial,Full time,Otros,Senior,False,False,80
jefe administrativo campo san vicente de…,"praxis personas, rancagua",Presencial,Full time,Otros,Senior,False,False,93
jefe administrativo de personas faena / la negra antofagasta,jefe administrativo de personas faena / la negra antofagasta,Presencial,Full time,Otros,Senior,False,False,137
"jefe asesoría, perforación y habilitación (la serena)",ingenieros consultores asociados,Presencial,Full time,Otros,Senior,False,False,153
jefe ciclo ingreso - clínica redsalud elqui,clínica redsalud elqui,Presencial,Otro,Salud,Senior,True,False,137
jefe ciencia de datos en identidades,banco de chile,Presencial,Full time,Data / BI,Senior,True,False,133
jefe comercial - coquimbo/la serena,empresa confidencial,Presencial,Otro,Ventas / Comercial,Senior,False,False,127
jefe comercial y ventas,"holding, ovalle",Presencial,Full time,Ventas / Comercial,Senior,False,False,98
jefe de administración y finanzas,nortrans,Presencial,Full time,Otros,Senior,False,False,112
jefe de sucursal - la serena,importante empresa de retail,Presencial,Full time,Otros,Senior,False,False,133
jefe de ventas mayorista - easy la serena,cencosud,Presencial,Full time,Ventas / Comercial,Senior,False,False,132
jefe finanza y administración – llanquihue,empresas humannet,Presencial,Full time,Otros,Senior,False,False,141
jefe general de administración // calama,jefe general de administración // calama,Presencial,Full time,Otros,Senior,False,False,106
jefe general de hotelería // calama,jefe general de hotelería // calama,Presencial,Full time,Otros,Senior,False,False,101
jefe hse minería - carguío y transporte,empresa destacada,Presencial,Full time,Otros,Senior,False,False,30
jefe iam y ciberseguridad: control de accesos,confidencial,Presencial,Full time,Otros,Senior,True,False,153
jefe marketing (reemplazo pre y post),empresa destacada,Híbrido,Full time,Otros,Senior,False,False,32
jefe marketing (reemplazo pre y post),farmacias knop s.a,Presencial,Otro,Otros,Senior,False,False,155
jefe oficina central casa matriz,"montajes industriales ltda, temuco",Presencial,Full time,Otros,Senior,False,False,104
jefe post venta - constructora la serena,finden talent,Presencial,Full time,Ventas / Comercial,Senior,False,False,142
jefe post venta - constructora la serena,findentalent,Presencial,Full time,Ventas / Comercial,Senior,False,False,141
jefe proyecto - informatico (santiago),mm asesorias,Presencial,Full time,TI General,Senior,True,False,131
jefe proyectos arquitectura y diseño,empresa destacada,Presencial,Full time,Otros,Senior,False,False,29
jefe recepción y entregas - iv región,finden talent,Presencial,Full time,Otros,Senior,False,False,136
jefe servicio al cliente -post venta la serena,finden talent,Presencial,Full time,Ventas / Comercial,Senior,False,False,153
jefe supervisor de ventas insumos médicos (zona norte y sur),perceptual consultores,Presencial,Otro,Ventas / Comercial,Senior,False,False,155
jefe turno noche / sector poniente de santiago,jefe turno noche / sector poniente de santiago,Presencial,Full time,Otros,Senior,False,False,132
jefe unidad de tablero,tecnored,Presencial,Otro,Otros,Senior,False,False,114
jefe zonal de ventas: coquimbo y atacama (líder en terreno),moltran,Presencial,Full time,Ventas / Comercial,Senior,False,False,153
jefe zonal — regiones de coquimbo y atacama (la serena),moltran,Presencial,Full time,Otros,Senior,False,False,153
jefe zonal — regiones de coquimbo y atacama,moltran,Presencial,Full time,Otros,Senior,False,False,142
jefe de abastecimiento,jefe de abastecimiento,Presencial,Full time,Otros,Senior,False,False,141
jefe de administración y control hotelero,talbot hotels,Presencial,Full time,Otros,Senior,False,False,129
jefe de administración y finanzas (aysén),cft estatal aysen,Presencial,Full time,Otros,Senior,False,False,125
jefe de administración y finanzas (san bernardo),atcom chile,Presencial,Full time,Otros,Senior,False,False,139
jefe de administración y finanzas (santiago),constructora hurue,Presencial,Full time,Otros,Senior,False,False,138
jefe de administración y finanzas (santiago),grupo del valle,Presencial,Full time,Otros,Senior,False,False,135
jefe de administración y finanzas (reemplazo - concepción),sacyr vallehermoso participaciones mobiliarias sl,Presencial,Full time,Otros,Senior,False,False,153
jefe de administración y finanzas - casablanca,empresa destacada,Presencial,Full time,Otros,Senior,False,False,31
jefe de administración y finanzas - liderazgo analítico,manpower chile,Presencial,Full time,Otros,Senior,False,False,153
jefe de administración y finanzas - llay-llay,empresa destacada,Presencial,Full time,Otros,Senior,False,False,31
jefe de administración y finanzas - osorno,empresa reconocida,Presencial,Full time,Otros,Senior,False,False,130
jefe de administración y finanzas — lidera gestión y recursos,corfo,Presencial,Full time,Otros,Senior,False,False,153
jefe de administración y finanzas,confidencial,Presencial,Full time,Otros,Senior,False,False,116
jefe de administración y finanzas,empresa destacada,Presencial,Full time,Otros,Senior,False,False,31
jefe de administración y finanzas,global talent,Presencial,Full time,Otros,Senior,False,False,111
jefe de administración y finanzas,jefe de administración y finanzas,Presencial,Full time,Otros,Senior,False,False,90
jefe de administración y finanzas,nosotros,Presencial,Full time,Otros,Senior,False,False,106
jefe de administración y operaciones,rplus,Presencial,Full time,Otros,Senior,False,False,109
"jefe de administración, tesorería y finanzas",perceptual consultores,Presencial,Full time,Otros,Senior,False,False,143
jefe de administración,confidencial,Presencial,Full time,Otros,Senior,False,False,90
jefe de administración,sociedad concesionaria penitenciario de copiapo s.a.,Presencial,Full time,Otros,Senior,False,False,126
jefe de asesoría y obras de perforación y habilitación,ingenieros consultores asociados,Presencial,Full time,Ingenieria Civil,Senior,False,False,153
jefe de asesoría,"empresa consultora, valdivia",Presencial,Full time,Otros,Senior,False,False,86
jefe de atención a cliente,colaboral,Presencial,Full time,Otros,Senior,False,False,110
jefe de atención a cliente,finden,Presencial,Full time,Otros,Senior,False,False,107
jefe de bodega gastronomía,empresa destacada,Presencial,Full time,Otros,Senior,False,False,34
jefe de bodega y despacho,"oppici sa, santiago",Presencial,Full time,Otros,Senior,False,False,107
jefe de bodega y logística / industria de alimentos,axis human,Presencial,Full time,Data / BI,Senior,False,False,153
jefe de capacitación,empresa destacada,Presencial,Full time,Otros,Senior,False,False,30
jefe de compras y administración estratégica,abc s.a.,Presencial,Full time,Otros,Senior,False,False,128
"jefe de construcción senior, coordinación y apoyo a obras.",empresa destacada,Presencial,Full time,Ingenieria Civil,Senior,False,False,35
jefe de contabilidad - copia,empresa destacada,Presencial,Full time,Otros,Senior,False,False,35
jefe de contabilidad - rubro consultoría,empresa destacada,Presencial,Full time,Otros,Senior,False,False,35
jefe de contabilidad corporativo,empresa destacada,Presencial,Full time,Otros,Senior,False,False,35
jefe de contabilidad y finanzas - sector industrial iquique,hrgrowin,Presencial,Otro,Otros,Senior,False,False,149
jefe de contabilidad,"confidencial, santiago",Presencial,Full time,Otros,Senior,False,False,85
jefe de contabilidad,empresa destacada,Presencial,Full time,Otros,Senior,False,False,35
jefe de contabilidad,empresa destacada,Remoto,Full time,Otros,Senior,False,True,35
jefe de contabilidad,renee,Presencial,Full time,Otros,Senior,False,False,94
jefe de contabilidad,"renee, la serena",Presencial,Full time,Otros,Senior,False,False,100
jefe de contabilidad,"sociedad de profesionales 123.., santiago",Presencial,Full time,Otros,Senior,False,False,92
jefe de contabilidad,"ufinet chile spa., santiago",Presencial,Full time,Otros,Senior,False,False,110
jefe de control de accesos ciberseguridad,confidencial,Presencial,Full time,Otros,Senior,True,False,149
jefe de control de gestión (la serena),redsalud,Presencial,Full time,Otros,Senior,False,False,133
jefe de departamento de informática (santiago),importante grupo,Presencial,Full time,Otros,Senior,True,False,143
jefe de desarrollo ti,jefe de desarrollo ti,Presencial,Full time,TI General,Senior,False,False,129
jefe de desarrollo de programas de educación en salud - las condes,empresa destacada,Presencial,Full time,Salud,Senior,True,False,32
jefe de finanza administración · santiago,procesum consultores gerenciales ltda.,Presencial,Full time,Otros,Senior,False,False,152
jefe de finanzas - talca,empresa destacada,Presencial,Full time,Otros,Senior,False,False,31
jefe de finanzas y administración - lidera presupuesto,sacyr vallehermoso participaciones mobiliarias sl,Presencial,Full time,Otros,Senior,False,False,153
jefe de finanzas y administración | lidera tesorería,sacyr,Presencial,Full time,Otros,Senior,False,False,141
jefe de finanzas y administración – flujo de caja e inversiones,procesum consultores gerenciales ltda.,Presencial,Full time,Otros,Senior,False,False,153
jefe de finanzas y administración – santiago,advantage,Presencial,Full time,Otros,Senior,False,False,129
jefe de finanzas y administración — liderazgo estratégico,talentfinder,Presencial,Full time,Otros,Senior,False,False,153
jefe de finanzas,empresa confidencial,Presencial,Otro,Otros,Senior,False,False,137
jefe de finanzas,"freemaq spa, valparaíso",Presencial,Full time,Otros,Senior,False,False,92
jefe de flota y construcción de…,"holiday rent, santiago",Presencial,Full time,Otros,Senior,False,False,82
jefe de gestión y de negocios (antofagasta),cyd ingeniería,Presencial,Full time,Otros,Senior,False,False,153
jefe de informática - puerto montt (llanquihue),importante empresa del sector,Presencial,Full time,Otros,Senior,True,False,153
jefe de informática en puerto montt: infraestructura e innovación,importante empresa del sector,Presencial,Full time,DevOps / Cloud,Senior,True,False,153
jefe de informática y servicios ti – liderazgo operativo,grupo ps,Presencial,Full time,TI General,Senior,True,False,153
jefe de informática | lidera proyectos y transformación digital,importante grupo,Presencial,Full time,Otros,Senior,True,False,153
jefe de infraestructura y soporte,tigo venezuela,Presencial,Full time,DevOps / Cloud,Senior,True,False,129
jefe de ingeniería - industria minería,empresa destacada,Presencial,Full time,Data / BI,Senior,False,False,33
jefe de ingeniería,empresa destacada,Presencial,Full time,Otros,Senior,False,False,33
jefe de mantenimiento (polimeros),empresa destacada,Presencial,Full time,Otros,Senior,False,False,36
jefe de mantenimiento - mejillones,empresa destacada,Presencial,Full time,Otros,Senior,False,False,36
jefe de modulo de donuts arauco…,"doughnuttery, santiago",Presencial,Full time,Otros,Senior,False,False,92
jefe de oficina técnica - construcción,renee rpo asistido para grupo euro,Presencial,Otro,Otros,Senior,False,False,179
jefe de operaciones alimentación (la serena),newrest chile,Presencial,Full time,Otros,Senior,False,False,150
jefe de operaciones alimentación - coquimbo,newrest chile,Presencial,Full time,Otros,Senior,False,False,148
jefe de operaciones antofagasta,jefe de operaciones antofagasta,Presencial,Full time,Otros,Senior,False,False,127
jefe de operaciones call center,"dues ltda., santiago",Presencial,Full time,Otros,Senior,False,False,110
jefe de operaciones transporte de pasajeros,empresa confidencial,Presencial,Otro,Otros,Senior,False,False,166
jefe de operaciones zona norte,"ecs spa, antofagasta",Presencial,Full time,Otros,Senior,False,False,96
jefe de operaciones – transporte y logística – región metropolitana,empresa destacada,Presencial,Full time,Otros,Senior,False,False,33
jefe de personal y relaciones laborales // calama,jefe de personal y relaciones laborales // calama,Presencial,Full time,Otros,Senior,False,False,115
jefe de prevención de pérdidas y seguridad operativa,sodimac,Presencial,Full time,Otros,Senior,True,False,153
jefe de procurement y administración,abc s.a.,Presencial,Full time,Otros,Senior,False,False,112
jefe de producto y proyecto ti,no especificada,Presencial,Full time,TI General,Senior,False,False,24
jefe de proyecto (teleco) junion,jefe de proyecto (teleco) junion,Presencial,Full time,Otros,Senior,False,False,151
jefe de proyecto low code (power apps),no especificada,Híbrido,Full time,Otros,Senior,False,False,24
jefe de proyecto senior ti (sap) bilingüe,jefe de proyecto senior ti (sap) bilingüe,Presencial,Full time,TI General,Senior,True,False,130
jefe de proyecto ti rubro seguros,jefe de proyecto ti rubro seguros,Remoto,Full time,TI General,Senior,True,True,139
jefe de proyecto ti senior,no especificada,Híbrido,Freelance,TI General,Senior,True,False,24
jefe de proyecto ti – sistemas core,jefe de proyecto ti – sistemas core,Presencial,Full time,TI General,Senior,True,False,153
jefe de proyectos implementación,no especificada,Híbrido,Full time,Otros,Senior,False,False,24
jefe de proyectos pmo,jefe de proyectos pmo,Remoto,Full time,Otros,Senior,False,True,127
jefe de proyecto,jefe de proyecto,Remoto,Full time,Otros,Senior,False,True,152
jefe de redes y ciberseguridad,global talent,Presencial,Full time,Otros,Senior,True,False,120
jefe de sap r/3 -contrato indefinido- parque industrial quilicura,perceptual consultores,Presencial,Full time,Otros,Senior,True,False,153
jefe de sección ciberseguridad - estrategia,banco de chile,Presencial,Full time,Otros,Senior,True,False,147
jefe de seguridad (la calera),ripley,Presencial,Full time,Otros,Senior,True,False,113
jefe de seguridad aeroportuaria,empresa destacada,Presencial,Full time,Otros,Senior,True,False,32
jefe de seguridad antofagasta,empresa destacada,Presencial,Full time,Otros,Senior,True,False,32
jefe de seguridad hospital de iquique,jefe de seguridad hospital de iquique,Presencial,Full time,Otros,Senior,True,False,121
jefe de sistemas e informática,confidencial,Presencial,Full time,TI General,Senior,True,False,115
jefe de soporte informático y optimización de sistemas,juan miranda,Presencial,Full time,TI General,Senior,True,False,153
jefe de terreno - proyectos de construcción,empresa destacada,Presencial,Full time,Otros,Senior,False,False,35
jefe de terreno construcción - región metropolitana,renee rpo asistido para grupo euro,Presencial,Otro,Otros,Senior,False,False,187
jefe de tienda retail: lidera ventas y equipo,importante empresa del sector,Presencial,Full time,TI General,Senior,False,False,153
jefe de tienda//perfumería ciudad antofagasta (excluyente…,"kalima ltda., antofagasta",Presencial,Full time,TI General,Senior,False,False,102
jefe de transporte 1,"confidencial, los andes",Presencial,Full time,Otros,Senior,False,False,101
jefe de turno 30 horas - doggis mall plaza la serena,g&n brands,Presencial,Full time,Otros,Senior,False,False,153
jefe de turno 30 horas - juan maestro mall plaza la serena,g&n brands,Presencial,Full time,Otros,Senior,False,False,153
jefe de turno 30 horas,g&n brands,Presencial,Full time,Otros,Senior,False,False,103
jefe de turno part-time - lidera operaciones de restaurante,g&n brands,Presencial,Full time,Otros,Senior,False,False,153
jefe de turno: lidera operaciones en restaurante part-time,g&n brands,Presencial,Full time,Otros,Senior,False,False,153
jefe de ventas ( portaconductores),comercial e industrial cymas spa,Presencial,Full time,Ventas / Comercial,Senior,False,False,149
jefe de ventas 18h la serena,abc,Presencial,Full time,Ventas / Comercial,Senior,False,False,108
jefe de ventas canal tradicional la serena,importante empresa del sector,Presencial,Full time,Ventas / Comercial,Senior,False,False,153
jefe de ventas canal tradicional,vspt wine group,Presencial,Otro,Ventas / Comercial,Senior,False,False,145
jefe de ventas punta arenas,jefe de ventas punta arenas,Presencial,Full time,Ventas / Comercial,Senior,False,False,145
jefe de ventas retail | lidera equipo (sáb-dom-festivos),abc,Presencial,Full time,Ventas / Comercial,Senior,False,False,153
jefe de ventas – canal tradicional la serena,importante empresa del sector,Presencial,Full time,Ventas / Comercial,Senior,False,False,153
jefe de ventas,empresa destacada,Presencial,Full time,Ventas / Comercial,Senior,False,False,29
jefe de administración y contabilidad,jefe de administración y contabilidad,Presencial,Full time,Otros,Senior,False,False,153
jefe de administración y finanzas - finanzas,importante empresa del sector,Presencial,Full time,Otros,Senior,False,False,153
"jefe de administración, operaciones y adquisiciones/ providencia",nosotros,Presencial,Full time,Otros,Senior,False,False,153
jefe de bodega,"cermaq chile, puerto montt",Presencial,Full time,Otros,Senior,False,False,80
jefe de carrera mantenimiento aeronáutico,"centro de instrucción aeronáutico, santiago",Presencial,Full time,Otros,Senior,False,False,100
jefe de finanzas,empresa destacada,Híbrido,Full time,Otros,Senior,False,False,31
jefe de servicios rent a car para la serena,vertical hunter,Presencial,Full time,Otros,Senior,False,False,150
jefe o líder de ito construcción ep025,j.e.j. ingeniería s.a,Presencial,Otro,Otros,Senior,False,False,138
jefe seguridad informática (santiago),newrest chile,Presencial,Full time,Otros,Senior,True,False,122
jefe seguridad informática - vitacura,newrest chile,Presencial,Full time,Otros,Senior,True,False,122
jefe seguridad informática,jefe seguridad informática,Presencial,Full time,Otros,Senior,True,False,92
jefe área construcción (santiago),cyd ingeniería ltda.,Presencial,Otro,Otros,Senior,False,False,159
jefe(a) de administración y control,jefe(a) de administración y control,Presencial,Full time,Otros,Senior,False,False,114
jefe(a) de administración y finanzas,jefe(a) de administración y finanzas,Presencial,Full time,Otros,Senior,False,False,140
jefe(a) de administración y finanzas,puelche hc,Presencial,Full time,Otros,Senior,False,False,122
jefe(a) de alimentos y bebidas (san…,"confidencial, santiago",Presencial,Full time,Otros,Senior,False,False,89
"jefe(a) de carrera de construcción civil, jornada completa vespertina, sede la serena (oferta inclusiva)",corporación instituto profesional santo tomás,Presencial,Full time,Ingenieria Civil,Senior,False,False,220
"jefe(a) de carrera de ingeniería en química industrial, jornada completa, sede la serena (oferta inclusiva)",corporación instituto profesional santo tomás,Presencial,Full time,Otros,Senior,False,False,223
jefe(a) de ingeniería subestaciones eléctricas alta…,"empresa multinacional de proyectos.., santiago",Presencial,Full time,Otros,Senior,False,False,106
jefe(a) de marketing,empresa destacada,Presencial,Full time,Otros,Senior,False,False,32
jefe(a) de negocios estratégicos,empresa confidencial,Presencial,Otro,Otros,Senior,False,False,147
jefe(a) de recepción hotel (san pedro…,"confidencial, santiago",Presencial,Full time,Otros,Senior,False,False,100
jefe(a) de finanzas.,"jefe(a) de finanzas., santiago",Presencial,Full time,Otros,Senior,False,False,103
"jefe(a) del servicio de alimentación, dirección de administración y finanzas, sede viña del mar",universidad tecnica federico santa maria,Presencial,Full time,Otros,Senior,False,False,153
"jefe(a) del servicio de alimentación, dirección de administración y finanzas, sede viña del mar",universidad técnica federico santa maría,Presencial,Full time,Otros,Senior,False,False,153
jefe-a - unidad de informática - diurno 44 hrs (santiago),corfo,Presencial,Full time,Otros,Senior,True,False,153
jefe/ de bodega - antofagasta (construcción),empresa destacada,Presencial,Full time,Otros,Senior,False,False,35
jefe/a de administración y finanzas antofagasta,talentfinder,Presencial,Full time,Otros,Senior,False,False,138
jefe/a de contabilidad,dosh consultores,Presencial,Full time,Otros,Senior,False,False,109
jefe/a administrativo de obra,jefe/a administrativo de obra,Presencial,Full time,Otros,Senior,False,False,102
"jefe/a pgc, ft42 hrs,tottus balmaceda la serena",tottus,Presencial,Full time,Otros,Senior,False,False,149
"jefe/a prevención de pérdidas, ft, shc serena balmaceda",sodimac,Presencial,Full time,Otros,Senior,False,False,153
"jefe/a de administración - sacyr ingeniería e infraestructura. coquimbo, chile.",sacyr,Presencial,Full time,DevOps / Cloud,Senior,True,False,153
jefe/a de administración de personal – especialista en buk y rex+,jefe/a de administración de personal – especialista en buk y rex+,Presencial,Full time,Otros,Senior,False,False,153
jefe/a de administración de personal – especialista en buk y rex+,progestion chile,Presencial,Full time,Otros,Senior,False,False,153
jefe/a de administración y finanzas (concepción),confidencial,Presencial,Full time,Otros,Senior,False,False,136
jefe/a de administración y finanzas (concepción),empresa destacada,Presencial,Full time,Otros,Senior,False,False,31
jefe/a de administración y finanzas (coquimbo),sacyr,Presencial,Full time,Otros,Senior,False,False,129
jefe/a de administración y finanzas (r.m),sacyr,Presencial,Full time,Otros,Senior,False,False,119
jefe/a de administración y finanzas (r.m),sacyr vallehermoso participaciones mobiliarias sl,Presencial,Full time,Otros,Senior,False,False,153
jefe/a de administración y finanzas alto hospicio - $1.900.000 líquido zona alto hospicio,manpower chile,Presencial,Full time,Otros,Senior,False,False,153
jefe/a de administración y finanzas alto hospicio,jefe/a de administración y finanzas alto hospicio,Presencial,Full time,Otros,Senior,False,False,132
jefe/a de administración y finanzas | gestión integral,proyecta s.a.,Presencial,Full time,Otros,Senior,False,False,153
jefe/a de administración y finanzas – gestión y estrategia,corfo,Presencial,Full time,Otros,Senior,False,False,153
jefe/a de administración y finanzas – liderazgo corporativo,consultora virtus laboral,Presencial,Full time,Otros,Senior,False,False,153
jefe/a de administración y finanzas,kiosclub,Presencial,Full time,Otros,Senior,False,False,200
jefe/a de administración y operaciones,be consulting,Presencial,Full time,Otros,Senior,False,False,121
jefe/a de administración,be consulting,Presencial,Full time,Otros,Senior,False,False,93
jefe/a de carrera gastronomía (plazo fijo) - santiago,empresa destacada,Presencial,Full time,Otros,Senior,False,False,34
jefe/a de carrera ingeniería (plazo fijo) - san felipe,empresa destacada,Presencial,Full time,Otros,Senior,False,False,33
jefe/a de contabilidad,empresa destacada,Presencial,Full time,Otros,Senior,False,False,35
jefe/a de cotizaciones,no especificada,Híbrido,Full time,Otros,Senior,False,False,24
jefe/a de finanzas,"importante empresa metalmecánica, santiago",Presencial,Full time,Otros,Senior,False,False,112
jefe/a de innovación y tecnología sucursal komatsu lo boza,empresa destacada,Presencial,Full time,Otros,Senior,True,False,33
jefe/a de sala de ventas - inmobiliaria - rm,empresa confidencial,Presencial,Otro,Data / BI,Senior,False,False,169
jefe/a de sección de estrategia - ciberseguridad,banco de chile,Presencial,Full time,Data / BI,Senior,True,False,153
jefe/a de servicios para la construcción proyecto minero,buffer chile,Presencial,Otro,Otros,Senior,False,False,158
jefe/a de ventas pps – lidera retail y equipos,walmart chile,Presencial,Full time,Ventas / Comercial,Senior,False,False,147
"jefe/a de ventas pps la serena, formato lider",walmart chile,Presencial,Full time,Ventas / Comercial,Senior,False,False,145
"jefe/a de ventas, full time, falabella la serena",falabella la serena,Presencial,Full time,TI General,Senior,False,False,153
jefe/a de administración y finanzas,importante empresa del sector,Presencial,Full time,Otros,Senior,False,False,131
jefe/a de administración y finanzas,jefe/a de administración y finanzas,Presencial,Full time,Otros,Senior,False,False,153
jefe/a de tienda ferretera (puerto montt),jefe/a de tienda ferretera (puerto montt),Presencial,Full time,TI General,Senior,False,False,112
jefe/a de tienda ferretera (puerto montt/puerto varas),jefe/a de tienda ferretera (puerto montt/puerto varas),Presencial,Full time,TI General,Senior,False,False,125
joven profesional de administración,corteva agriscience,Presencial,Full time,Otros,No especificado,False,False,139
joven profesional de administración,"corteva, inc.",Presencial,Full time,Otros,No especificado,False,False,133
jr sales executive,no especificada,Híbrido,Full time,Otros,No especificado,False,False,24
junior administrativo,junior administrativo,Presencial,Full time,Otros,Junior,False,False,127
junior growth marketer (ai & cloud native),no especificada,Híbrido,Full time,DevOps / Cloud,Junior,True,False,24
junior de sucursal mk- la serena,grupo k,Presencial,Full time,Otros,Junior,False,False,120
"junior de sucursal: diseño, decoración y ventas",grupo k,Presencial,Full time,Ventas / Comercial,Junior,False,False,143
kam - minería,empresa destacada,Híbrido,Full time,Otros,No especificado,False,False,30
"kam senior - experiencia rubro salud, aseguradoras o isapres",clinica santa maria s.a,Presencial,Otro,Data / BI,Senior,True,False,187
kam de ventas,"corretaje propiedades, santiago",Presencial,Full time,Ventas / Comercial,No especificado,False,False,70
key account manager (kam),no especificada,Remoto,Full time,Otros,No especificado,False,True,24
key account manager - construcción e inmobiliario,empresa destacada,Presencial,Full time,Otros,No especificado,False,False,35
key account manager - trade marketing en punto de venta,ecr group,Presencial,Full time,Ventas / Comercial,No especificado,False,False,153
key account manager b2b/ iot,no especificada,Híbrido,Full time,Otros,No especificado,False,False,24
key account manager empresa de transporte de pasajeros.,empresa destacada,Presencial,Full time,Otros,No especificado,False,False,33
kinesiólogo(a) ergónomo(a) reemplazo / proyecto minero la serena,mutual de seguridad c.ch.c.,Presencial,Otro,Otros,No especificado,False,False,167
krossbar concepción esta en búsqueda de…,"krossbar concepción, concepción",Presencial,Full time,Otros,No especificado,False,False,94
la serena– ejecutivo de ventas en terreno prosales – distribuidor autorizado,pro-sales / telecomunicaciones,Presencial,Full time,Ventas / Comercial,No especificado,False,False,153
lider catalogo digital,verbum servicios psicológicos ltda,Presencial,Otro,Otros,No especificado,True,False,165
lider de tienda mall mirador bio…,"empresa de retail /.., concepción",Presencial,Full time,TI General,No especificado,False,False,95
lider de tienda mall plaza antofagasta,"empresa de retail /.., antofagasta",Presencial,Full time,TI General,No especificado,False,False,95
lider de tienda patio outlet temuco,"empresa de retail /.., temuco",Presencial,Full time,TI General,No especificado,False,False,95
la serena/ ejecutivo omnicanal (reemplazo) / lider bci,lider bci,Presencial,Otro,Otros,No especificado,False,False,134
las mejores campañas de salud - ejecutivos de venta de seguros,empresa destacada,Híbrido,Full time,Salud,No especificado,True,False,28
lead acquisition coordinator,no especificada,Híbrido,Full time,Otros,Senior,False,False,24
lead qa,no especificada,Híbrido,Full time,QA / Testing,Senior,True,False,24
lider aseguramiento calidad,"empresa productiva renca, santiago",Presencial,Full time,QA / Testing,No especificado,True,False,94
lider tecnico ( lider de células ) contrato indefinido,lider tecnico ( lider de células ) contrato indefinido,Presencial,Full time,Otros,No especificado,True,False,153
lider de contabilidad chile,no especificada,Híbrido,Full time,Otros,No especificado,False,False,24
liquidador área construcción,empresa destacada,Híbrido,Full time,Otros,No especificado,False,False,35
liquidador- evaluador de seguros de salud,empresa destacada,Remoto,Full time,Salud,No especificado,True,True,28
live events data analyst (latam),no especificada,Remoto,Full time,Data / BI,No especificado,True,True,24
logistica / administración,constructora acacia,Presencial,Full time,Otros,No especificado,False,False,103
líder académico de carrera - ingeniería en administración,universidad san sebastián,Presencial,Full time,Otros,No especificado,False,False,153
líder estratégico de ciberseguridad,banco de chile,Presencial,Full time,Otros,No especificado,True,False,131
líder financiero - la serena,michael page internacional ltda,Presencial,Otro,Otros,No especificado,False,False,133
líder regional de finanzas públicas,junta nacional de jardines infantiles,Presencial,Full time,Otros,No especificado,False,False,153
líder regional en administración y finanzas,energia,Presencial,Full time,Otros,No especificado,False,False,129
líder sre operaciones,seguros sura,Presencial,Full time,DevOps / Cloud,No especificado,True,False,107
líder tic estratégico – ingeniería informática hospitalaria,energia,Presencial,Full time,TI General,No especificado,True,False,153
líder técnico - desarrollo de software php/laravel,perceptual consultores,Presencial,Full time,Desarrollo / Dev,No especificado,True,False,153
líder técnico - soluciones software ágiles y escalables,confidencial,Presencial,Full time,Desarrollo / Dev,No especificado,True,False,153
líder técnico desarrollo,no especificada,Híbrido,Full time,Otros,No especificado,False,False,24
líder técnico informático senior (senior tech lead),líder técnico informático senior (senior tech lead),Remoto,Full time,Otros,Senior,True,True,153
líder técnico senior - arquitecto de soluciones en la nube,banco de chile,Presencial,Full time,Otros,Senior,False,False,153
líder técnico senior | arquitecto de plataformas,grupo falabella,Presencial,Full time,Otros,Senior,False,False,153
líder técnico senior,banco de chile,Presencial,Full time,Otros,Senior,False,False,101
líder técnico senior,grupo falabella,Presencial,Full time,Otros,Senior,False,False,102
líder técnico de desarrollo (cloud microservicios),líder técnico de desarrollo (cloud microservicios),Remoto,Full time,DevOps / Cloud,No especificado,True,True,153
líder técnico en arquitectura de soluciones cloud,energia,Presencial,Full time,DevOps / Cloud,No especificado,True,False,152
líder técnico,acl,Presencial,Full time,Otros,No especificado,False,False,76
líder técnico,confidencial,Presencial,Full time,Otros,No especificado,False,False,93
líder técnico,energia,Presencial,Full time,Otros,No especificado,False,False,80
líder técnico,líder técnico,Remoto,Full time,Otros,No especificado,False,True,153
líder de administración y existencias - retail,fashion's park,Presencial,Full time,Otros,No especificado,False,False,138
líder de administración y finanzas en educación,procesum consultores gerenciales ltda.,Presencial,Full time,Otros,No especificado,False,False,153
líder de administración y finanzas: impacto estratégico,global talent,Presencial,Full time,Otros,No especificado,False,False,153
líder de cafetería,líder de cafetería,Presencial,Full time,Otros,No especificado,False,False,113
líder de carrera en administración pública,universidad san sebastián,Presencial,Full time,Otros,No especificado,False,False,147
líder de cocina,torta caluga pastelería,Presencial,Otro,Otros,No especificado,False,False,126
líder de enlace de procesos clínicos e informáticos,energia,Presencial,Full time,Otros,No especificado,True,False,143
líder de equipo - administración y finanzas,cinépolis,Presencial,Full time,Otros,No especificado,False,False,133
líder de equipo multicanal: ventas y desarrollo,¡únete al equipo decathlon!,Presencial,Full time,Ventas / Comercial,No especificado,False,False,153
líder de finanzas y administración (santiago),puelche hc,Presencial,Full time,Otros,No especificado,False,False,132
líder de finanzas y administración estratégica,sercomed,Presencial,Full time,Otros,No especificado,False,False,132
líder de finanzas y administración | gestión y control,atcom chile,Presencial,Full time,Otros,No especificado,False,False,151
líder de finanzas y administración | impulsa resultados,importante empresa del sector,Presencial,Full time,Otros,No especificado,False,False,153
líder de finanzas y administración – construcción (hybrid),puelche hc,Presencial,Full time,Otros,No especificado,False,False,153
líder de finanzas y administración – estrategia y gestión,confidencial,Presencial,Full time,Data / BI,No especificado,False,False,153
líder de finanzas y administración – estrategia,puelche hc,Presencial,Full time,Otros,No especificado,False,False,144
líder de finanzas y administración,prinorte s.a.,Presencial,Full time,Otros,No especificado,False,False,119
"líder de finanzas, tesorería y administración",perceptual consultores,Presencial,Full time,Otros,No especificado,False,False,144
"líder de gestión, administración y procesos",corfo,Presencial,Full time,Otros,No especificado,False,False,117
"líder de informática: erp, migraciones y seguridad",comercial escocia,Presencial,Full time,Otros,No especificado,True,False,153
líder de nómina y administración multisite,mercadolibre,Presencial,Full time,Otros,No especificado,False,False,128
líder de operaciones de alimentación,newrest chile,Presencial,Full time,Otros,No especificado,False,False,134
líder de operaciones de alimentos,newrest chile,Presencial,Full time,Otros,No especificado,False,False,128
líder de payroll y administración de personal,capstone copper chile,Presencial,Full time,Otros,No especificado,False,False,143
líder de proyectos retail | construcción y ejecución,mallplaza chile,Presencial,Full time,Otros,No especificado,False,False,153
líder de proyectos ti / it project manager,no especificada,Híbrido,Full time,TI General,No especificado,True,False,24
líder de proyectos,no especificada,Presencial,Full time,Otros,No especificado,False,False,24
líder de puesta en marcha de clientes (project manager),no especificada,Híbrido,Full time,Otros,No especificado,False,False,24
líder de seguridad informática | gestión de riesgos,newrest chile,Presencial,Full time,Otros,No especificado,True,False,150
líder de servicios y operaciones de flota,vertical hunter,Presencial,Full time,Otros,No especificado,False,False,146
"líder de sistemas informáticos (proyecto 29 meses, presencial)",uchile - facultad ciencias fisicas matematicas,Presencial,Full time,TI General,No especificado,True,False,153
líder de sistemas informáticos y plataforma sic,cyd ingeniería,Presencial,Full time,TI General,No especificado,True,False,142
líder de sistemas informáticos | bases de datos y redes,applus en chile,Presencial,Full time,TI General,No especificado,True,False,153
líder de soporte it y automatización de procesos,tigo venezuela,Presencial,Full time,Otros,No especificado,True,False,153
líder de sucursal de ventas – la serena,ducasse comercial,Presencial,Full time,Ventas / Comercial,No especificado,False,False,137
líder de ti hospitalaria | jefe de unidad de informática,corfo,Presencial,Full time,Data / BI,Senior,True,False,152
líder de trade marketing en campo,ecrgroup®️,Presencial,Full time,Otros,No especificado,False,False,125
"líder de turno — restaurante (part-time, 30 hrs)",g&n brands,Presencial,Full time,Otros,No especificado,False,False,153
líder de ventas regional para aragua,tigo venezuela,Presencial,Full time,Ventas / Comercial,No especificado,False,False,128
"líder de ventas retail | crecimiento, liderazgo y beneficios",calper,Presencial,Full time,Ventas / Comercial,No especificado,False,False,153
líder de ventas en ruta con cobertura,tawa,Presencial,Full time,Ventas / Comercial,No especificado,False,False,127
líder de contabilidad,empresa destacada,Presencial,Full time,Otros,No especificado,False,False,35
líder de tienda en retail / la serena,importante empresa del sector,Presencial,Full time,TI General,No especificado,False,False,152
maestro armador estructuras metalicas,"europer spa, santiago",Presencial,Full time,Otros,No especificado,False,False,120
maestro de cocina,empresa destacada,Presencial,Full time,Otros,No especificado,False,False,30
mecanico automotriz,inmobiliaria e inversiones del sol ltda.,Presencial,Otro,Otros,No especificado,False,False,148
mecanico maquinarias pesadas para antofagasta,"gna, antofagasta",Presencial,Full time,Otros,No especificado,False,False,90
mecánico automotriz - faena maria elena,"grandleasing spa, antofagasta",Presencial,Full time,Data / BI,No especificado,False,False,92
mecánico automotriz - faena nueva victoria,"grandleasing spa, iquique",Presencial,Full time,Otros,No especificado,False,False,92
mecánico mantención - cartagena,"migrin, san antonio",Presencial,Full time,Otros,No especificado,False,False,88
mecánico mantenimiento mina,empresa destacada,Presencial,Full time,Otros,No especificado,False,False,36
medicos especialistas,"clinica juan bosco, santiago",Presencial,Full time,Salud,No especificado,False,False,91
machine learning engineer - área digital business,grafton s.a.c,Presencial,Full time,Data / BI,No especificado,True,False,153
machine learning engineer – área digital business,grafton s.a.c,Presencial,Full time,Data / BI,No especificado,True,False,153
machine learning engineer,stefanini latam,Presencial,Full time,Data / BI,No especificado,True,False,112
maestro calderero,"confidencial, puerto montt",Presencial,Full time,Otros,No especificado,False,False,118
maestro construcción,"metel ingeniería, santiago",Presencial,Full time,Otros,No especificado,False,False,93
maestro mecánico copiapó con residencia en…,"táctica hr, copiapó",Presencial,Full time,Data / BI,No especificado,False,False,102
maestro(a) de cocina,empresa destacada,Presencial,Full time,Otros,No especificado,False,False,30
manipulador o manipuladora de alimento - ip irc de coquimbo - prs n° 8 (la serena),corfo,Presencial,Full time,Otros,No especificado,False,False,153
mantenedor de planta,mantenedor de planta,Presencial,Full time,Otros,No especificado,False,False,83
martech analyst,tenpo,Presencial,Full time,Otros,No especificado,False,False,82
marketing analyst,empresa confidencial,Presencial,Otro,Otros,No especificado,False,False,137
marketing automation manager,no especificada,Remoto,Full time,Otros,No especificado,False,True,24
marketing digital (creación de contenido),empresa destacada,Híbrido,Full time,Otros,No especificado,True,False,32
marketing digital y ecommerce,empresa destacada,Presencial,Full time,Otros,No especificado,True,False,32
marketing y desarrollo comercial,kumelkan ingenieria y servicios spa,Presencial,Full time,Ventas / Comercial,No especificado,False,False,146
mayordomo condominio,"condominio gran oceano, valparaíso",Presencial,Full time,Otros,No especificado,False,False,98
mecánico 7x7 calama,"empresa de servicio a.., calama",Presencial,Full time,Otros,No especificado,False,False,94
mecánico industrial- san bernardo,"talents, santiago",Presencial,Full time,Otros,No especificado,False,False,99
mecánico senior (transporte),empresa confidencial,Presencial,Otro,Otros,Senior,False,False,138
mecánico segunda con residencia en taltal,"táctica hr, antofagasta",Presencial,Full time,Data / BI,No especificado,False,False,99
mecánicos minería palas y equipos caex,empresa destacada,Presencial,Full time,Otros,No especificado,False,False,30
mecánicos palas komatsu minería en atacama,empresa destacada,Presencial,Full time,Otros,No especificado,False,False,30
mecánicos/eléctrico palas mineria calama,empresa destacada,Presencial,Full time,Data / BI,No especificado,False,False,30
mediador(a) - direccion regional valdivia - región de los rios prs: n 08 2026,energia,Presencial,Full time,Data / BI,No especificado,False,False,153
medico anestesista 28 horas,"hospital de urgencias, santiago",Presencial,Full time,Salud,No especificado,False,False,93
medico contralor compin (la serena),corfo,Presencial,Full time,Salud,No especificado,False,False,124
mentor de ventas - seguros de vida y salud,empresa destacada,Presencial,Full time,Salud,No especificado,True,False,28
mercaderista volante de licores full time (reemplazo vacaciones) (la serena),comercial portia,Presencial,Full time,TI General,No especificado,False,False,153
mesa de ayuda (ti) 3 meses,mesa de ayuda (ti) 3 meses,Remoto,Full time,Otros,No especificado,False,True,153
modelador bim - proyectos mineros - rm,flesan minería,Presencial,Otro,Otros,No especificado,False,False,146
monitor de gps flota de buses,transportes rioja ltda.,Presencial,Otro,Otros,No especificado,False,False,138
mucama,empresa destacada,Presencial,Full time,Otros,No especificado,False,False,30
médico - centro coyhaique achs salud,asociación chilena de seguridad achs,Presencial,Otro,Salud,No especificado,False,False,140
"médico - centro ovalle achs salud media jornada tarde (19,5hrs semanales)",achs,Presencial,Part time,Data / BI,No especificado,False,False,144
médico cirujano - arica,"importante clínica, arica",Presencial,Full time,Otros,No especificado,False,False,106
médico contralor – licencias médicas (coquimbo),corfo,Presencial,Full time,Otros,No especificado,False,False,148
médico/a general aps 7x7 – zona…,"support consulting, santiago",Presencial,Full time,Otros,No especificado,False,False,100
necesito cajero atencion cliente tienda informatica,necesito cajero atencion cliente tienda informatica,Presencial,Full time,TI General,No especificado,True,False,144
necesito ing informático,11714705-3,Presencial,Full time,Otros,No especificado,True,False,101
no especificado,afp modelo,Presencial,Full time,Otros,No especificado,False,False,24
no especificado,adinfluence,Híbrido,Full time,Otros,No especificado,False,False,24
no especificado,adinfluence,No especificada,Full time,Otros,No especificado,False,False,24
no especificado,alsea colombia,Híbrido,Full time,Otros,No especificado,False,False,24
no especificado,alsea colombia,No especificada,Full time,Otros,No especificado,False,False,24
no especificado,alsea colombia,Presencial,Full time,Otros,No especificado,False,False,24
no especificado,arcoprime,Híbrido,Full time,Otros,No especificado,False,False,24
no especificado,arcor,Presencial,Full time,Otros,No especificado,False,False,24
no especificado,avla,No especificada,Full time,Otros,No especificado,False,False,24
no especificado,beiersdorf,Híbrido,Full time,Otros,No especificado,False,False,24
no especificado,belcorp,No especificada,Full time,Otros,No especificado,False,False,24
no especificado,betterfly,Híbrido,Full time,Otros,No especificado,False,False,24
no especificado,ccu,Presencial,Full time,Otros,No especificado,False,False,24
no especificado,carvuk,Híbrido,Full time,Otros,No especificado,False,False,24
no especificado,carvuk,No especificada,Full time,Otros,No especificado,False,False,24
no especificado,casa nativa,No especificada,Full time,Otros,No especificado,False,False,24
no especificado,cencosud,No especificada,Full time,Otros,No especificado,False,False,24
no especificado,cial alimentos,No especificada,Full time,Otros,No especificado,False,False,24
no especificado,coca-cola andina,Híbrido,Full time,Otros,No especificado,False,False,24
no especificado,coca-cola andina,Presencial,Full time,Otros,No especificado,False,False,24
no especificado,confidencial,Híbrido,Full time,Otros,No especificado,False,False,24
no especificado,confidencial,No especificada,Full time,Otros,No especificado,False,False,24
no especificado,copec s.a,Híbrido,Full time,Otros,No especificado,False,False,24
no especificado,copec s.a,No especificada,Full time,Otros,No especificado,False,False,24
no especificado,enaex,No especificada,Full time,Otros,No especificado,False,False,24
no especificado,entel perú,Híbrido,Full time,Otros,No especificado,False,False,24
no especificado,esmax,No especificada,Full time,Otros,No especificado,False,False,24
no especificado,esmax,Presencial,Full time,Otros,No especificado,False,False,24
no especificado,fid seguros,No especificada,Full time,Otros,No especificado,False,False,24
no especificado,finterra,Presencial,Full time,Otros,No especificado,False,False,24
no especificado,forus,No especificada,Full time,Otros,No especificado,False,False,24
no especificado,grupo lagos,No especificada,Full time,Otros,No especificado,False,False,24
no especificado,hdi seguros,Híbrido,Full time,Otros,No especificado,False,False,24
no especificado,hanseatic global terminals latin america,Híbrido,Full time,Otros,No especificado,False,False,24
no especificado,hanseatic global terminals latin america,No especificada,Full time,Otros,No especificado,False,False,24
no especificado,hatch,No especificada,Full time,Otros,No especificado,False,False,24
no especificado,huawei,No especificada,Full time,Otros,No especificado,False,False,24
no especificado,isidora23,Presencial,Full time,Otros,No especificado,False,False,24
no especificado,kpmg chile,Híbrido,Full time,Otros,No especificado,False,False,24
no especificado,kpmg chile,Presencial,Full time,Otros,No especificado,False,False,24
no especificado,keirón,No especificada,Full time,Otros,No especificado,False,False,24
no especificado,kiosclub,No especificada,Full time,Otros,No especificado,False,False,24
no especificado,kiosclub,Presencial,Full time,Otros,No especificado,False,False,24
no especificado,l'oréal,No especificada,Full time,Otros,No especificado,False,False,24
no especificado,midea carrier,No especificada,Full time,Otros,No especificado,False,False,24
no especificado,midea carrier,Presencial,Full time,Otros,No especificado,False,False,24
no especificado,murex chile,Híbrido,Full time,Otros,No especificado,False,False,24
no especificado,murex chile,No especificada,Full time,Otros,No especificado,False,False,24
no especificado,nestlé,Presencial,Full time,Otros,No especificado,False,False,24
no especificado,no especificada,Híbrido,Otro,Otros,No especificado,False,False,24
no especificado,no especificada,No especificada,Full time,Otros,No especificado,False,False,24
no especificado,no especificada,Presencial,Otro,Otros,No especificado,False,False,24
no especificado,no especificada,Remoto,Otro,Otros,No especificado,False,True,24
no especificado,pacasmayo,No especificada,Full time,Otros,No especificado,False,False,24
no especificado,polpaico soluciones,Presencial,Full time,Otros,No especificado,False,False,24
no especificado,prosegur,Presencial,Full time,Otros,No especificado,False,False,24
no especificado,puig,Híbrido,Full time,Otros,No especificado,False,False,24
no especificado,puig,No especificada,Full time,Otros,No especificado,False,False,24
no especificado,ripley perú,No especificada,Full time,Otros,No especificado,False,False,24
no especificado,ripley chile,Híbrido,Full time,Otros,No especificado,False,False,24
no especificado,rosen,Híbrido,Full time,Otros,No especificado,False,False,24
no especificado,smu s.a,Presencial,Full time,Otros,No especificado,False,False,24
no especificado,sura,No especificada,Full time,Otros,No especificado,False,False,24
no especificado,salcobrand,No especificada,Full time,Otros,No especificado,False,False,24
no especificado,soprole,Híbrido,Full time,Otros,No especificado,False,False,24
no especificado,tanner,Híbrido,Full time,Otros,No especificado,False,False,24
no especificado,terra nova tech,No especificada,Full time,Otros,No especificado,False,False,24
no especificado,transbank s.a,Presencial,Full time,Otros,No especificado,False,False,24
no especificado,tresmontes lucchetti,No especificada,Full time,Otros,No especificado,False,False,24
no especificado,unilever colombia,Híbrido,Full time,Otros,No especificado,False,False,24
no especificado,unilever colombia,No especificada,Full time,Otros,No especificado,False,False,24
no especificado,unilever colombia,Presencial,Full time,Otros,No especificado,False,False,24
no especificado,vspt wine group,No especificada,Full time,Otros,No especificado,False,False,24
no especificado,vspt wine group,Presencial,Full time,Otros,No especificado,False,False,24
no especificado,verken,No especificada,Full time,Otros,No especificado,False,False,24
no especificado,walmart,Presencial,Full time,Otros,No especificado,False,False,24
no especificado,watt's,No especificada,Full time,Otros,No especificado,False,False,24
no especificado,watt's,Presencial,Full time,Otros,No especificado,False,False,24
no especificado,wherex colombia,Híbrido,Full time,Otros,No especificado,False,False,24
no especificado,wild foods,Híbrido,Full time,Otros,No especificado,False,False,24
no especificado,zurich,Híbrido,Full time,Otros,No especificado,False,False,24
oferta de práctica profesional,"oxmaq spa, los andes",Presencial,Full time,Otros,No especificado,False,False,104
operador camion lubricador),"arriendos del norte, calama",Presencial,Full time,Otros,No especificado,False,False,103
operador de asfalto estacion central,"wts group est spa, santiago",Presencial,Full time,Otros,No especificado,False,False,93
operador de lavado de equipos mineros,"sudap, calama",Presencial,Full time,Otros,No especificado,False,False,104
operador jumbo frontal (avance) ug - coquimbo,"coquimbo, coquimbo",Presencial,Otro,Otros,No especificado,False,False,175
operador logistico,empresa destacada,Presencial,Full time,Otros,No especificado,False,False,32
operario multifuncional antofagasta,"itamarket, antofagasta",Presencial,Full time,Otros,No especificado,False,False,108
operario recepcion y despacho de mercaderias,"transportes ezquerra, valparaíso",Presencial,Part time,Otros,No especificado,False,False,89
operario/a de producción,empresa destacada,Presencial,Full time,Otros,No especificado,False,False,33
operarios de produccion,empresa destacada,Presencial,Full time,Otros,No especificado,False,False,33
oferta laboral – vendedor@/barista fines de…,"ahora vendo café, santiago",Presencial,Full time,Otros,No especificado,False,False,87
onboarding lead,no especificada,Híbrido,Full time,Otros,Senior,False,False,24
onboarding specialist payroll,no especificada,Híbrido,Full time,Otros,No especificado,False,False,24
"operador cctv para importante hospital, antofagasta 4x4 rotativo.","operador cctv para importante hospital, antofagasta 4x4 rotativo.",Presencial,Full time,Otros,No especificado,False,False,152
operador grúa horquilla (la serena),dimensionadora de maderas y placas,Presencial,Full time,Otros,No especificado,False,False,153
operador informatico,operador informatico,Presencial,Full time,TI General,No especificado,True,False,141
operador logístico (bodega) rubro automotriz $800.000 líquidos y bus/ lun a vie,operador logístico (bodega) rubro automotriz $800.000 líquidos y bus/ lun a vie,Presencial,Full time,Otros,No especificado,False,False,138
operador logístico - chofer clase b,"zona industrial spa, santiago",Presencial,Full time,Otros,No especificado,False,False,95
operador logístico – servicio de administración y operación bodega minería,operador logístico – servicio de administración y operación bodega minería,Presencial,Full time,Otros,No especificado,False,False,145
operador logístico-antofagasta,salfa salinas y fabres s.a.,Presencial,Otro,Otros,No especificado,False,False,136
operador mantenedor - rancagua (perfil electrico - electricista - mecánico),empresa confidencial,Presencial,Otro,Otros,No especificado,False,False,197
operador mantenedor eléctrico,"michelin msmr, antofagasta",Presencial,Full time,Otros,No especificado,False,False,109
operador moneda extranjera - gerencia de finanzas,consorcio,Presencial,Otro,Data / BI,No especificado,False,False,164
operador seguridad cctv- monticello,dreams chile,Presencial,Otro,Otros,No especificado,True,False,143
operador data center,operador data center,Presencial,Full time,Data / BI,No especificado,True,False,98
operador de data center por reemplazo extendido $760.000 liquidos,operador de data center por reemplazo extendido $760.000 liquidos,Presencial,Full time,Data / BI,No especificado,True,False,137
operador de equipos – servicio de administración y operación bodega minería,operador de equipos – servicio de administración y operación bodega minería,Presencial,Full time,Otros,No especificado,False,False,146
operador de mantenimiento de frio en puerto varas,humannet,Presencial,Full time,Otros,No especificado,False,False,153
operador de monitoreo cctv y alarmas,"servicios industriales sistemica, punta arenas",Presencial,Full time,Otros,No especificado,False,False,113
operador de producción rx,empresa destacada,Presencial,Full time,Otros,No especificado,False,False,33
operador de producción,empresa destacada,Presencial,Full time,Otros,No especificado,False,False,33
operador de traslados am,achs servicios,Presencial,Full time,Otros,No especificado,False,False,197
operador logístico,empresa metalmecánica,Presencial,Full time,Otros,No especificado,False,False,98
"operador/a de computadoras,art 22, falabella plaza vespucio",falabella,Presencial,Full time,Otros,No especificado,False,False,153
operador/a de informática antofagasta,ripley,Presencial,Full time,Otros,No especificado,True,False,121
operario bodega,"distribuidora de alimentos, concepción",Presencial,Full time,Otros,No especificado,False,False,102
operario control de ingreso/ renca,operario control de ingreso/ renca,Presencial,Full time,Otros,No especificado,False,False,124
operario junior bodega,"confidencial, santiago",Presencial,Full time,Otros,Junior,False,False,83
operario logística (minería) - chañaral,empresa confidencial,Presencial,Otro,Otros,No especificado,False,False,128
operario de bodega y molienda,"exportadora de mostos y.., san felipe",Presencial,Full time,Otros,No especificado,False,False,96
operario de bodega,"sokobox, santiago",Presencial,Full time,Otros,No especificado,False,False,83
operario de grua horquilla / punta arenas / lunes a viernes,operario de grua horquilla / punta arenas / lunes a viernes,Presencial,Full time,Otros,No especificado,False,False,142
operario de logística,empresa destacada,Presencial,Full time,Otros,No especificado,False,False,32
operario de obras viales – instalación…,"igual spa, santiago",Presencial,Full time,Ingenieria Civil,No especificado,False,False,93
operario de produccion,empresa destacada,Presencial,Full time,Otros,No especificado,False,False,33
operario de producción envasado,empresa destacada,Presencial,Full time,Otros,No especificado,False,False,33
operario de producción,empresa destacada,Presencial,Full time,Otros,No especificado,False,False,33
operario de bodega - quilicura,"labor service, santiago",Presencial,Full time,Otros,No especificado,False,False,83
operario de guardarropía - mall plaza…,"lyon, santiago",Presencial,Full time,Otros,No especificado,False,False,89
operario de producción,"mersen chile ltda, santiago",Presencial,Full time,Otros,No especificado,False,False,127
"operario/a producción, plantas productivas",empresa destacada,Presencial,Full time,Otros,No especificado,False,False,33
operario/a de producción industrial,empresa destacada,Presencial,Full time,Otros,No especificado,False,False,33
operario/a de bodega rubro automotriz $800.000,operario/a de bodega rubro automotriz $800.000,Presencial,Full time,Otros,No especificado,False,False,114
operarios de bodega urgente!!,"growing, santiago",Presencial,Full time,Otros,No especificado,False,False,95
operarios de bodega,"mecva, santiago",Presencial,Full time,Otros,No especificado,False,False,104
operations & customer success analyst,no especificada,Remoto,Full time,Otros,No especificado,False,True,24
operativo tienda sodimac hc la serena balmaceda jornada pt20,sodimac chile,Presencial,Full time,TI General,No especificado,False,False,153
otras ocupaciones,confidencial,Presencial,Full time,Otros,No especificado,False,False,95
personal contable para area de tesorería,"empresa automotriz, santiago",Presencial,Full time,Otros,No especificado,False,False,88
pictor busca publicista creativo/a,"pictor, santiago",Presencial,Full time,Otros,No especificado,False,False,110
pm de it e implementación | ingeniero informático,industrial,Presencial,Full time,Otros,No especificado,True,False,143
pmo quality intern,sungrow,Híbrido,Full time,QA / Testing,Junior,False,False,197
practica administracion,ucv,Presencial,Full time,Otros,No especificado,False,False,85
practica contabilidad,empresa destacada,Presencial,Full time,Otros,No especificado,False,False,35
practica profesional - administración,ucv,Presencial,Full time,Otros,No especificado,False,False,111
practica profesional - ingenieria comercial,empresa destacada,Híbrido,Full time,Data / BI,No especificado,False,False,33
practica profesional - recursos humanos,empresa destacada,Híbrido,Full time,Recursos Humanos,No especificado,False,False,39
practica profesional dubijo técnico - arquitectura,empresa destacada,Presencial,Full time,Otros,No especificado,False,False,35
practica profesional presencial viña del mar,"plastimar ltda, valparaíso",Presencial,Full time,Otros,No especificado,False,False,110
practica profesional técnico nivel medio administracion/contab./rrhh,ingeleco ltda,Presencial,Full time,Recursos Humanos,No especificado,False,False,153
prevencionista de riesgo (residencia en la…,"t port, antofagasta",Presencial,Full time,Data / BI,No especificado,False,False,100
profesionales de la salud / todas las areas/ para ventas,empresa destacada,Remoto,Part time,Salud,No especificado,False,True,28
profesionales del área salud/ para venta,empresa destacada,Remoto,Part time,Salud,No especificado,False,True,28
profesor(a) de gastronomía,"centro educacional london, santiago",Presencial,Full time,Educacion,No especificado,False,False,88
profesor- a de educacion fisica o prep fisico- a,empresa destacada,Presencial,Full time,Educacion,No especificado,False,False,32
proyectista estructural,"ism ingenieria, antofagasta",Presencial,Full time,Otros,No especificado,False,False,93
práctica profesional – área administrativa / la serena,ingeniería y servicios,Presencial,Full time,Otros,No especificado,False,False,153
psicologo captador 22 horas fae rengo,adra,Presencial,Otro,Otros,No especificado,False,False,137
psicologo/a fae concepción 3,adra,Presencial,Otro,Otros,No especificado,False,False,103
psicologo/a fae pro coquimbo,adra,Presencial,Otro,Otros,No especificado,False,False,109
psicologo/a fae pro la serena,adra,Presencial,Otro,Otros,No especificado,False,False,106
psicologo/a fae pro melipilla,adra,Presencial,Otro,Otros,No especificado,False,False,130
psicologo/a fae viña del mar,adra,Presencial,Otro,Otros,No especificado,False,False,106
psicologo/a reemplazo prm calera de tango,adra,Presencial,Otro,Otros,No especificado,False,False,151
psicólogo analista técnico administración central,fundación prodere,Presencial,Full time,Otros,No especificado,False,False,151
psicólogo ciel tocopilla media jornada mañana (achs),asociación chilena de seguridad achs,Presencial,Part time,Data / BI,No especificado,False,False,167
paid media (freelance),no especificada,Remoto,Full time,Data / BI,No especificado,False,True,24
paid media manager y/o social media…,"asesorias globales, santiago",Presencial,Full time,Data / BI,No especificado,False,False,102
paid media manager,no especificada,Remoto,Full time,Data / BI,No especificado,False,True,24
paramédico conductor o conductora / proyecto minero / la serena,mutual de seguridad c.ch.c.,Presencial,Otro,Otros,No especificado,False,False,165
pasante de informática: data y power bi para sip,ecolab,Presencial,Full time,Data / BI,Junior,True,False,138
pasante en administración y operaciones (8 meses),"corteva, inc.",Presencial,Full time,Otros,Junior,False,False,137
pasante área informática (mejora de procesos y operaciones) - alumnos/as regulares en últimos a[...],ecolab,Presencial,Full time,Otros,Junior,True,False,153
pasante área informática (mejora de procesos y operaciones) - alumnos/as regulares en últimos años de carrera,ecolab,Presencial,Otro,Otros,Junior,True,False,207
pasantía administración de obligaciones,grupo falabella,Presencial,Full time,Otros,No especificado,False,False,125
pasantía laboral / capital humano,deinsa global,Presencial,Full time,Otros,No especificado,False,False,130
pasantía laboral / relaciones corporativas,deinsa global,Presencial,Full time,Otros,No especificado,False,False,148
pasantía laboral / research and development,deinsa global,Presencial,Full time,Desarrollo / Dev,No especificado,True,False,150
pasantía laboral / ventas y marketing,deinsa global,Presencial,Full time,Ventas / Comercial,No especificado,False,False,138
pasantía en administración y comunicaciones astronómicas,association of universities for research in astronomy,Presencial,Full time,Otros,No especificado,False,False,153
pasantía en administración: coordinación y finanzas (8 meses),corteva agriscience,Presencial,Full time,Otros,No especificado,False,False,153
pasantía laboral / research and development,deinsa global,Presencial,Full time,Desarrollo / Dev,No especificado,True,False,150
pasteleria y cocina,"cafeteria providencia, santiago",Presencial,Full time,Data / BI,No especificado,False,False,103
pañolero (informática) - sede san joaquín,empresa destacada,Presencial,Full time,Otros,No especificado,True,False,34
pañolero(a) (informática),pañolero(a) (informática),Presencial,Full time,Otros,No especificado,True,False,115
pañolero/a,pañolero/a,Presencial,Full time,Otros,No especificado,False,False,80
people analytics consultant,no especificada,Híbrido,Full time,Otros,No especificado,False,False,24
performance marketing digital,empresa destacada,Híbrido,Full time,Otros,No especificado,True,False,32
personal de apoyo informático y de gestión,sgs,Presencial,Full time,Otros,No especificado,True,False,122
"personal informática regional técnico 17° e.u.s., para desempeñarse en la dirección regional me[...]",corfo,Presencial,Full time,Otros,No especificado,True,False,153
personal de aseo arreglos y mantenciones bsicas,relevé fit chile,Presencial,Full time,Otros,No especificado,False,False,153
personal de aseo,relevé fit chile,Presencial,Full time,Otros,No especificado,False,False,95
pintor para pintar fachada en sala de ventas,cronoshare.cl,Presencial,Full time,Ventas / Comercial,No especificado,False,False,143
planificador / analista de planificación y control de producción,empresa destacada,Presencial,Full time,Otros,No especificado,False,False,33
planificador distribución (transporte) - lampa,empresa confidencial,Presencial,Otro,Otros,No especificado,False,False,162
planificador de reparable y logística – servicio de administración y operación bodega minería,planificador de reparable y logística – servicio de administración y operación bodega minería,Presencial,Full time,Otros,No especificado,False,False,153
planificadores de bodega – servicio de administración y operación bodega minería,planificadores de bodega – servicio de administración y operación bodega minería,Presencial,Full time,Otros,No especificado,False,False,151
power bi & reporting expert,no especificada,Remoto,Full time,Data / BI,No especificado,True,True,24
"practica administración fundación integra oficina regional coquimbo, iv región (la serena)",oficinas regionales,Presencial,Full time,Otros,No especificado,False,False,153
practica administración,ll-consulting,Presencial,Full time,Otros,No especificado,False,False,111
practica administrativa - rondizzoni,salinas y fabres s.a.,Presencial,Otro,Otros,No especificado,False,False,147
practica administrativa,telcomt ltda,Presencial,Full time,Otros,No especificado,False,False,115
practica alumno ingenieria en administracion o comercial,centro dental la serena,Presencial,Full time,Data / BI,No especificado,False,False,153
practica data & analytics,lider bci,Híbrido,Full time,Data / BI,No especificado,True,False,200
practica diseñador ux/ui & branding,carvuk,Presencial,Full time,Otros,No especificado,False,False,198
practica informatica (quilicura),burger grúas,Presencial,Full time,TI General,No especificado,True,False,111
practica informática valparaíso,practica informática valparaíso,Presencial,Full time,Otros,No especificado,True,False,92
practica infraestructura ti,practica infraestructura ti,Presencial,Full time,DevOps / Cloud,No especificado,True,False,115
practica ing en informática,practica ing en informática,Presencial,Full time,Otros,No especificado,True,False,122
practica ingeniería civil industrial,empresa destacada,Presencial,Full time,Ingenieria Civil,No especificado,False,False,33
practica ingeniería comercial/administración,ucv,Presencial,Full time,Ventas / Comercial,No especificado,False,False,128
"practica laboral administracion, rrhh, reclutamiento y selección","practica laboral administracion, rrhh, reclutamiento y selección",Presencial,Full time,Recursos Humanos,No especificado,False,False,153
practica laboral informática,entix,Presencial,Full time,Otros,No especificado,True,False,96
"practica laboral técnicos o ingenieros en recursos humanos, administración o carrera afín","practica laboral técnicos o ingenieros en recursos humanos, administración o carrera afín",Presencial,Full time,Recursos Humanos,No especificado,False,False,153
practica piscología organizacional,zenta group,Presencial,Full time,Otros,No especificado,False,False,130
practica profesional departamento de informatica,coworking la serena - inversiones chile,Presencial,Full time,TI General,No especificado,True,False,153
practica profesional departamento de informatica,innova coworking,Presencial,Full time,TI General,No especificado,True,False,149
practica profesional desarrollo organizacional,practica profesional desarrollo organizacional,Presencial,Full time,Otros,No especificado,False,False,126
practica profesional informática.,practica profesional informática.,Presencial,Full time,Otros,No especificado,True,False,112
practica profesional en administración y finanzas,hvg administraciones,Presencial,Full time,Otros,No especificado,False,False,153
practica profesional en administración,administracion hvg,Presencial,Full time,Otros,No especificado,False,False,134
"practica profesional para estudiantes de ingeniería comercial, administración de empresas, marketing","practica profesional para estudiantes de ingeniería comercial, administración de empresas, marketing",Presencial,Full time,Ventas / Comercial,No especificado,False,False,153
practica profesional área informatica,practica profesional área informatica,Presencial,Full time,TI General,No especificado,True,False,98
practica profesional área administración,practica profesional área administración,Remoto,Full time,Otros,No especificado,False,True,153
practica psicología o administración de empresas,enjoy,Presencial,Full time,Otros,No especificado,False,False,133
practica recursos humanos o administración,bioplastic,Presencial,Full time,Recursos Humanos,No especificado,False,False,140
practica secretaria administrativa,"roelplant, quillota",Presencial,Full time,Data / BI,No especificado,False,False,116
practica tecnico en administracion,k-solutions spa,Presencial,Full time,Otros,No especificado,True,False,119
practica tecnico en logistica,empresa destacada,Presencial,Full time,Otros,No especificado,True,False,32
practica técnico en administración o rr.hh,wall partners,Presencial,Full time,Otros,No especificado,False,False,123
practica asistente de operaciones,rad creative venture studio,Presencial,Full time,Otros,No especificado,False,False,195
practica de diseño gráfico - uno salud dental,empresa destacada,Presencial,Full time,Salud,No especificado,False,False,28
practica de diseño grafico,empresa destacada,Presencial,Full time,Otros,No especificado,False,False,29
practica en administración y finanzas,practica en administración y finanzas,Presencial,Full time,Otros,No especificado,False,False,111
practica en administración y finanzas,viggo chile,Presencial,Full time,Otros,No especificado,False,False,117
practica en contabilidad y finanzas,coworking la serena - inversiones chile,Presencial,Full time,Otros,No especificado,False,False,153
practica en contabilidad y finanzas,innova coworking,Presencial,Full time,Otros,No especificado,False,False,135
practica en ingenieria en administración de empresas,enjoy,Presencial,Full time,Data / BI,No especificado,False,False,141
"practica en informática, redes y ciber seguridad",empresa destacada,Presencial,Full time,Otros,No especificado,True,False,34
practica informática san antonio,practica informática san antonio,Presencial,Full time,Otros,No especificado,True,False,113
practica ingenieria comercial ó carrera afín…,"old wood brothers spa, concepción",Presencial,Full time,Data / BI,No especificado,False,False,99
practica ingeniería en mantenimiento,empresa destacada,Presencial,Full time,Otros,No especificado,False,False,33
practica profesional - compras estratégicas,ripley chile,Híbrido,Full time,Otros,No especificado,False,False,196
practica psicología - área reclutamiento y selección,empresa destacada,Presencial,Full time,Recursos Humanos,No especificado,False,False,33
practica tecnico en administracion,nys clinicas,Presencial,Full time,Otros,No especificado,True,False,114
"practica área comercial, logística, finanzas, administración","practica área comercial, logística, finanzas, administración",Presencial,Full time,Ventas / Comercial,No especificado,False,False,149
practicante - oficina la serena huanhuali banca comercial,banco de chile,Presencial,Full time,Ventas / Comercial,Junior,False,False,153
practicante - oficina la serena huanhuali banca comercial,banco de chile,Presencial,Otro,Ventas / Comercial,Junior,False,False,140
practicante administracion de empresas area comercial,innova coworking,Presencial,Full time,Ventas / Comercial,Junior,False,False,153
practicante administración de contratos – aprendizaje y proyectos reales | grupo patio,ucv,Presencial,Full time,Otros,Junior,False,False,153
practicante administración de empresas área comercial y gestión,coworking la serena - inversiones chile,Presencial,Full time,Ventas / Comercial,Junior,False,False,153
practicante administración de empresas,practicante administración de empresas,Presencial,Full time,Otros,Junior,False,False,144
practicante administración y logística,scania chile,Presencial,Full time,Otros,Junior,False,False,118
practicante analista informático – desarrollo crm y wordpress,informática eugcom,Presencial,Full time,Otros,Junior,True,False,153
practicante análista informático o carreras a fin (santiago),informática eugcom,Presencial,Full time,Otros,Junior,True,False,153
practicante comercial,apiux tecnologia spa,Presencial,Full time,Ventas / Comercial,Junior,False,False,109
practicante informatica,animal care acws spa,Presencial,Full time,TI General,Junior,True,False,101
practicante ingeniería civil - informática - comercial - marketing - valparaíso,mutualdeseguros,Presencial,Full time,Ingenieria Civil,Junior,True,False,153
"practicante ingeniería comercial, / civil industrial / administración de empresas)","practicante ingeniería comercial, / civil industrial / administración de empresas)",Presencial,Full time,Ingenieria Civil,Junior,False,False,153
practicante marketing,empresa destacada,Presencial,Full time,Otros,Junior,False,False,32
practicante profesional en administración de empresas,salfa rent,Presencial,Full time,Otros,Junior,False,False,148
practicante técnico informático analista de datos y compras,importante empresa del sector,Presencial,Full time,Data / BI,Junior,True,False,153
practicante técnico informático para área adquisiciones (santiago),importante empresa del sector,Presencial,Full time,Otros,Junior,True,False,153
practicante técnico informático para área adquisiciones,practicante técnico informático para área adquisiciones,Presencial,Full time,Otros,Junior,True,False,153
practicante de administración y finanzas,more amor,Presencial,Full time,Otros,Junior,False,False,121
practicante de diseño gráfico – packaging,empresa destacada,Presencial,Full time,Otros,Junior,False,False,29
practicante de diseño gráfico,empresa destacada,Presencial,Full time,Otros,Junior,False,False,29
practicante de informática (santiago),consultores cyc,Presencial,Full time,Otros,Junior,True,False,124
practicante de informática: soporte técnico & itil,sandvik chile,Presencial,Full time,Otros,Junior,True,False,149
"practicante de ingeniería en ciberseguridad, telecomunicaciones o informática","practicante de ingeniería en ciberseguridad, telecomunicaciones o informática",Presencial,Full time,Otros,Junior,True,False,153
practicante de ingeniería en prevención de riesgos,empresa destacada,Presencial,Full time,Otros,Junior,False,False,33
practicante de marketing,empresa destacada,Híbrido,Full time,Otros,Junior,False,False,32
practicante de recursos humanos,holding wiki,Presencial,Full time,Recursos Humanos,Junior,False,False,125
practicante de vinculación con el medio,practicante de vinculación con el medio,Presencial,Full time,Otros,Junior,False,False,113
"practicante en ing. ingeniería industrial, computación, informática carreras afines.",federal seguridad movil sa,Presencial,Full time,Otros,Junior,True,False,153
"practicante en ing. ingeniería industrial, computación, informática","practicante en ing. ingeniería industrial, computación, informática",Presencial,Full time,Otros,Junior,True,False,153
practicante en producto & procesos digitales,no especificada,Híbrido,Otro,Otros,Junior,True,False,24
practicante informatica,practicante informatica,Remoto,Full time,TI General,Junior,True,True,131
practicante área administración de empresas,practicante área administración de empresas,Presencial,Full time,Otros,Junior,False,False,151
practicante área comercial-providencia (híbrido),lw empresas,Híbrido,Full time,Data / BI,Junior,False,True,153
practicante área de administración – las condes,practicante área de administración – las condes,Presencial,Full time,Otros,Junior,False,False,137
practicante área de reclutamiento y selección,practicante área de reclutamiento y selección,Presencial,Full time,Recursos Humanos,Junior,False,False,118
practica,practica,Presencial,Full time,Otros,No especificado,False,False,131
"prevencionista de pérdidas, ft, la serena",homecenter la serena,Presencial,Full time,Otros,No especificado,False,False,151
prevencionista de riesgo - iquique,ulog soluciones logísticas integrales,Presencial,Otro,Otros,No especificado,False,False,143
prevencionista de riesgo experiencia en glp,"transportes diaz, santiago",Presencial,Full time,Data / BI,No especificado,False,False,88
"prevencionista de riesgo junior, santiago -…","idiem, santiago",Presencial,Full time,Otros,Junior,False,False,99
prevencionista de riesgo – servicio de administración y operación bodega minería,prevencionista de riesgo – servicio de administración y operación bodega minería,Presencial,Full time,Otros,No especificado,False,False,151
prevencionista de riesgos (minería),"sourcing, calama",Presencial,Full time,Otros,No especificado,False,False,91
prevencionista de riesgos / antofagasta,prevencionista de riesgos / antofagasta,Presencial,Full time,Otros,No especificado,False,False,110
prevencionista de riesgos /rubro mineria en quilicura,prevencionista de riesgos /rubro mineria en quilicura,Presencial,Full time,Data / BI,No especificado,False,False,153
prevencionista de riesgos sns,"freemaq spa, iquique",Presencial,Full time,Otros,No especificado,False,False,99
prevencionista de riesgos y calidad antofagasta,"confidencial, santiago",Presencial,Full time,QA / Testing,No especificado,False,False,103
prevencionista de riesgos – antofagasta,"empresa de transporte de.., antofagasta",Presencial,Full time,Otros,No especificado,False,False,99
prevencionista de riesgos,"montajes industriales, santiago",Presencial,Full time,Otros,No especificado,False,False,99
prevencionista de riesgos/experiencia en mineria,empresa destacada,Presencial,Full time,Data / BI,No especificado,False,False,30
"proceso interno regional: auxiliar de servicios menores, comuna de la serena, región de coquimbo",junta nacional de jardines infantiles,Presencial,Full time,Otros,Junior,False,False,153
process support it (operaciones),tigo venezuela,Presencial,Full time,Otros,No especificado,False,False,127
product designer semi senior,no especificada,Híbrido,Freelance,Otros,Senior,False,False,24
product designer semi senior,no especificada,Híbrido,Full time,Otros,Senior,False,False,24
product designer senior uruguay,no especificada,Híbrido,Full time,Otros,Senior,False,False,24
product designer,no especificada,Híbrido,Full time,Otros,No especificado,False,False,24
product engineer,no especificada,Híbrido,Full time,Otros,No especificado,False,False,24
product manager ecommerce - gerencia de clientes y marketing,consorcio,Presencial,Otro,Data / BI,No especificado,False,False,172
product manager medios de pago,"las condes, metropolitana de santiago",Presencial,Otro,Otros,No especificado,False,False,139
product manager seguros,empresa destacada,Híbrido,Full time,Otros,No especificado,True,False,30
product manager seguros,forum servicios financieros s a,Presencial,Otro,Otros,No especificado,True,False,149
product manager senior,no especificada,Híbrido,Full time,Otros,Senior,False,False,24
product manager suplementos y alimentos naturales (pre y post natal),farmacias knop s.a,Presencial,Otro,Otros,No especificado,False,False,186
product owner factoring,no especificada,Remoto,Full time,Otros,No especificado,False,True,24
product manager marketing,"cotys s.a, santiago",Presencial,Full time,Otros,No especificado,False,False,105
productor gráfico,no especificada,Remoto,Full time,Otros,No especificado,False,True,24
"prof. constru, asesor téc. comercial, copiapo.…","marval spa, copiapó",Presencial,Full time,Ventas / Comercial,No especificado,False,False,102
profesional ejecutivo de atención a empresas (la higuera),omil la higuera,Presencial,Full time,Otros,No especificado,False,False,153
"profesional informatico, desarrollador full stack (chiguayante)",empresa líder,Presencial,Full time,TI General,No especificado,True,False,153
profesional jefe(a) tic - unidad de ingeniería informática,energia,Presencial,Full time,TI General,Senior,True,False,153
profesional programador,profesional programador,Remoto,Full time,Desarrollo / Dev,No especificado,True,True,109
profesional de apoyo informático proyecto fdi - sede central (vitacura),inacap,Presencial,Full time,Otros,No especificado,True,False,153
profesional de autoevaluación de los programas académicos para la oficina de apoyo a la autoeva[...],corfo,Presencial,Full time,Otros,No especificado,True,False,153
profesional de linea unidad de gestion de casos - dr coquimbo - prs n° 06 (la serena),corfo,Presencial,Full time,Otros,No especificado,False,False,153
profesional de linea unidad de gestion de redes - dr coquimbo - prs n° 07 (la serena),corfo,Presencial,Full time,Otros,No especificado,True,False,153
profesional de la educación (reemplazo),empresa destacada,Presencial,Full time,Otros,No especificado,False,False,32
profesional de la salud - depilación…,"centro clínico de depilación, rancagua",Presencial,Full time,Salud,No especificado,False,False,93
profesional del área de informática o programación para clases,liceo técnico,Presencial,Full time,Otros,No especificado,True,False,153
"profesional para sdwan, cisco y palo alto","profesional para sdwan, cisco y palo alto",Presencial,Full time,Otros,No especificado,False,False,142
profesional para área administrativa,sociedad de transportes edmundo gres ltda,Presencial,Full time,Otros,No especificado,False,False,153
profesor educación básica,empresa destacada,Híbrido,Full time,Educacion,No especificado,False,False,32
profesor de educación física (atletismo).,empresa destacada,Presencial,Full time,Educacion,No especificado,False,False,32
profesor de educación general básica - mención ciencias naturales,empresa destacada,Presencial,Full time,Educacion,No especificado,False,False,32
profesor de educación general básica,empresa destacada,Presencial,Full time,Educacion,No especificado,False,False,32
profesor de informática,liceo industrial benjamín franklin,Presencial,Full time,Educacion,No especificado,True,False,115
profesor particular para clases de informática para utilización de pc,cronoshare.cl,Presencial,Full time,Educacion,No especificado,True,False,153
profesor(a) de matronatación part time,club providencia,Presencial,Part time,TI General,No especificado,False,False,137
profesor/a educación diferencial,"colegio el sembrador -.., curicó",Presencial,Full time,Educacion,No especificado,False,False,103
profesor/a de educación diferencial,"colegio piaget de san.., linares",Presencial,Full time,Educacion,No especificado,False,False,98
profesor/a de educación física - programa extraescolar,empresa destacada,Presencial,Full time,Educacion,No especificado,True,False,32
profesor/a de educación general básica,empresa destacada,Presencial,Full time,Educacion,No especificado,False,False,32
profesor/a de inglés curso con foco en habilidades profesionales,idiomania chile,Presencial,Full time,Educacion,No especificado,False,False,153
profesores y psicopedagogos,"smart learning chile, santiago",Presencial,Full time,Educacion,No especificado,False,False,102
program manager senior,no especificada,Híbrido,Full time,Otros,Senior,True,False,24
programa inspira 2026,codelco,Presencial,Full time,Otros,No especificado,True,False,192
programa internship l'oréal chile - práctica compensaciones y beneficios,l'oréal,Híbrido,Full time,Otros,Junior,True,False,200
programa internship l'oréal chile - práctica marketing,l'oréal,Híbrido,Full time,Otros,Junior,True,False,193
programa jóvenes profesionales – banca privada santander chile (2026),santander chile,Presencial,Full time,Otros,No especificado,True,False,196
programa de aprendices - operador perecibles - jumbo antofagasta,cencosud,Presencial,Otro,Otros,No especificado,True,False,153
programa de aprendices - operador perecibles - jumbo los lagos,cencosud,Presencial,Otro,Otros,No especificado,True,False,144
programa de aprendices - operador perecibles - jumbo,cencosud,Presencial,Otro,Otros,No especificado,True,False,152
programa de capacitación gratuita en administración de bodega,programa de capacitación gratuita en administración de bodega,Presencial,Full time,Otros,No especificado,True,False,153
programa de entrenamiento - ejecutivos banca personas - coquimbo|bch,banco de chile,Presencial,Otro,Otros,No especificado,True,False,155
programa de entrenamiento ejecutivo banca personas - chillán,empresa destacada,Presencial,Full time,Otros,No especificado,True,False,28
programa de entrenamiento ejecutivo banca personas - copiapó,empresa destacada,Presencial,Full time,Otros,No especificado,True,False,28
programa de entrenamiento ejecutivo banca personas - curicó,empresa destacada,Presencial,Full time,Otros,No especificado,True,False,28
programa de entrenamiento ejecutivo banca personas - la serena,banco de chile,Presencial,Full time,Otros,No especificado,True,False,153
programa de entrenamiento ejecutivo banca personas - la serena,banco de chile,Presencial,Otro,Otros,No especificado,True,False,149
programa de entrenamiento ejecutivo banca personas - la serena,empresa destacada,Presencial,Full time,Otros,No especificado,True,False,28
programa de entrenamiento ejecutivo banca personas - los andes,empresa destacada,Presencial,Full time,Otros,No especificado,True,False,28
programa de entrenamiento ejecutivo banca personas - rancagua,empresa destacada,Presencial,Full time,Otros,No especificado,True,False,28
programa de entrenamiento ejecutivo banca personas - talca,empresa destacada,Presencial,Full time,Otros,No especificado,True,False,28
programa de prácticas - equipo de medio ambiente y prevención de riegos - gerencia de ética y cumplimiento,walmart,Híbrido,Full time,Data / BI,No especificado,True,False,201
programa de prácticas galderma 2026-2,galderma colombia,Presencial,Full time,Otros,No especificado,True,False,197
programador informatico (las condes),ingenieria y fabricacion crealab,Presencial,Full time,Desarrollo / Dev,No especificado,True,False,141
programador mantenimiento antofagasta,programador mantenimiento antofagasta,Presencial,Full time,Desarrollo / Dev,No especificado,True,False,108
programador(a) informatico(a),corfo,Presencial,Full time,Desarrollo / Dev,No especificado,True,False,99
programador(a) informático de abastecimiento,programador(a) informático de abastecimiento,Presencial,Full time,Desarrollo / Dev,No especificado,True,False,147
programadores(as) / desarrollares (as) informaticos (ti),confidencial,Presencial,Full time,Desarrollo / Dev,No especificado,True,False,153
programador,tigo venezuela,Presencial,Full time,Desarrollo / Dev,No especificado,True,False,85
project management (pmo) - minería,sodexo,Presencial,Otro,Otros,No especificado,False,False,115
project management office senior,no especificada,Presencial,Full time,Otros,Senior,False,False,24
project manager junior / coordinador de proyectos – tecnología,empresa destacada,Presencial,Full time,Otros,Senior,True,False,33
project manager mid,no especificada,Híbrido,Full time,Otros,Semi-Senior,False,False,24
project manager,no especificada,Híbrido,Full time,Otros,No especificado,False,False,24
promotor retail: impulsa experiencia de compra,s.a.c.i. falabella,Presencial,Full time,Data / BI,No especificado,False,False,153
promotor vendedor ft - la serena,"skechers usa, inc.",Presencial,Full time,Otros,No especificado,False,False,131
promotor vendedor reemplazo (la serena),comercial portia,Presencial,Full time,Otros,No especificado,False,False,143
promotor vendedor con comisión (reemplazo),comercial portia,Presencial,Full time,Otros,No especificado,False,False,149
promotor vendedor para la serena full time televisión,ecrgroup,Presencial,Full time,TI General,No especificado,False,False,153
promotor de equipos de limpieza full time/ easy y hc la serena,salesland,Presencial,Full time,TI General,No especificado,False,False,153
promotor de tecnología en retail — ventas y atención,alcansa,Presencial,Full time,Ventas / Comercial,No especificado,True,False,153
"promotor de ventas - equipos de limpieza, ruta easy",salesland,Presencial,Full time,Ventas / Comercial,No especificado,False,False,153
promotor de ventas full time: impacto y crecimiento,pk group,Presencial,Full time,TI General,No especificado,False,False,152
promotor de ventas wholesale - retail & stock,"skechers usa, inc.",Presencial,Full time,Ventas / Comercial,No especificado,False,False,150
promotor de ventas – marca de teléfonos (la serena),touch latam chile,Presencial,Full time,Ventas / Comercial,No especificado,False,False,153
promotor(a) part time 20 hrs cerrilos rubro de tecnologia,empresa destacada,Presencial,Part time,TI General,No especificado,True,False,33
promotor(a) part time 20 hrs mall trebol rubro de tecnologia,empresa destacada,Presencial,Part time,TI General,No especificado,True,False,33
promotor(a) part time 20 hrs vespucio rubro de tecnologia,empresa destacada,Presencial,Part time,TI General,No especificado,True,False,33
promotor(a) de perfumería y skincare – domingo 10 de mayo $30.000 la serena,ecrgroup®️.,Presencial,Full time,Otros,No especificado,False,False,153
promotor(a) de perfumes y skincare / $30.000 líquidos /trabajo por campaña (la serena),ecrgroup®️.,Presencial,Full time,Otros,No especificado,False,False,153
promotor/vendedor para la serena peak time telefonía,ecr group,Presencial,Full time,TI General,No especificado,False,False,153
promotor/vendedor — ventas y tintometría (10 días),comercial portia,Presencial,Full time,TI General,No especificado,False,False,153
promotor/a beauty: cuidado personal y perfumería – ventas,ecrgroup®️.,Presencial,Full time,Ventas / Comercial,No especificado,False,False,153
promotor/a campaña cuidado personal y perfumería / la serena,ecrgroup®️.,Presencial,Full time,Otros,No especificado,False,False,153
promotor/a full time la serena / linea blanca - base+ comisión,alcansa,Presencial,Full time,TI General,No especificado,False,False,153
promotor/a la martina mjt 30 hrs 5rotativo falabella la serena,s.a.c.i. falabella,Presencial,Full time,Otros,No especificado,False,False,153
promotor/a la martina mjt 30 hrs 5x2 rotativo falabella la serena,falabella,Presencial,Full time,Otros,No especificado,False,False,153
promotor/a peak time 5x2 – ruta la serena (horario mall),progestion chile,Presencial,Full time,TI General,No especificado,False,False,153
promotor/a tech & entretenimiento – ruta retail,progestion chile,Presencial,Full time,Otros,No especificado,False,False,153
promotor/a vendedor/a para pinturas de grandes superficies (la serena),comercial portia,Presencial,Full time,Otros,No especificado,False,False,153
"promotor/a wolf and hank, jornada full time lv / falabella la serena",falabella,Presencial,Full time,TI General,No especificado,False,False,153
"promotor/a wolf and hank, media jornada 30 horas 5x2 rotativo // falabella la serena",falabella,Presencial,Full time,Data / BI,No especificado,False,False,153
promotor/a de perfumería y skincare — venta y asesoría,ecrgroup®️.,Presencial,Full time,Ventas / Comercial,No especificado,False,False,153
promotor/a de tienda: impulsa experiencia y ventas,falabella,Presencial,Full time,Data / BI,No especificado,False,False,151
promotor/a de ventas retail — experiencia al cliente,falabella,Presencial,Full time,Data / BI,No especificado,False,False,153
promotor/a de ventas: experiencia en atención al cliente,falabella,Presencial,Full time,Data / BI,No especificado,False,False,153
práctica - atracción de talento 🎯 👥,arcoprime,Híbrido,Full time,Recursos Humanos,No especificado,False,False,203
práctica - comercial (producto) - wild lama,wild lama,Híbrido,Full time,Ventas / Comercial,No especificado,False,False,195
práctica - contabilidad - wild lama,wild lama,Híbrido,Full time,Otros,No especificado,False,False,193
práctica - datos | informática | programación | redes,ucv,Presencial,Full time,Otros,No especificado,True,False,144
práctica - desarrollo de producto- wild lama,wild lama,Híbrido,Full time,Otros,No especificado,False,False,198
práctica - diseño gráfico - dictuc,empresa destacada,Presencial,Full time,Otros,No especificado,False,False,29
práctica - diseño/publicidad/marketing,empresa confidencial,Presencial,Otro,Otros,No especificado,False,False,164
práctica - diseño/publicidad,empresa destacada,Presencial,Full time,Otros,No especificado,False,False,29
"práctica - marketing o comercial, área de ventas",adinfluence,Híbrido,Full time,Ventas / Comercial,No especificado,False,False,195
práctica - proyectos transversales de automatización y digitalización de riesgos (agosto 2026) ❤️,santander chile,Híbrido,Full time,Otros,No especificado,True,False,196
práctica administración (concepción) (chiguayante),salfa,Presencial,Full time,Otros,No especificado,False,False,143
práctica administración - cerro navia,limchile,Presencial,Full time,Otros,No especificado,False,False,120
práctica administración rrhh,claire joster,Presencial,Full time,Recursos Humanos,No especificado,False,False,101
práctica administración rrhh,grupo maclean servicios integrales,Presencial,Full time,Recursos Humanos,No especificado,False,False,122
práctica administración rrhh,práctica administración rrhh,Presencial,Full time,Recursos Humanos,No especificado,False,False,135
práctica administración de empresas (técnico o ingeniería),rotter & krauss,Presencial,Full time,Otros,No especificado,False,False,153
práctica administración de empresas - kaufmann antofagasta,grupo kaufmann mercedes-benz,Presencial,Full time,Otros,No especificado,False,False,153
práctica administración de empresas - kaufmann calama,grupo kaufmann mercedes-benz,Presencial,Full time,Otros,No especificado,False,False,153
práctica administración de empresas - melipilla,empresas ariztía,Presencial,Full time,Otros,No especificado,False,False,142
"práctica administración de empresas, comercial o carreras afines (rancagua)",fid seguros,Presencial,Full time,Ventas / Comercial,No especificado,False,False,153
práctica administración de empresas,práctica administración de empresas,Presencial,Full time,Otros,No especificado,False,False,107
práctica administración del personal - gestión de personas,kpmg auditores consultores ltda.,Presencial,Full time,Otros,No especificado,False,False,153
práctica administración del personal - gestión de personas,kpmg chile,Híbrido,Full time,Otros,No especificado,False,False,200
práctica administración del personal - gestión de personas,kpmg chile,Presencial,Full time,Otros,No especificado,False,False,153
práctica administración en mecánica,salfa rent,Presencial,Full time,Otros,No especificado,False,False,106
práctica administrativa presencial: garantías y excel,salfa rent,Presencial,Full time,Otros,No especificado,False,False,153
práctica analista de do,empresa confidencial,Presencial,Otro,Otros,No especificado,False,False,141
práctica analytics hr,enaex,Híbrido,Full time,Otros,No especificado,False,False,198
práctica analítica de ventas santiago,cial alimentos,Híbrido,Full time,Ventas / Comercial,No especificado,False,False,203
práctica análisis de datos de soporte retail ti,esmax,Presencial,Full time,TI General,No especificado,True,False,191
práctica arquitectura,empresa destacada,Presencial,Full time,Otros,No especificado,False,False,35
práctica arquitectura,lider bci,Híbrido,Full time,Otros,No especificado,False,False,24
práctica audiovisual - capacitaciones,kpmg chile,Híbrido,Full time,Otros,No especificado,False,False,201
práctica comercial cencosud media,cencosud,Híbrido,Full time,Ventas / Comercial,No especificado,False,False,196
práctica comercio exterior,"confidencial, santiago",Presencial,Full time,Otros,No especificado,False,False,91
práctica compensaciones - valparaíso,mutualdeseguros,Presencial,Full time,Otros,No especificado,False,False,138
práctica compliance,ey chile,Híbrido,Full time,Otros,No especificado,False,False,24
práctica conciliaciones bancarias - las condes,ccu,Presencial,Full time,Otros,No especificado,False,False,196
"práctica contraloría (contador auditor, ing. comercial, adm. de empresas, ing. control de gestión)",empresas sb,Presencial,Otro,Ventas / Comercial,No especificado,False,False,202
práctica control de terceros (administración) - melipilla,empresas ariztía,Presencial,Full time,Otros,No especificado,False,False,153
práctica control de gestión y recursos humanos,práctica control de gestión y recursos humanos,Remoto,Full time,Recursos Humanos,No especificado,False,True,153
práctica customer operations executive - bogotá,wherex colombia,Híbrido,Full time,Otros,No especificado,False,False,200
práctica customer operations executive,no especificada,Híbrido,Full time,Otros,No especificado,False,False,24
práctica data & analytics 📈✨,arcoprime,Híbrido,Full time,Data / BI,No especificado,True,False,200
práctica data quality,práctica data quality,Presencial,Full time,QA / Testing,No especificado,True,False,132
práctica desarrollo organizacional,aramark,Presencial,Full time,Otros,No especificado,False,False,189
práctica desarrollo de personas y organizaciones (dpo) - renca,ccu,Presencial,Full time,Otros,No especificado,False,False,203
práctica diseñador ux/ui,ccu,Presencial,Full time,Otros,No especificado,False,False,203
práctica diseño (marketing),cumplo,Presencial,Full time,Otros,No especificado,False,False,200
práctica diseño ux,cumplo,Presencial,Full time,Otros,No especificado,False,False,200
práctica finanzas - área ingresos,forus,Presencial,Full time,Otros,No especificado,False,False,203
práctica finanzas – tesorería y gestión de pagos – nestlé – oc las condes,nestlé,Presencial,Full time,Otros,No especificado,False,False,194
práctica finanzas/compras,cial alimentos,Híbrido,Full time,Otros,No especificado,False,False,203
práctica gastronomía,"importante empresa hotelera, puerto montt",Presencial,Full time,Otros,No especificado,False,False,90
práctica gerencia gestión de personas - análisis de datos,wom,Híbrido,Full time,Data / BI,No especificado,True,False,195
práctica it ingeniería informática: analista de datos y rpa,ucv,Presencial,Full time,Data / BI,No especificado,True,False,153
práctica it en ingeniería informática - ia y rpa,ucv,Presencial,Full time,Data / BI,No especificado,True,False,134
práctica informatica - puerto montt,empresa destacada,Presencial,Full time,TI General,No especificado,True,False,34
práctica informática biomédica / estadística,interclínica,Presencial,Full time,Otros,No especificado,True,False,135
práctica informática – huechuraba (presencial) - universidad san sebastián,universidad san sebastián,Presencial,Full time,Otros,No especificado,True,False,153
práctica informática: soporte técnico y sistemas (presencial),universidad san sebastián,Presencial,Full time,TI General,No especificado,True,False,153
práctica informática,práctica informática,Presencial,Full time,Otros,No especificado,True,False,90
"práctica ing administración de empresas, finanzas o rrhh",fid seguros,Presencial,Full time,Recursos Humanos,No especificado,False,False,153
práctica ing. civil industrial / informática - trade marketing,vspt wine group,Presencial,Otro,Ingenieria Civil,No especificado,True,False,171
práctica ing. comercial – área comercial / proveedores pymes,smu s.a,Presencial,Full time,Ventas / Comercial,No especificado,False,False,194
"práctica ing. comercial, administración de empresas o carreras afines. (temuco)",fid seguros,Presencial,Full time,Ventas / Comercial,No especificado,False,False,153
"práctica ing. comercial, administración de empresas o carreras afines. (temuco)",fid seguros,Presencial,Full time,Ventas / Comercial,No especificado,False,False,200
práctica ing. industrial - programación de la producción - quilicura,ccu,Presencial,Full time,Otros,No especificado,True,False,199
"práctica ingeniera/o informático, civil en computación o carrera afín (data engi",fid seguros,Presencial,Full time,Data / BI,No especificado,True,False,153
práctica ingeniería civil industrial - gerencia de omnichannel supply chain,walmart,Híbrido,Full time,Data / BI,No especificado,False,False,201
práctica ingeniería civil industrial / comercial / administración,empresa destacada,Presencial,Full time,Ingenieria Civil,No especificado,False,False,33
práctica ingeniería civil industrial / comercial / administración,limchile,Presencial,Full time,Ingenieria Civil,No especificado,False,False,153
práctica ingeniería civil industrial – mejora de procesos de compra,empresa destacada,Presencial,Full time,Ingenieria Civil,No especificado,False,False,33
práctica ingeniería civil industrial – mejora de procesos de compra,smu s.a,Presencial,Full time,Ingenieria Civil,No especificado,False,False,194
práctica ingeniería civil/comercial - kaufmann santiago norte,empresa destacada,Presencial,Full time,Ingenieria Civil,No especificado,False,False,33
práctica ingeniería comercial - andes motor casa matriz,empresa destacada,Presencial,Full time,Ventas / Comercial,No especificado,False,False,33
"práctica ingeniería comercial, administración de empresas o carreras afines (concepción)",fid seguros,Presencial,Full time,Ventas / Comercial,No especificado,False,False,200
"práctica ingeniería informática, estadística, matemáticas, economía (santiago)",fid seguros,Presencial,Full time,Otros,No especificado,True,False,153
práctica ingeniería en administración de empresas,práctica ingeniería en administración de empresas,Presencial,Full time,Otros,No especificado,False,False,120
práctica ingeniería en control de gestión - providencia,empresa destacada,Presencial,Full time,Otros,No especificado,False,False,33
práctica ingeniería en informática - melipilla.,ariztia,Presencial,Full time,Otros,No especificado,True,False,136
práctica ingeniería en informática,polpaico soluciones,Presencial,Full time,Otros,No especificado,True,False,198
práctica ingeniería en informática,práctica ingeniería en informática,Presencial,Full time,Otros,No especificado,True,False,147
práctica ingeniería en rrhh - las condes,empresa destacada,Presencial,Full time,Recursos Humanos,No especificado,False,False,33
práctica innovación,cumplo,Presencial,Full time,Otros,No especificado,False,False,201
práctica inteligencia operacional,afp cuprum,Presencial,Full time,Data / BI,No especificado,False,False,123
práctica inteligencia de clientes (ing. informática o carrera afín),preunic,Híbrido,Full time,Data / BI,No especificado,True,False,201
práctica kunstmann - marketing e innovación,cerveceria kunstmann s a,Presencial,Otro,Otros,No especificado,False,False,130
práctica marketing - antofagasta,coca-cola andina,Presencial,Full time,Otros,No especificado,False,False,201
práctica marketing data - programa de prácticas “impulsa tu talento” 🌟,aramark,Presencial,Full time,Data / BI,No especificado,True,False,200
práctica marketing digital - área cuentas,influence,Remoto,Full time,Otros,No especificado,True,True,201
práctica marketing digital,empresa destacada,Presencial,Full time,Otros,No especificado,True,False,32
práctica marketing – alimentos infantiles | data & estrategia – nestlé,nestlé,Presencial,Full time,Data / BI,No especificado,True,False,24
práctica marketing,cial alimentos,Híbrido,Full time,Otros,No especificado,False,False,194
práctica marketing,empresa destacada,Presencial,Full time,Otros,No especificado,False,False,32
práctica order to cash cencosud,cencosud,Presencial,Full time,Otros,No especificado,False,False,199
práctica packaging – optimización – nestlé – san fernando,nestlé,Presencial,Full time,Otros,No especificado,False,False,201
práctica pre profesional de atracción del talento,entel perú,Híbrido,Full time,Recursos Humanos,No especificado,False,False,192
práctica pre profesional de control de gestión,pacasmayo,Presencial,Full time,Otros,No especificado,False,False,191
práctica prevencionista de riesgo- clinica redsalud providencia,clínica redsalud providencia,Presencial,Otro,Salud,No especificado,True,False,184
práctica pro operaciones - research intern (remoto) | perú 🇵🇪,firstjob,Remoto,Full time,Otros,Junior,False,True,203
práctica pro área de ventas - sdr remoto | perú 🇵🇪,firstjob,Remoto,Full time,Ventas / Comercial,No especificado,False,True,203
práctica procesos y finanzas – optimización y data – nestlé – las condes,nestlé,Presencial,Full time,Data / BI,No especificado,True,False,200
"práctica procurement, gerencia administración y finanzas",abastible s.a.,Presencial,Full time,Data / BI,No especificado,False,False,153
práctica profesional - administración y operaciones,sandvik group,Presencial,Full time,Otros,No especificado,False,False,147
práctica profesional - customer success (tur.com),copec s.a,Híbrido,Full time,Otros,No especificado,False,False,24
práctica profesional - gerencia walmart digital,walmart,Híbrido,Full time,Data / BI,No especificado,True,False,201
práctica profesional - ingeniería civil industrial o comercial,empresa destacada,Híbrido,Full time,Ingenieria Civil,No especificado,False,False,33
práctica profesional - recursos humanos,empresa destacada,Híbrido,Full time,Recursos Humanos,No especificado,False,False,39
práctica profesional - área marketing - rm,consorcio minero s.a,Presencial,Otro,Otros,No especificado,False,False,156
práctica profesional - área recursos humanos,empresas sb,Híbrido,Full time,Recursos Humanos,No especificado,False,False,200
práctica profesional - área turismo de aventura,empresa destacada,Presencial,Full time,Otros,No especificado,False,False,30
práctica profesional administración (copiapó),skc,Presencial,Full time,Otros,No especificado,False,False,123
práctica profesional administración (santiago),lureye administracion y gestion,Presencial,Full time,Otros,No especificado,False,False,153
práctica profesional administración / contabilidad / rondizzoni,práctica profesional administración / contabilidad / rondizzoni,Presencial,Full time,Otros,No especificado,False,False,134
práctica profesional administración la serena,copeval,Presencial,Full time,Otros,No especificado,False,False,131
práctica profesional administrativa,pacasmayo,Presencial,Full time,Otros,No especificado,False,False,191
práctica profesional análisis de datos área informática/ softys quilicura,práctica profesional análisis de datos área informática/ softys quilicura,Presencial,Full time,Otros,No especificado,True,False,152
práctica profesional asistente en marketing digital,enexum s.a,Presencial,Full time,Otros,No especificado,True,False,153
práctica profesional automatización de procesos,práctica profesional automatización de procesos,Presencial,Full time,Otros,No especificado,False,False,99
práctica profesional do - ing. comercial o psicología,empresa destacada,Híbrido,Full time,Ventas / Comercial,No especificado,False,False,33
práctica profesional do - ing. comercial o psicología,tanner,Híbrido,Full time,Ventas / Comercial,No especificado,False,False,199
práctica profesional desarrollador web,enexum s.a,Presencial,Full time,Otros,No especificado,True,False,133
práctica profesional diseñador gráfico,empresa confidencial,Presencial,Otro,Otros,No especificado,False,False,164
práctica profesional diseño - nestlé macul,nestlé,Presencial,Full time,Otros,No especificado,False,False,198
práctica profesional gerencia de marketing (comunicaciones),afp modelo,Presencial,Full time,Data / BI,No especificado,False,False,24
práctica profesional it -ingenieria informatica,ucv,Presencial,Full time,Data / BI,No especificado,True,False,132
práctica profesional ing. civil industrial informática y afines,empresa destacada,Híbrido,Full time,Ingenieria Civil,No especificado,True,False,34
"práctica profesional ing. civil industrial, informática y afines",tanner,Presencial,Full time,Ingenieria Civil,No especificado,True,False,153
práctica profesional ingeniería civil industrial o ingeniería civil informática,empresa destacada,Híbrido,Full time,Ingenieria Civil,No especificado,True,False,34
práctica profesional ingeniería comercial / administración de empresas (área comercial),práctica profesional ingeniería comercial / administración de empresas (área comercial),Presencial,Full time,Ventas / Comercial,No especificado,False,False,153
práctica profesional ingeniería comercial / ingeniería administración de empresas,v/n global bpo,Presencial,Full time,Ventas / Comercial,No especificado,False,False,153
práctica profesional ingeniería informática o analista programador/a,tvn (televisión nacional de chile),Presencial,Full time,Desarrollo / Dev,No especificado,True,False,153
práctica profesional ingeniería informática o analista programador/a,v/n global bpo,Presencial,Full time,Desarrollo / Dev,No especificado,True,False,153
práctica profesional ingeniería en informática/ control de gestión / industrial / comercial,práctica profesional ingeniería en informática/ control de gestión / industrial / comercial,Presencial,Full time,Ventas / Comercial,No especificado,True,False,153
práctica profesional ingeniería en informática/ control de gestión / industrial / comercial,salfa rent,Presencial,Full time,Ventas / Comercial,No especificado,True,False,153
práctica profesional logística automotriz americar,práctica profesional logística automotriz americar,Remoto,Full time,Otros,No especificado,False,True,126
práctica profesional periodismo - plataformas digitales,empresa destacada,Presencial,Full time,Otros,No especificado,True,False,33
práctica profesional periodismo audiovisual (área de comunicaciones),empresa destacada,Híbrido,Full time,Otros,No especificado,False,False,33
práctica profesional psicólogo(a) - reclutamiento y selección,cooperativa del personal de universidad de chile (coopeuch),Presencial,Otro,Recursos Humanos,No especificado,False,False,218
práctica profesional recursos humanos (selección),empresa destacada,Presencial,Full time,Recursos Humanos,No especificado,False,False,39
práctica profesional recursos humanos,empack ltda.,Presencial,Otro,Recursos Humanos,No especificado,False,False,146
práctica profesional recursos humanos,práctica profesional recursos humanos,Presencial,Full time,Recursos Humanos,No especificado,False,False,123
práctica profesional tarragona administración secretariado,práctica profesional tarragona administración secretariado,Presencial,Full time,Otros,No especificado,False,False,153
práctica profesional técnico en redes / informática - melipilla,ariztia,Presencial,Full time,Otros,No especificado,True,False,153
práctica profesional técnico en redes / informática - melipilla,empresas ariztía,Presencial,Full time,Otros,No especificado,True,False,153
práctica profesional de finanzas - cobranzas,midea carrier,Presencial,Full time,Otros,No especificado,False,False,195
práctica profesional en administración,práctica profesional en administración,Presencial,Full time,Otros,No especificado,False,False,111
práctica profesional en administración,softys argentina,Presencial,Full time,Otros,No especificado,False,False,124
práctica profesional en administración,softys,Presencial,Full time,Otros,No especificado,False,False,114
práctica profesional en equipos de planificación de medios,omnicom media chile,Híbrido,Full time,Otros,No especificado,False,False,196
práctica profesional en operaciones – procesos y automatización,provida afp,Híbrido,Full time,Otros,No especificado,False,False,198
práctica profesional en operaciones: python y powerapps,banchile inversiones,Presencial,Full time,Desarrollo / Dev,No especificado,False,False,153
"práctica profesional para antofagasta - carrera ing. comercial, ing. en administración de empresas",empresas ariztía,Presencial,Full time,Ventas / Comercial,No especificado,False,False,153
"práctica profesional para calama - carrera ing. comercial, ing. en administración de empresas",ariztia,Presencial,Full time,Ventas / Comercial,No especificado,False,False,153
práctica profesional | impuestos corporativos (foco contable & procesos),cencosud,Presencial,Full time,Otros,No especificado,False,False,195
práctica profesional | media & performance - paris.cl,cencosud,Presencial,Full time,Data / BI,No especificado,False,False,196
práctica profesional | operaciones - unidad de partícipes,banchile inversiones,Presencial,Full time,Otros,No especificado,False,False,153
práctica profesional área comercial,belcorp,Híbrido,Full time,Ventas / Comercial,No especificado,False,False,200
práctica profesional área de recursos humanos,empresa destacada,Híbrido,Full time,Recursos Humanos,No especificado,False,False,39
"práctica profesional – administracion (presencial, santiago) | laser imaging chile",laser imaging chile,Presencial,Full time,Otros,No especificado,False,False,153
práctica profesional – administración de empresas mención logística,práctica profesional – administración de empresas mención logística,Presencial,Full time,Otros,No especificado,False,False,140
práctica profesional – auditoría interna,hdi seguros,Híbrido,Full time,Otros,Junior,False,False,195
práctica profesional – gestión de cuentas eléctricas | clickie,clickie,Híbrido,Full time,Otros,No especificado,False,False,196
práctica profesional – retail 🛒📊 | kitchen center,kitchen center,Híbrido,Full time,Otros,No especificado,False,False,199
práctica profesional – área administración,c&c consultores,Presencial,Full time,Otros,No especificado,False,False,131
práctica profesional – área comercial 🛒📊 | kitchen center,kitchen center,Híbrido,Full time,Ventas / Comercial,No especificado,False,False,199
práctica profesional- administración y/o recursos humanos,sonda,Presencial,Otro,Recursos Humanos,No especificado,False,False,148
práctica profesional,práctica profesional,Remoto,Full time,Otros,No especificado,False,True,133
práctica psicología organizacional,empresa destacada,Presencial,Full time,Otros,No especificado,False,False,33
práctica rh | remuneraciones y administración (presencial),grupo maclean servicios integrales,Presencial,Full time,Otros,No especificado,False,False,153
práctica redactor creativo - influencer marketing,adinfluence,Híbrido,Full time,Otros,No especificado,True,False,194
práctica revenue management y layout de tiendas,esmax,Presencial,Full time,TI General,No especificado,False,False,197
práctica simulación y control,schneider electric chile,Presencial,Full time,Otros,No especificado,False,False,198
práctica soporte técnico ti,práctica soporte técnico ti,Presencial,Full time,TI General,No especificado,True,False,84
práctica supply chain wild foods - producción,wild foods,Híbrido,Full time,Otros,No especificado,False,False,196
práctica supply chain – proyectos reales y operación – nestlé,nestlé,Presencial,Full time,Otros,No especificado,False,False,201
práctica tesorería,rad creative venture studio,Presencial,Full time,Otros,No especificado,False,False,201
práctica transformación digital y automatización rrhh,ccu,Presencial,Full time,Recursos Humanos,No especificado,True,False,196
práctica técnico en administración o rr.hh,wall partners,Presencial,Full time,Otros,No especificado,False,False,123
práctica técnico en informática en estación central,práctica técnico en informática en estación central,Presencial,Full time,Otros,No especificado,True,False,153
práctica técnico en rrhh - las condes,manpower,Presencial,Otro,Recursos Humanos,No especificado,False,False,144
práctica técnico o ingeniero en administración de empresas - melipilla,empresas ariztía,Presencial,Full time,Otros,No especificado,False,False,153
práctica técnico/ingeniero en logística - santiago,skc s.a.,Presencial,Otro,Otros,No especificado,False,False,148
práctica técnico/ingeniería en administración de empresas - truckstar santiago norte,grupo kaufmann mercedes-benz,Presencial,Full time,Otros,No especificado,False,False,153
práctica universitaria rrhh,alsea colombia,Híbrido,Full time,Data / BI,No especificado,False,False,24
práctica universitaria de administración de empresas,alsea colombia,Híbrido,Full time,Data / BI,No especificado,False,False,197
práctica universitario de finanzas,alsea colombia,Presencial,Full time,Otros,No especificado,False,False,199
práctica universitario para e-commerce,alsea colombia,Presencial,Full time,Otros,No especificado,False,False,203
práctica compras operacionales - programa de prácticas “impulsa tu talento” 🌟,aramark,Presencial,Full time,Recursos Humanos,No especificado,True,False,201
práctica de administración de empresas (la cruz),maestranza ramos,Presencial,Full time,Otros,No especificado,False,False,148
práctica de administración de empresas o (valparaíso),grupo ultramar,Presencial,Full time,Otros,No especificado,False,False,153
práctica de compras corporativas 📈✨,arcoprime,Híbrido,Full time,Otros,No especificado,False,False,200
práctica de desarrollador de marketing,ccu,Presencial,Full time,Otros,No especificado,True,False,200
práctica de diseño kidzania,kidzania,Presencial,Otro,Otros,No especificado,False,False,126
práctica de ejecutivo de ventas,carvuk,Híbrido,Full time,Ventas / Comercial,No especificado,False,False,198
práctica de industrial automation,schneider electric chile,Presencial,Full time,Otros,No especificado,False,False,198
"práctica de ingeniero comerical, contador auditor, adm de empresas - huechuraba",pf alimentos,Presencial,Otro,Otros,No especificado,False,False,188
"práctica de ingeniería comercial, control de gestión o afín - equipo people business partner - gerencia de personas",walmart,Híbrido,Full time,Data / BI,No especificado,False,False,201
"práctica de ingeniería informática: ia y looker, santiago",v/n global bpo,Presencial,Full time,Data / BI,No especificado,True,False,153
práctica de marketing y eventos - las condes,ccu,Presencial,Full time,Otros,No especificado,False,False,193
práctica de rr.hh.: apoyo integral en reclutamiento y administración,corporación municipal de peñalolén,Presencial,Full time,Recursos Humanos,No especificado,False,False,153
práctica de relaciones comunitarias,pacasmayo,Presencial,Full time,Otros,No especificado,False,False,24
práctica en administración (placilla),ama time,Presencial,Full time,Otros,No especificado,False,False,114
práctica en administración hotelera internacional,newrest,Presencial,Full time,Otros,Junior,False,False,133
práctica en administración softys talagante,práctica en administración softys talagante,Presencial,Full time,Otros,No especificado,True,False,85
práctica en administración softys talagante,softys,Presencial,Full time,Otros,No especificado,True,False,124
práctica en administración con enfoque analítico,addiuva enterprises,Presencial,Full time,Otros,No especificado,False,False,151
práctica en administración de contratos (santiago),grupo falabella,Presencial,Full time,Otros,No especificado,False,False,147
práctica en administración de contratos: aprendizaje y auditoría,ucv,Presencial,Full time,Otros,No especificado,False,False,153
práctica en administración de contratos,grupo falabella,Presencial,Full time,Otros,No especificado,False,False,125
práctica en administración de empresas remunerada | gestión de datos,arrimaq,Presencial,Full time,Otros,No especificado,True,False,153
práctica en administración de empresas o recursos humanos,arrimaq,Presencial,Full time,Recursos Humanos,No especificado,False,False,153
práctica en administración de empresas – horario flexible,fid seguros,Presencial,Full time,Otros,No especificado,False,False,153
práctica en administración de empresas – multinacional,grupo kaufmann mercedes-benz,Presencial,Full time,Otros,No especificado,False,False,153
práctica en administración de empresas: control de terceros,empresas ariztía,Presencial,Full time,Otros,No especificado,False,False,153
práctica en administración de empresas: producción y datos,empresas ariztía,Presencial,Full time,Otros,No especificado,True,False,153
práctica en administración de empresas,empresas ariztía,Presencial,Full time,Otros,No especificado,False,False,124
práctica en administración de procesos - talagante,ariztía,Presencial,Full time,Otros,No especificado,False,False,139
práctica en administración de proyectos (presencial),b. bosch,Presencial,Full time,Otros,No especificado,False,False,144
práctica en administración y análisis en multinacional,addiuva chile,Presencial,Full time,Otros,No especificado,False,False,153
práctica en administración y contabilidad,applicant-ai,Presencial,Full time,Otros,No especificado,False,False,126
"práctica en administración y finanzas – presencial, santiago",viggo chile,Presencial,Full time,Otros,No especificado,False,False,153
práctica en administración y gestión — impacto social,oficinas regionales,Presencial,Full time,Otros,No especificado,False,False,153
práctica en administración y operaciones comerciales,maihue,Presencial,Full time,Ventas / Comercial,No especificado,False,False,144
práctica en administración y operaciones: logística y compras,sandvik group,Presencial,Full time,Otros,No especificado,False,False,153
práctica en administración y rr.hh – logística dinámica,wall partners,Presencial,Full time,Otros,No especificado,False,False,153
práctica en administración | proyectos públicos (híbrido),ucv,Híbrido,Full time,Otros,No especificado,False,True,149
práctica en administración – área comercial y propuestas,fid seguros,Presencial,Full time,Ventas / Comercial,No especificado,False,False,153
práctica en administración: compras y proveedores,laser imaging chile,Presencial,Full time,Otros,No especificado,False,False,144
práctica en administración: crece con mentoría y beneficios,softys,Presencial,Full time,Otros,No especificado,False,False,153
práctica en administración: gestión y cobranza,ariztia,Presencial,Full time,Otros,No especificado,False,False,132
práctica en administración: inicio en finanzas,ama time,Presencial,Full time,Otros,No especificado,False,False,133
práctica en administración: soporte y gestión,lureye administracion y gestion,Presencial,Full time,Otros,No especificado,True,False,148
práctica en administración,ariztia,Presencial,Full time,Otros,No especificado,False,False,91
práctica en area administración,empresa de capacitación,Presencial,Full time,Otros,No especificado,False,False,113
práctica en banca comercial: atención al cliente,banco de chile,Presencial,Full time,Ventas / Comercial,No especificado,False,False,153
práctica en calidad y laboratorio - soprole,soprole,Presencial,Full time,QA / Testing,No especificado,False,False,201
práctica en compensaciones – gran empresa de retail,cencosud,Presencial,Full time,Otros,No especificado,False,False,203
práctica en control de calidad lubricantes,esmax,Presencial,Full time,QA / Testing,No especificado,False,False,186
práctica en datos e inteligencia artificial,soprole,Remoto,Full time,Data / BI,No especificado,True,True,195
"práctica en datos, informática y redes | aprendizaje práctico",ucv,Presencial,Full time,Otros,No especificado,True,False,153
práctica en desarrollo e infraestructura,arcoprime,Presencial,Full time,DevOps / Cloud,No especificado,True,False,24
práctica en gestión de personas - administración (híbrida),kpmg chile,Presencial,Full time,Otros,No especificado,False,False,153
práctica en informática biomédica: gestión de datos hospitalarios,interclínica,Presencial,Full time,Otros,No especificado,True,False,153
práctica en informática: automatización y gestión de vacantes,salfa rent,Presencial,Full time,Otros,No especificado,True,False,153
práctica en informática: soporte técnico presencial,universidad san sebastián,Presencial,Full time,Otros,No especificado,True,False,153
práctica en ingeniería comercial - gerencia de autoservicio,empresa destacada,Remoto,Full time,Data / BI,No especificado,False,True,33
práctica en ingeniería comercial: aprendizaje y equipo,n&s clinicas,Presencial,Full time,Ventas / Comercial,No especificado,False,False,153
práctica en ingeniería informática - automatización de riesgos,fid seguros,Presencial,Full time,Otros,No especificado,True,False,153
práctica en ingeniería informática o analista programador,práctica en ingeniería informática o analista programador,Presencial,Full time,Desarrollo / Dev,No especificado,True,False,119
práctica en ingeniería informática o civil industrial rondizzoni,salinas-y-fabres-s.a,Presencial,Full time,Ingenieria Civil,No especificado,True,False,153
"práctica en ingeniería informática: ia, data y cloud",fid seguros,Presencial,Full time,Data / BI,No especificado,True,False,151
práctica en ingeniería informática: powerapps y low-code,ariztia,Presencial,Full time,Otros,No especificado,True,False,153
práctica en ingeniería química - quilicura,empresa destacada,Remoto,Full time,Otros,No especificado,False,True,33
práctica en ingeniería de alimentos,empresa destacada,Remoto,Full time,Otros,No especificado,False,True,33
práctica en inteligencia operacional: análisis y automatización,afp cuprum,Presencial,Full time,Data / BI,No especificado,False,False,153
práctica en marketing de influencers,adinfluence,Híbrido,Full time,Otros,No especificado,False,False,24
práctica en rr.hh. y administración de comunidad,tu colaborador,Presencial,Full time,Otros,No especificado,False,False,153
"práctica en remuneraciones | valparaíso, horario flexible",mutualdeseguros,Presencial,Full time,Otros,No especificado,False,False,153
práctica en seguridad alimentaria,empresa destacada,Remoto,Full time,Otros,No especificado,True,True,32
práctica en telecomunicaciones - huawei (ip engineer),huawei,Presencial,Full time,Otros,No especificado,False,False,198
práctica en telecomunicaciones - huawei (rf engineer),huawei,Presencial,Full time,Otros,No especificado,False,False,203
práctica en telecomunicaciones - huawei (smartcare),huawei,Presencial,Full time,Otros,No especificado,False,False,24
práctica en área de marketing - programa de prácticas “impulsa tu talento” 🌟,aramark,Presencial,Full time,Recursos Humanos,No especificado,True,False,198
práctica en área de marketing diseñador - programa de prácticas “impulsa tu talento” 🌟,aramark,Presencial,Full time,Recursos Humanos,No especificado,True,False,198
práctica en área en compras - gerencia de finanzas,empresa destacada,Remoto,Full time,Data / BI,No especificado,False,True,31
práctica influencer maketing operaciones,adinfluence,Híbrido,Full time,Otros,No especificado,False,False,201
"práctica media o técnica finanzas, administración, contabilidad (liceo/colegio técnico, ip, cft)","práctica media o técnica finanzas, administración, contabilidad (liceo/colegio técnico, ip, cft)",Presencial,Full time,Data / BI,No especificado,False,False,153
práctica para prevención de riesgos (san bernardo),polpaico soluciones,Presencial,Full time,Otros,No especificado,False,False,203
práctica para recursos humanos (san bernardo),polpaico soluciones,Presencial,Full time,Recursos Humanos,No especificado,False,False,201
práctica para administración (recursos humanos),holding wiki,Presencial,Full time,Recursos Humanos,No especificado,False,False,138
práctica profesional - administración de empresas/ ing. comercial o afines,tanner,Híbrido,Full time,Ventas / Comercial,No especificado,False,False,203
práctica profesional - división mujer,ripley chile,Presencial,Full time,Otros,No especificado,False,False,203
"práctica profesional - ingeniería comercial, administración, marketing digital o afines.",empresas ariztía,Presencial,Full time,Ventas / Comercial,No especificado,True,False,153
práctica profesional - marketing ecommerce seo,ripley chile,Presencial,Full time,Otros,No especificado,False,False,203
práctica profesional / administración y/o rr. hh/pudahuel,grupo maclean servicios integrales,Presencial,Full time,Otros,No especificado,False,False,153
práctica profesional / administración y/o rr. hh/pudahuel,práctica profesional / administración y/o rr. hh/pudahuel,Presencial,Full time,Otros,No especificado,False,False,153
práctica profesional administracion hotelera,newrest,Presencial,Full time,Otros,No especificado,False,False,123
práctica profesional administracion hotelera,práctica profesional administracion hotelera,Presencial,Full time,Otros,No especificado,False,False,129
práctica profesional gerencia de riesgo,afp modelo,Presencial,Full time,Data / BI,No especificado,False,False,203
práctica profesional ingeniería civil industrial,práctica profesional ingeniería civil industrial,Remoto,Full time,Ingenieria Civil,No especificado,False,True,129
práctica profesional ingeniería,práctica profesional ingeniería,Presencial,Full time,Otros,No especificado,False,False,94
práctica profesional psicología 2026,empresa destacada,Remoto,Full time,Otros,No especificado,False,True,33
práctica profesional rrhh,práctica profesional rrhh,Presencial,Full time,Recursos Humanos,No especificado,False,False,135
práctica profesional diseño gráfico,empresa destacada,Presencial,Full time,Otros,No especificado,False,False,29
práctica profesional para marketing,postedin,Remoto,Full time,Otros,No especificado,False,True,199
práctica profesional área informática qa,práctica profesional área informática qa,Presencial,Full time,QA / Testing,No especificado,True,False,105
práctica profesional área informática,práctica profesional área informática,Presencial,Full time,Otros,No especificado,True,False,102
"práctica profesional, gerencia de innovación",enaex,Híbrido,Full time,Data / BI,No especificado,False,False,201
práctica ¨profesional - datos maestros,megacentro,Presencial,Full time,Otros,No especificado,True,False,201
práctica área comercial - canal tradicional en casa nativa,casa nativa,Híbrido,Full time,Ventas / Comercial,No especificado,False,False,203
práctica área planificación y gestión comercial (análisis y reportes),afp capital,Híbrido,Full time,Ventas / Comercial,No especificado,False,False,200
práctica área planificación y gestión comercial (análisis y reportes),afp capital,No especificada,Full time,Ventas / Comercial,No especificado,False,False,200
práctica área servicios de marketing,coca-cola andina,Presencial,Full time,Otros,No especificado,False,False,198
práctica área ventas - renca,ccu,Presencial,Full time,Ventas / Comercial,No especificado,False,False,194
práctica área de remuneraciones - valparaíso,mutualdeseguros,Presencial,Full time,Otros,No especificado,False,False,153
práctica área de terceros y procesos ptp,coca-cola andina,Híbrido,Full time,Otros,No especificado,False,False,24
práctica área legal & control interno,midea carrier,Presencial,Full time,Otros,Junior,False,False,190
práctica área informatica,práctica área informatica,Presencial,Full time,TI General,No especificado,True,False,106
práctica- diseño gráfico o diseño industrial,carozzi,Híbrido,Full time,Otros,No especificado,False,False,200
práctica: ingeniería comercial/administración – contratos,v/n global bpo,Presencial,Full time,Ventas / Comercial,No especificado,False,False,153
práctica: técnico en administración y logística,wall partners,Presencial,Full time,Otros,No especificado,False,False,139
prácticas profesionales en recursos humanos,empresa destacada,Presencial,Full time,Recursos Humanos,No especificado,False,False,39
prácticas supply chain (julio 2026) - programa de prácticas unilever 💙,unilever,Presencial,Full time,Otros,No especificado,True,False,203
prácticas unilever bogotá: finanzas 2026-2 💙,unilever colombia,Híbrido,Full time,Otros,No especificado,False,False,196
prácticas unilever bogotá: recursos humanos 2026-2 💙,unilever colombia,Híbrido,Full time,Recursos Humanos,No especificado,False,False,196
prácticas unilever valle de cauca: finanzas 2026-2 💙,unilever colombia,Presencial,Full time,Otros,No especificado,False,False,196
prácticas unilever valle de cauca: recursos humanos 2026-2 💙,unilever colombia,Presencial,Full time,Recursos Humanos,No especificado,False,False,196
psicologo - ip irc coquimbo - prs n° 27 (la serena),corfo,Presencial,Full time,Otros,No especificado,False,False,153
psicólogo reclutador mineria - vallenar,empresa confidencial,Presencial,Otro,Data / BI,No especificado,False,False,137
psicólogo/a protocolo ceal (asesor empresa) - concepción,mutual de seguridad c.ch.c.,Presencial,Otro,Otros,No especificado,False,False,156
puerto varas encargado sistemas informáticos y,applus en chile,Presencial,Full time,TI General,No especificado,True,False,149
qa analista funcional republica dominicana,no especificada,Remoto,Full time,QA / Testing,No especificado,True,True,24
qa automation engineer (gda),no especificada,Remoto,Full time,QA / Testing,No especificado,True,True,24
qa automation engineer - providencia,talentsync,Presencial,Otro,QA / Testing,No especificado,True,False,142
qa automation sdet lead,no especificada,Remoto,Full time,QA / Testing,Senior,True,True,24
qa automation semi senior/senior,no especificada,Remoto,Full time,QA / Testing,Senior,True,True,24
qa automation,no especificada,Híbrido,Full time,QA / Testing,No especificado,True,False,24
qa automatizador senior (selenium/bdd),no especificada,Híbrido,Full time,QA / Testing,Senior,True,False,24
qa automatizador web,no especificada,Híbrido,Full time,QA / Testing,No especificado,True,False,24
qa automatizador/a (latam),no especificada,Remoto,Full time,QA / Testing,No especificado,True,True,24
qa automatizador,no especificada,Híbrido,Full time,QA / Testing,No especificado,True,False,24
qa automatizador,qa automatizador,Remoto,Full time,QA / Testing,No especificado,True,True,153
qa engineer ( sdet playwright / azure),no especificada,Remoto,Full time,QA / Testing,No especificado,True,True,24
qa engineer / qa analyst (latam),no especificada,Remoto,Freelance,QA / Testing,No especificado,True,True,24
qa engineer,no especificada,Remoto,Full time,QA / Testing,No especificado,True,True,24
qa funcional (crm),no especificada,Híbrido,Full time,QA / Testing,No especificado,True,False,24
qa funcional / automatizador,qa funcional / automatizador,Remoto,Full time,QA / Testing,No especificado,True,True,138
"qa funcional ssr (selenium, cucumber, jenkins)",no especificada,Híbrido,Full time,QA / Testing,No especificado,True,False,24
qa funcional,no especificada,Híbrido,Full time,QA / Testing,No especificado,True,False,24
qa manual senior,no especificada,Híbrido,Full time,QA / Testing,Senior,True,False,24
qa manual – sector bancario,no especificada,Híbrido,Full time,QA / Testing,No especificado,True,False,24
qa tech lead – crm customer service,no especificada,Híbrido,Full time,QA / Testing,Senior,True,False,24
qa técnico (proyecto 1 mes),no especificada,Híbrido,Full time,QA / Testing,No especificado,True,False,24
quimico/a farmaceutico/a - copiapó,salcobrand,Presencial,Full time,Salud,No especificado,False,False,195
químico farmacéutico coquimbo,farmacias ahumada s.a.,Presencial,Otro,Salud,No especificado,False,False,129
químico para ventas técnicas iv región-reemplazo (la serena),amelco,Presencial,Full time,Ventas / Comercial,No especificado,False,False,153
repartidores /as de paquetería estación central…,"alas, santiago",Presencial,Full time,Otros,No especificado,False,False,99
repartidores /as de paquetería la pintana…,"alas, santiago",Presencial,Full time,Otros,No especificado,False,False,99
repartidores /as de paquetería macul y…,"alas, santiago",Presencial,Full time,Otros,No especificado,False,False,99
reprrepresentante de ventas (la serena),nipro,Presencial,Full time,Ventas / Comercial,No especificado,False,False,125
req8404 - ejecutivo comercial,salfa rent,Presencial,Full time,Ventas / Comercial,No especificado,False,False,117
req8476 - operador logistico,salinas y fabres s.a.,Presencial,Otro,Otros,No especificado,False,False,125
req8477- operador logistico,salinas y fabres s.a.,Presencial,Otro,Otros,No especificado,False,False,127
"ranking de reemplazo: auxiliar de servicios menores, varias comunas, región de coquimbo (la serena)",junta nacional de jardines infantiles,Presencial,Full time,Otros,No especificado,False,False,153
"recepcionista administrativa $700.000 líquidos, las condes","recepcionista administrativa $700.000 líquidos, las condes",Presencial,Full time,Otros,No especificado,False,False,153
recepcionista administrativo (la serena),tuv rheinland chile s a,Presencial,Full time,Otros,No especificado,False,False,152
recepcionista administrativo proactivo | soporte de oficina,tuv rheinland chile s a,Presencial,Full time,Otros,No especificado,True,False,153
recepcionista asistente administrativo y caja,spatitas,Presencial,Full time,Otros,No especificado,False,False,141
recepcionista de clínica veterinaria,empresa destacada,Presencial,Full time,Otros,No especificado,False,False,34
recepcionista para clínica dental,"grupo esbra spa, santiago",Presencial,Full time,Otros,No especificado,False,False,101
recepcionista y limpieza 15 horas,"outsoursing hippus, rancagua",Presencial,Full time,Otros,No especificado,False,False,98
recepcionista y encragdado de sede,relevé fit chile,Presencial,Full time,Otros,No especificado,False,False,131
recepcionista,"clínica, santiago",Presencial,Full time,Otros,No especificado,False,False,101
recepción y administración – proyecto presencial,alternattiva,Presencial,Full time,Otros,No especificado,False,False,144
reclutador ti,no especificada,Remoto,Full time,TI General,No especificado,False,True,24
redactor(a) creativo(a),no especificada,Híbrido,Full time,Otros,No especificado,True,False,24
reemplazo - floating teacher (profesor básica),colegio inglés de talca,Presencial,Otro,Educacion,No especificado,False,False,141
"reemplazo auxiliar de servicios, ji flor del desierto, comuna sierra gorda, dirección regional antof",fundación integra,Presencial,Otro,Otros,No especificado,False,False,199
"reemplazo educador/a de párvulos, ji rayitos del mirador, illapel iv región","fundación integra, región coquimbo",Presencial,Otro,Otros,No especificado,False,False,189
"reemplazo educadora/or de párvulos, jardines infantiles de la comuna de las condes, rmso.",fundación integra,Presencial,Otro,Otros,No especificado,False,False,197
"reemplazo especialista ics planta (ing. electricidad, civil eléctrico) , la negra",team work recursos humanos ltda.,Presencial,Otro,Ingenieria Civil,No especificado,False,False,194
"reemplazo especialista ics planta (sistemas control industrial) , la negra",team work recursos humanos ltda.,Presencial,Otro,TI General,No especificado,True,False,187
reemplazo profesional administración de empresas,reemplazo profesional administración de empresas,Presencial,Full time,Otros,No especificado,False,False,148
referente de enlace de procesos clínico informáticos,energia,Presencial,Full time,Otros,No especificado,True,False,145
relator abogado aysén,mutual de seguridad capacitación s.a.,Presencial,Otro,Otros,No especificado,False,False,122
relator fonoaudiólogo la serena,mutual de seguridad capacitación s.a.,Presencial,Otro,Otros,No especificado,False,False,139
relator/a educación financiera,empresa destacada,Presencial,Full time,Otros,No especificado,False,False,32
relator/a experto/a coach – antofagasta,"otec pausa ltda, antofagasta",Presencial,Full time,Otros,No especificado,False,False,92
remplazo soporte informático colegio arturo prat (rancagua),corporación educacional arturo prat,Presencial,Full time,Otros,No especificado,True,False,153
reponedor de farmacia - parral,empresa destacada,Presencial,Full time,Data / BI,No especificado,False,False,31
representante comercial — ventas presencial pagos…,"avante group spa, santiago",Presencial,Full time,Ventas / Comercial,No especificado,False,False,82
representante de ventas ancud,"artemisa direct, castro",Presencial,Full time,Ventas / Comercial,No especificado,False,False,90
representante de ventas chillán,"artemisa direct, chillán",Presencial,Full time,Ventas / Comercial,No especificado,False,False,92
representante de ventas concepción,"artemisa direct, concepción",Presencial,Full time,Ventas / Comercial,No especificado,False,False,95
representante de ventas los ángeles,"artemisa direct, los ángeles",Presencial,Full time,Ventas / Comercial,No especificado,False,False,92
representante de ventas puerto montt,"artemisa direct, puerto montt",Presencial,Full time,Ventas / Comercial,No especificado,False,False,91
representante de ventas santiago,"artemisa direct, santiago",Presencial,Full time,Ventas / Comercial,No especificado,False,False,112
representante de ventas de viajes,next stops travel,Presencial,Full time,Ventas / Comercial,No especificado,False,False,125
representante de ventas en terreno / rubro construcción,empresa destacada,Presencial,Full time,Ventas / Comercial,No especificado,False,False,35
representante de ventas en terreno / rubro construcción,peoplego,Presencial,Otro,Ventas / Comercial,No especificado,False,False,201
representante de ventas en terreno valdivia,"artemisa direct, valdivia",Presencial,Full time,Ventas / Comercial,No especificado,False,False,96
representante de ventas santiago,empresa destacada,Presencial,Full time,Ventas / Comercial,No especificado,False,False,29
representante de ventas en terreno santiago,"asimetra asesorias, santiago",Presencial,Full time,Ventas / Comercial,No especificado,False,False,94
representante de ventas para clínica ubicada…,"artemisa direct, calama",Presencial,Full time,Ventas / Comercial,No especificado,False,False,97
representante de ventas para clínica ubicada…,"artemisa direct, valparaíso",Presencial,Full time,Ventas / Comercial,No especificado,False,False,97
req8377 - asesor comercial,salfa rent,Presencial,Full time,Ventas / Comercial,No especificado,False,False,111
responsable de logística y operaciones e-commerce,empresa destacada,Presencial,Full time,Otros,No especificado,False,False,32
responsable de logística y operaciones,empresa destacada,Presencial,Full time,Otros,No especificado,False,False,32
responsable de mantenimiento,empresa destacada,Presencial,Full time,Otros,No especificado,False,False,36
responsable del trabajador (experiencia en servicios transitorios/outsourcing),responsable del trabajador (experiencia en servicios transitorios/outsourcing),Presencial,Full time,Data / BI,No especificado,False,False,153
restaurant operation manager - kansas ee.uu. (visa h1-b1),people services connection,Presencial,Full time,Otros,No especificado,False,False,153
santiago / ingeniero mantencion de red,"icetel, santiago",Presencial,Full time,Otros,No especificado,True,False,94
sdet / automatización de pruebas,no especificada,Híbrido,Full time,Otros,No especificado,False,False,24
se busca tecnico en informatica - osorno,acepia system,Presencial,Full time,TI General,No especificado,True,False,124
secretaria contable,"portfolio collections s.a, santiago",Presencial,Full time,Data / BI,No especificado,False,False,84
secretaria recepcionista (honorarios) - arica,"imared arica, arica",Presencial,Full time,Data / BI,No especificado,False,False,92
secretaria recepcionista para estudio jurídico,"plabogados, santiago",Presencial,Full time,Data / BI,No especificado,False,False,109
secretaria,"confidencial, la serena",Presencial,Full time,Otros,No especificado,False,False,102
"secretario(a) académico(a) con grado de magíster, facultad cs. juridicas, sociales y educación",universidad de viña del mar,Presencial,Otro,Otros,No especificado,False,False,203
seo specialist / seo funcional senior,no especificada,Híbrido,Full time,Otros,Senior,False,False,24
servicio de apoyo logistico-buin,empresa destacada,Presencial,Full time,Otros,No especificado,False,False,32
servicio de apoyo logistico,empresa destacada,Presencial,Full time,Otros,No especificado,False,False,32
socia contadora,"ia dragon holding, iquique",Presencial,Full time,Data / BI,No especificado,False,False,85
soldadores equipos mina,"millao bernal compañia limitada, antofagasta",Presencial,Full time,Otros,No especificado,False,False,102
sous chef operativo,empresa destacada,Presencial,Full time,Otros,No especificado,False,False,30
ssr business developer,no especificada,Remoto,Full time,Desarrollo / Dev,No especificado,True,True,24
subdirector/a de recursos financieros – región de antofagasta published 1 day.,junji,Presencial,Full time,Otros,No especificado,True,False,153
supervisor de comercio exterior,empresa destacada,Híbrido,Full time,Otros,No especificado,False,False,40
supervisor de ventas,empresa destacada,Presencial,Full time,Ventas / Comercial,No especificado,False,False,29
supervisor electrico,"ingenieria y construccion cr.., concepción",Presencial,Full time,Otros,No especificado,False,False,85
sales development representative (sdr),no especificada,Remoto,Full time,Desarrollo / Dev,No especificado,True,True,24
sales development representative (sdr)”,no especificada,Remoto,Full time,Desarrollo / Dev,No especificado,True,True,24
sales development representative outbound,no especificada,Híbrido,Full time,Desarrollo / Dev,No especificado,True,False,24
sales development representative sdr (area comercial),happyhost,Híbrido,Full time,Desarrollo / Dev,No especificado,True,False,195
sales development representative,no especificada,Híbrido,Full time,Desarrollo / Dev,No especificado,True,False,24
sales executive (b2b),no especificada,Remoto,Full time,Otros,No especificado,False,True,24
sales executive jr,no especificada,Híbrido,Full time,Otros,No especificado,False,False,24
sales internship - julio 2026,p&g perú,Presencial,Full time,Otros,Junior,False,False,24
sales ops latam,no especificada,Presencial,Full time,Otros,No especificado,False,False,24
se busca community manager con experiencia…,"global terrenos, santiago",Presencial,Full time,Otros,No especificado,False,False,100
se busca programador para marketing digital,"el avellano, santiago",Presencial,Full time,Desarrollo / Dev,No especificado,True,False,112
"se busca administrador de empresa, mención…","mi lente spa, santiago",Presencial,Full time,Otros,No especificado,False,False,105
se busca chofer profesional a4 –…,"ferreteria oviedo s.a, santiago",Presencial,Full time,Otros,No especificado,False,False,96
se busca diseñador gráfico para inmobiliaria,"el avellano, santiago",Presencial,Full time,Otros,No especificado,False,False,88
se busca secretaria,"reparación y mantención de.., santiago",Presencial,Full time,Otros,No especificado,False,False,102
se necesita secretaria administrativa,"transporte steven, santiago",Presencial,Full time,Data / BI,No especificado,False,False,109
se parte de banco estado - ejecutivos de venta de seguros,empresa destacada,Presencial,Full time,Ventas / Comercial,No especificado,True,False,30
se requiere ayudante de pasteleria -…,"fudge company s.a., santiago",Presencial,Full time,Data / BI,No especificado,False,False,76
se requiere de ejecutivo/a administración de personas con experiencia en rrhh,se requiere de ejecutivo/a administración de personas con experiencia en rrhh,Presencial,Full time,Data / BI,No especificado,False,False,153
secretari@ tecnico,"empresas huerta, la serena",Presencial,Full time,Otros,No especificado,True,False,82
secretaria (caleta urco - tocopilla),"cyd ingenieria, tocopilla",Presencial,Full time,Data / BI,No especificado,False,False,100
secretaria administrativa - sector construcción,empresa destacada,Presencial,Full time,Data / BI,No especificado,False,False,35
secretaria administrativa bilingue,secretaria administrativa bilingue,Presencial,Full time,Data / BI,No especificado,False,False,103
secretaria administrativa contable,"holding familiar, santiago",Presencial,Full time,Data / BI,No especificado,False,False,98
secretaria administrativa con enfoque en ventas…,"estudio juridico en santiago, santiago",Presencial,Full time,Data / BI,No especificado,False,False,108
"secretaria administrativa, huechuraba","establecimiento educativo, santiago",Presencial,Full time,Data / BI,No especificado,False,False,107
secretaria administrativa,empresa destacada,Presencial,Full time,Data / BI,No especificado,False,False,37
secretaria administrativa,"empresa del rubro de.., puerto montt",Presencial,Full time,Data / BI,No especificado,False,False,88
secretaria administrativa,"propiedades palacio riesco s.a., santiago",Presencial,Full time,Data / BI,No especificado,False,False,102
secretaria consulta medica en sucursal chillan,"m&amp;g expert, chillán",Presencial,Full time,Data / BI,No especificado,False,False,109
secretaria gerencial,"gestión horizonte, santiago",Presencial,Full time,Data / BI,No especificado,False,False,108
secretaria imagenología,"clínica de salud privada, santiago",Presencial,Full time,Data / BI,No especificado,False,False,81
secretaria recepcionista - las condes (construcción).,empresa destacada,Presencial,Full time,Data / BI,No especificado,False,False,35
secretaria recepcionista – reemplazo 1 mes…,"clinica odonto art, valparaíso",Presencial,Full time,Data / BI,No especificado,False,False,81
secretaria recepcionista,anonimo,Presencial,Full time,Data / BI,No especificado,False,False,108
secretaria administrativa de rrhh,ingetech s.a,Presencial,Full time,Data / BI,No especificado,False,False,127
secretaria administrativa,"automática y regulación s.a., valparaíso",Presencial,Full time,Data / BI,No especificado,False,False,100
secretaria de gerencia regional (la serena),coopeuch,Presencial,Full time,Data / BI,No especificado,False,False,143
secretaria de recursos humanos (reemplazo pre…,"rotter &amp; krauss, santiago",Presencial,Full time,Data / BI,No especificado,False,False,83
secretaria de ventas administrativa,"trongemen spa, santiago",Presencial,Full time,Data / BI,No especificado,False,False,97
secretaria operadora telefonica,"intersalud, santiago",Presencial,Full time,Data / BI,No especificado,False,False,94
secretaria para estudio jurídico,"absolution, santiago",Presencial,Full time,Data / BI,No especificado,False,False,116
secretaria peluquería canina,"wivet spa, santiago",Presencial,Full time,Data / BI,No especificado,False,False,127
secretaria y coordinadora de pacientes (clínica…,"clínica nd, santiago",Presencial,Full time,Data / BI,Senior,False,False,100
secretaria(o) administrativo depto. gabinete (la serena),corfo,Presencial,Full time,Otros,No especificado,False,False,153
secretaria/o administrativa/o en viña del mar,"ingenieria, valparaíso",Presencial,Full time,Otros,No especificado,False,False,89
secretaria/o administrativo - machalí (reemplazo),"grupo cetep, rancagua",Presencial,Full time,Otros,No especificado,False,False,88
secretariado de gerencia,"empresa líder en tecnología, santiago",Presencial,Full time,Otros,No especificado,False,False,84
secretaria,"creaxxion ingenieros consultores s.a., santiago",Presencial,Full time,Otros,No especificado,False,False,113
secretaria,"inmunomedica, temuco",Presencial,Full time,Otros,No especificado,False,False,120
secretaria,"mtm comunicaciones, santiago",Presencial,Full time,Otros,No especificado,False,False,104
secretario (a) de estudios - ingeniería en administración de empresas,empresa destacada,Presencial,Full time,Otros,No especificado,False,False,33
secretario/a administrativa contable,"ong maria acoge, valparaíso",Presencial,Full time,Otros,No especificado,False,False,110
"secretario/a técnico de obras, proyectos de energía rm","secretario/a técnico de obras, proyectos de energía rm",Remoto,Full time,Ingenieria Civil,No especificado,False,True,153
secretario/a de estudios (psicología) - magíster - universidad san sebastián,empresa destacada,Presencial,Full time,Otros,No especificado,False,False,33
secretario/a de gerencia,secretario/a de gerencia,Presencial,Full time,Otros,No especificado,False,False,100
secretaría / recepcionista de clínica privada,anatomysalud la serena,Presencial,Full time,Otros,No especificado,False,False,153
sei / promotor(a) - full-time (paris…,"sei - retail (carteras.., santiago",Presencial,Full time,Otros,No especificado,False,False,80
sei / promotor(a) - full-time (ripley…,"sei - retail (carteras.., punta arenas",Presencial,Full time,Otros,No especificado,False,False,80
semi sr data scientist,no especificada,Remoto,Full time,Data / BI,Semi-Senior,True,True,24
senior back-end & infrastructure engineer,no especificada,Remoto,Full time,Otros,Senior,False,True,24
senior business analyst,no especificada,Híbrido,Full time,Otros,Senior,False,False,24
senior business development associate,no especificada,Presencial,Full time,Desarrollo / Dev,Senior,True,False,24
senior financial analyst,no especificada,Presencial,Full time,Otros,Senior,False,False,24
senior manager auditoria ti (santiago),scotiabank,Presencial,Full time,Data / BI,Senior,True,False,133
senior manager auditoria ti,scotiabank,Presencial,Full time,Data / BI,Senior,False,False,111
senior product owner / sector bancario,no especificada,Presencial,Full time,Otros,Senior,False,False,24
senior qa engineer,no especificada,Remoto,Full time,QA / Testing,Senior,True,True,24
servicio it 24/7 (turnos),servicio it 24/7 (turnos),Presencial,Full time,Otros,No especificado,False,False,119
servicio a personas rrhh - alvi ovalle 30 hrs,alvi,Presencial,Otro,Recursos Humanos,No especificado,False,False,128
servicio informático a domicilio: pc no reconoce unidad m2 con windows instalado,cronoshare.cl,Presencial,Full time,Otros,No especificado,True,False,153
servicio informático a domicilio: programa de captura de datos,cronoshare.cl,Presencial,Full time,Otros,No especificado,True,False,153
social media manager / content lead,no especificada,Remoto,Full time,Data / BI,Senior,False,True,24
software architect,mallplaza,Presencial,Full time,Desarrollo / Dev,No especificado,True,False,92
software engineer iii(r),software engineer iii(r),Presencial,Full time,Desarrollo / Dev,No especificado,True,False,84
software engineer senior .net – modernización de legacy php,no especificada,Remoto,Full time,Desarrollo / Dev,Senior,True,True,24
soldador (la serena),importadora y comercializadora vargus limitada,Presencial,Full time,Otros,No especificado,False,False,135
soldador,"confidencial, puerto montt",Presencial,Full time,Otros,No especificado,False,False,118
solicito personal para seguridad o conserje,gss seguridad cl,Presencial,Full time,Otros,No especificado,True,False,151
solution delivery manager,no especificada,Híbrido,Full time,Otros,No especificado,False,False,24
somos una plataforma para emprendedores inmobiliarios,re/max exclusive,Presencial,Otro,Otros,No especificado,False,False,180
soporte it usuario terreno lunes a viernes,soporte it usuario terreno lunes a viernes,Presencial,Full time,Otros,No especificado,True,False,136
soporte informatico,soporte informatico,Presencial,Full time,TI General,No especificado,True,False,126
soporte informática la reina,anwo,Presencial,Otro,Otros,No especificado,True,False,128
soporte informática,anwo,Presencial,Otro,Otros,No especificado,True,False,118
soporte informático (antofagasta),bc tecnología,Presencial,Full time,Otros,No especificado,True,False,120
soporte informático (iquique),intsercom,Presencial,Full time,Otros,No especificado,True,False,100
soporte informático (part time) (iquique),comercial caceres,Presencial,Part time,TI General,No especificado,True,False,132
soporte informático - cerrillos (santiago),empresa quimica industrial,Presencial,Full time,Otros,No especificado,True,False,147
"soporte informático - planta de procesos, x región (los lagos)",salmonjobs,Presencial,Full time,Otros,No especificado,True,False,153
"soporte informático - planta de procesos, x región",salmonjobs,Presencial,Full time,Otros,No especificado,True,False,153
"soporte informático junior, modalidad en sitio",confidencial,Presencial,Full time,Otros,Junior,True,False,139
"soporte informático junior, modalidad en sitio","soporte informático junior, modalidad en sitio",Presencial,Full time,Otros,Junior,True,False,153
soporte informático junior: gestión de proyectos,loomis,Presencial,Full time,Otros,Junior,True,False,137
soporte informático junior: resolución onsite,enjoy,Presencial,Full time,Otros,Junior,True,False,136
soporte informático presencial con vehículo propio,stefanini latam,Presencial,Full time,Otros,No especificado,True,False,150
"soporte informático presencial – cerrillos, pcs e impresoras",empresa quimica industrial,Presencial,Full time,Otros,No especificado,True,False,153
soporte informático ti,soporte informático ti,Presencial,Full time,TI General,No especificado,True,False,150
"soporte informático tiempo parcial: hardware, redes y erp",comercial caceres,Presencial,Part time,TI General,No especificado,True,False,153
soporte informático a domicilio – windows 11,cronoshare.cl,Presencial,Full time,Otros,No especificado,True,False,140
soporte informático en terreno - junior,confidencial,Presencial,Full time,Otros,Junior,True,False,125
"soporte informático en terreno, experiencia en logística e inventario","soporte informático en terreno, experiencia en logística e inventario",Presencial,Full time,Data / BI,No especificado,True,False,149
soporte informático localidad san pedro de atacama,connect networks spa,Presencial,Full time,QA / Testing,No especificado,True,False,153
soporte informático y audio visual / lo barnechea,soporte informático y audio visual / lo barnechea,Presencial,Full time,Otros,No especificado,True,False,153
soporte informático y redes en hotel (presencial),hotel intercontinental,Presencial,Full time,Otros,No especificado,True,False,153
"soporte informático | infraestructura, redes y seguridad",salmonjobs,Presencial,Full time,DevOps / Cloud,No especificado,True,False,153
"soporte informático | proyectos y despliegues, calama",gst soluciones,Presencial,Full time,Otros,No especificado,True,False,151
soporte informático,avos tech | chile,Presencial,Full time,Otros,No especificado,True,False,90
soporte informático,empresa destacada,Presencial,Full time,Otros,No especificado,True,False,34
soporte informático,soporte informático,Presencial,Full time,Otros,No especificado,True,False,116
soporte informático,visa boards,Presencial,Full time,Otros,No especificado,True,False,78
soporte operativo junior,no especificada,Remoto,Full time,Otros,Junior,True,True,24
soporte sap,soporte sap,Presencial,Full time,Otros,No especificado,True,False,103
soporte ti / certificación itil 4,soporte ti / certificación itil 4,Remoto,Full time,TI General,No especificado,True,True,146
soporte ti / conocimientos redes / ingles intermedio,soporte ti / conocimientos redes / ingles intermedio,Presencial,Full time,TI General,No especificado,True,False,153
soporte ti en terreno – tarapacá,no especificada,Presencial,Full time,TI General,No especificado,True,False,24
soporte ti inglés intermedio,soporte ti inglés intermedio,Presencial,Full time,TI General,No especificado,True,False,151
soporte ti y desarrollo informático – presencial,confidencial,Presencial,Full time,TI General,No especificado,True,False,151
soporte ti – área informática,soporte ti – área informática,Presencial,Full time,TI General,No especificado,True,False,115
soporte ti,soporte ti,Presencial,Full time,TI General,No especificado,True,False,124
soporte tecnico informático,reliper s.a,Presencial,Full time,Otros,No especificado,True,False,106
soporte técnico informático ($580.000 líquidos + (santiago),vector servicios y asesorías,Presencial,Full time,Otros,No especificado,True,False,153
soporte técnico informático ($612.000 líquidos + beneficio de alimentación),soporte técnico informático ($612.000 líquidos + beneficio de alimentación),Presencial,Full time,Otros,No especificado,True,False,153
soporte técnico informático ($612.000 líquidos + beneficio de alimentación),vector servicios y asesorias spa,Presencial,Full time,Otros,No especificado,True,False,153
soporte técnico informático / antofagasta,soporte técnico informático / antofagasta,Presencial,Full time,Otros,No especificado,True,False,150
soporte técnico informático providencia,atcom,Presencial,Full time,Otros,No especificado,True,False,118
soporte técnico informático titulado,soporte técnico informático titulado,Presencial,Full time,TI General,No especificado,True,False,133
soporte técnico informático con licencia clase b ($710.000 líquido),soporte técnico informático con licencia clase b ($710.000 líquido),Presencial,Full time,Data / BI,No especificado,True,False,153
soporte técnico informático en terreno,soporte técnico informático en terreno,Presencial,Full time,Otros,No especificado,True,False,122
soporte técnico informático: crecimiento y capacitación,vector servicios y asesorías,Presencial,Full time,Otros,No especificado,True,False,153
"soporte técnico informático: diagnóstico, so y migración",vector servicios y asesorias spa,Presencial,Full time,Otros,No especificado,True,False,153
soporte técnico informático,soporte técnico informático,Presencial,Full time,Otros,No especificado,True,False,115
soporte técnico nivel 2 – e-commerce/marketplace,no especificada,Híbrido,Full time,Otros,No especificado,True,False,24
soporte técnico nivel 2,no especificada,Híbrido,Full time,Otros,No especificado,True,False,24
soporte técnico ti,"animall, santiago",Presencial,Full time,TI General,No especificado,True,False,87
soporte técnico terreno las condes,no especificada,Presencial,Full time,Otros,No especificado,True,False,24
soporte técnico terreno – presencial (las condes),soporte técnico terreno – presencial (las condes),Presencial,Full time,Otros,No especificado,True,False,145
soporte técnico terreno,no especificada,Presencial,Full time,Otros,No especificado,True,False,24
soporte técnico – informático,avos tech | chile,Presencial,Full time,Otros,No especificado,True,False,110
soporte técnico – informático,soporte técnico – informático,Presencial,Full time,Otros,No especificado,True,False,95
soporte de aplicaciones 24/7 turnos,soporte de aplicaciones 24/7 turnos,Presencial,Full time,Otros,No especificado,True,False,129
soporte de informática interna - windows y linux,sonda,Presencial,Full time,Otros,Junior,True,False,136
soporte de informática interna - windows y linux,sondarh consultoria,Presencial,Full time,Otros,Junior,True,False,150
soporte en campo - técnico informático,empresa destacada,Presencial,Full time,Otros,No especificado,True,False,34
soporte informático / supermercado puerto montt,empresa destacada,Presencial,Full time,Otros,No especificado,True,False,34
sr qa funcional – crm customer service,no especificada,Híbrido,Full time,QA / Testing,No especificado,True,False,24
staff auditoría,kpmg chile,Híbrido,Full time,Otros,No especificado,False,False,200
strategic account manager,no especificada,Híbrido,Full time,Otros,No especificado,False,False,24
student marketeer (la serena),red bull,Presencial,Full time,Otros,No especificado,False,False,115
student marketeer - uls (la serena),red bull,Presencial,Full time,Otros,No especificado,False,False,127
student marketeer - uls,red bull,Presencial,Full time,Otros,No especificado,False,False,103
sub gerente mantenimiento,anilinas h.t. s.a.,Presencial,Otro,Otros,No especificado,False,False,129
sub jefe/a de local,"black chicken, santiago",Presencial,Full time,Otros,Senior,False,False,102
"subdirector(a) de recursos financieros – región de o'higgins published 1 day, 23 hours.",junji,Presencial,Full time,Otros,No especificado,True,False,153
subdirector(a) de gestión y desarrollo de personas 5º (providencia),corfo,Presencial,Full time,Otros,No especificado,True,False,153
subdirector(a) de recursos financieros - región de coquimbo (la serena),junta nacional de jardines infantiles,Presencial,Full time,Otros,No especificado,True,False,153
subgerente trainee rincón jumbo - región metropolitana,jumbo,Presencial,Otro,Otros,Junior,False,False,148
subgerente de administración y finanzas (antofagasta),importante empresa importadora,Presencial,Full time,Otros,No especificado,False,False,153
subgerente de administración y finanzas (santiago),renee,Presencial,Full time,Otros,No especificado,False,False,137
subgerente de administración y finanzas - región de ñuble,hrgrowin,Presencial,Otro,Otros,No especificado,False,False,130
subgerente de administración y finanzas – las condes,subgerente de administración y finanzas – las condes,Presencial,Full time,Otros,No especificado,False,False,146
subgerente de administración y finanzas,hrgrowin,Presencial,Full time,Otros,No especificado,False,False,112
subgerente de administración y finanzas,renee,Presencial,Full time,Otros,No especificado,False,False,115
subgerente de finanzas,clínica bupa santiago,Presencial,Otro,Otros,No especificado,False,False,147
subgerente de finanzas,empresa destacada,Presencial,Full time,Otros,No especificado,False,False,31
subgerente de gestión de personas (la serena),fibra,Presencial,Full time,Otros,No especificado,False,False,144
subgerente de gestión de personas - habita inmobiliaria y constructora (la serena),fibra,Presencial,Full time,Data / BI,No especificado,False,False,153
"subgerente de ingeniería, santiago (cód.2369)",empresa destacada,Presencial,Full time,Otros,No especificado,False,False,33
subgerente de tecnología,empresa destacada,Presencial,Full time,Otros,No especificado,True,False,33
subgerente de operaciones - seguridad,empresa destacada,Presencial,Full time,Otros,No especificado,True,False,32
subgerente de tienda kfc / melipilla,subgerente de tienda kfc / melipilla,Presencial,Full time,TI General,No especificado,False,False,98
superuser,sgs,Presencial,Full time,Otros,No especificado,False,False,70
supervisor (noche) pudahuel 800.000,supervisor (noche) pudahuel 800.000,Presencial,Full time,Otros,No especificado,False,False,146
supervisor (pudahuel) 800.000 turno am,supervisor (pudahuel) 800.000 turno am,Presencial,Full time,Otros,No especificado,False,False,132
supervisor (pudahuel) 800.000 solo para jornada nocturna,supervisor (pudahuel) 800.000 solo para jornada nocturna,Presencial,Full time,Otros,No especificado,False,False,150
supervisor (pudahuel) 800.000,supervisor (pudahuel) 800.000,Presencial,Full time,Otros,No especificado,False,False,123
supervisor (a) banco de sangre,empresa destacada,Presencial,Full time,Otros,No especificado,False,False,28
supervisor (a) de calidad de la educación basada en simulación,empresa destacada,Presencial,Full time,QA / Testing,No especificado,False,False,32
supervisor administración flota,blue express,Presencial,Full time,Otros,No especificado,False,False,106
supervisor cobertura kas en ruta - marca de (la serena),tawa,Presencial,Full time,Otros,No especificado,False,False,153
supervisor eléctrico y encargado equipamiento y sistemas (la serena),empresa confidencial,Presencial,Otro,TI General,No especificado,True,False,158
supervisor logístico / turno noche / enea pudahuel,empresa confidencial,Presencial,Otro,Otros,No especificado,False,False,189
supervisor logístico,supervisor logístico,Presencial,Full time,Otros,No especificado,False,False,61
supervisor movimiento de tierra y maquinaria (coquimbo),guiñez ingenieria ltda,Presencial,Otro,Data / BI,No especificado,False,False,148
supervisor muestrera (coquimbo),guiñez ingenieria ltda,Presencial,Otro,Otros,No especificado,False,False,126
supervisor producción y mantención,"planta de suplementos quilicura, santiago",Presencial,Full time,Otros,No especificado,False,False,118
supervisor reponedores,"rplus, santiago",Presencial,Full time,Otros,No especificado,False,False,91
supervisor retail tecnología - ruta talca / curicó,empresa destacada,Presencial,Full time,Otros,No especificado,True,False,33
supervisor ruta/ iv región (la serena),ecrgroup®️.,Presencial,Full time,Otros,No especificado,False,False,136
supervisor de aseo y jardines — gestión y desarrollo,sodexo,Presencial,Full time,Otros,No especificado,False,False,153
supervisor de cafetería,supervisor de cafetería,Presencial,Full time,Otros,No especificado,False,False,118
supervisor de caja,supervisor de caja,Presencial,Full time,Otros,No especificado,False,False,113
supervisor de comisionamiento / pruebas scada,bureau veritas chile s.a,Presencial,Otro,Otros,No especificado,False,False,148
supervisor de inspección en terreno rysfr-06,cyd ingeniería ltda.,Presencial,Otro,Otros,No especificado,False,False,148
supervisor de logística de frigorífico -…,"confidencial, puerto natales",Presencial,Full time,Otros,No especificado,False,False,110
supervisor de mantención (la calera),grafton recruitment chile,Presencial,Full time,Otros,No especificado,False,False,146
supervisor de mantenimiento industrial,empresa destacada,Presencial,Full time,Otros,No especificado,False,False,36
supervisor de operaciones carguío y transporte,team work recursos humanos ltda.,Presencial,Otro,Otros,No especificado,False,False,172
supervisor de operaciones logisticas,empresa destacada,Presencial,Full time,Otros,No especificado,False,False,32
supervisor de operaciones logísticas,supervisor de operaciones logísticas,Presencial,Full time,Otros,No especificado,False,False,77
supervisor de operaciones,"transportes por carretera, antofagasta",Presencial,Full time,Otros,No especificado,False,False,102
supervisor de operaciones,"transportes por carretera, puerto montt",Presencial,Full time,Otros,No especificado,False,False,102
supervisor de producción,empresa destacada,Presencial,Full time,Otros,No especificado,False,False,33
supervisor de proyectos (coquimbo),guiñez ingenieria ltda,Presencial,Otro,Otros,No especificado,False,False,130
supervisor de proyectos l033,cyd ingeniería ltda.,Presencial,Otro,Otros,No especificado,False,False,117
supervisor de ruta: impulsa ventas y exhibiciones,ecrgroup®️.,Presencial,Full time,Ventas / Comercial,No especificado,False,False,151
supervisor de seguridad para planta industrial,empresa destacada,Presencial,Full time,Otros,No especificado,True,False,32
supervisor de sondajes (coquimbo),guiñez ingenieria ltda,Presencial,Otro,Otros,No especificado,False,False,125
supervisor de sondajes senior (coquimbo),guiñez ingenieria ltda,Presencial,Otro,Otros,Senior,False,False,131
supervisor de terreno,supervisor de terreno,Presencial,Full time,Otros,No especificado,False,False,124
supervisor de transporte (reemplazo) - san pedro de atacama,empresa destacada,Remoto,Full time,Otros,No especificado,False,True,33
supervisor de transportes - empresa hormigón…,"unacem chile, santiago",Presencial,Full time,Otros,No especificado,False,False,93
supervisor de tratamiento químico,"volta, chillán",Presencial,Full time,Otros,No especificado,False,False,92
supervisor de ventas seguros de vida y salud,empresa destacada,Presencial,Full time,Salud,No especificado,True,False,28
supervisor de ventas en terreno,empresa destacada,Presencial,Full time,Ventas / Comercial,No especificado,False,False,29
supervisor de ventas y servicio en casino,newrest chile,Presencial,Full time,Ventas / Comercial,No especificado,False,False,137
supervisor de ventas,"confidencial, santiago",Presencial,Full time,Ventas / Comercial,No especificado,False,False,91
supervisor de limpieza,supervisor de limpieza,Presencial,Full time,Otros,No especificado,False,False,153
supervisor de supermercado,ecr group,Presencial,Full time,Otros,No especificado,False,False,110
supervisor área financiera colina,empresa confidencial,Presencial,Otro,Otros,No especificado,False,False,127
supervisor – servicio de administración y operación bodega minería,supervisor – servicio de administración y operación bodega minería,Presencial,Full time,Otros,No especificado,False,False,137
supervisor(a) administración de servicios,diperk chile | distribuidora perkins chilena s.a.c.,Presencial,Full time,Otros,No especificado,False,False,153
supervisor(a) administración de servicios,distribuidora perkins chilena s.a.c.,Presencial,Full time,Otros,No especificado,False,False,150
supervisor(a) kross bar - vitacura/providencia,"kross bar, santiago",Presencial,Full time,Otros,No especificado,False,False,84
supervisor(a) servicios generales - redsalud vitacura,clínica redsalud vitacura,Presencial,Otro,Salud,No especificado,True,False,171
supervisor(a) de aseo y jardines,sodexo chile,Presencial,Full time,Otros,No especificado,False,False,125
supervisor(a) de casino - minería,sodexo,Presencial,Otro,Otros,No especificado,False,False,122
supervisor(a) de planificación financiera,kinross gold corporation,Presencial,Full time,Otros,No especificado,False,False,151
supervisor(a) hoteleria,supervisor(a) hoteleria,Presencial,Full time,Otros,No especificado,False,False,150
supervisor/a de administración y existencias - la unión,fashion's park,Presencial,Full time,Otros,No especificado,False,False,153
supervisor/a asesores vida,confuturo,Presencial,Otro,Otros,No especificado,False,False,135
supervisor/a atención cliente presencial - puente alto,empresa destacada,Presencial,Full time,Otros,No especificado,False,False,42
supervisor/a atención a cliente - huechuraba,empresa destacada,Remoto,Full time,Otros,No especificado,False,True,42
supervisor/a logística turno pm,cdo servicios empresariales,Presencial,Otro,Otros,No especificado,False,False,225
supervisor/a logística turno pm,empresa destacada,Presencial,Full time,Otros,No especificado,False,False,32
supervisor/a de arriendo y administración inmobiliaria,supervisor/a de arriendo y administración inmobiliaria,Presencial,Full time,Otros,No especificado,False,False,117
supervisor/a de seguridad (los ángeles),empresa destacada,Presencial,Full time,Otros,No especificado,True,False,32
supervisor/a de seguridad ripley la calera,empresa destacada,Presencial,Full time,Otros,No especificado,True,False,32
supervisor/a de seguridad,supervisor/a de seguridad,Presencial,Full time,Otros,No especificado,True,False,120
supervisor/a de terreno - coquimbo,empresa confidencial,Presencial,Otro,Otros,No especificado,False,False,133
supervisor/a de transporte - san bernardo,empresa destacada,Presencial,Full time,Otros,No especificado,False,False,33
supervisor,empresa confidencial,Presencial,Otro,Otros,No especificado,False,False,112
support specialist,no especificada,Presencial,Full time,Otros,No especificado,False,False,24
tecnico electrico de mantenimiento,"empresa ing.electrica, santiago",Presencial,Full time,Otros,No especificado,True,False,93
tecnico electronico y/o informatico egresado,imssolution,Presencial,Full time,TI General,No especificado,True,False,134
"tecnico, en administración de bodega",empresas de ascensores sla,Presencial,Full time,Otros,No especificado,True,False,130
tecnico/auxiliar de farmacia,"triodo spa, santiago",Presencial,Full time,Salud,No especificado,True,False,91
tens administrativo / empresa salud ocupacional…,"workmed, santiago",Presencial,Full time,Salud,No especificado,False,False,77
tesorero/a (administración & finanzas),"grupo ps, santiago",Presencial,Full time,Otros,No especificado,False,False,97
trabajo remoto para personal de salud/ ventas,empresa destacada,Remoto,Part time,Salud,No especificado,False,True,28
team leader (lider de equipo) decathlon la serena,¡únete al equipo decathlon!,Presencial,Full time,Otros,Senior,False,False,153
team leader seguros de vida y salud,empresa destacada,Presencial,Full time,Salud,Senior,True,False,28
team player omnicomerciante - experiencia cliente - decathlon la serena 35hrs,¡únete al equipo decathlon!,Presencial,Full time,Data / BI,No especificado,False,False,153
tech lead full-stack,no especificada,Remoto,Full time,Otros,Senior,False,True,24
tech lead integrations,no especificada,Remoto,Full time,Otros,Senior,False,True,24
tech manager,no especificada,Híbrido,Full time,Otros,No especificado,False,False,24
technical program manager,no especificada,Remoto,Full time,Otros,No especificado,True,True,24
tecnico agente mesa de ayuda ( técnico informático n1),os group,Presencial,Full time,Otros,No especificado,True,False,151
tecnico on-site,"fcom spa, talca",Presencial,Full time,Otros,No especificado,True,False,93
tecnico de mantenimiento - santiago,empresa destacada,Presencial,Full time,Otros,No especificado,True,False,36
tecnico en contabilidad (calama),empresa destacada,Presencial,Full time,Otros,No especificado,True,False,35
tecnico en administración de empresas o rrhh / asistente de operaciones,tecnico en administración de empresas o rrhh / asistente de operaciones,Presencial,Full time,Recursos Humanos,No especificado,True,False,153
tecnico informatico en terreno,tecnico informatico en terreno,Presencial,Full time,TI General,No especificado,True,False,118
tecnico/a en soporte informatico,wood,Presencial,Full time,TI General,No especificado,True,False,103
tecnicos en programacion informatica,confidencial,Presencial,Full time,TI General,No especificado,True,False,119
tecnico,tecnico,Presencial,Full time,Otros,No especificado,True,False,99
tecnico,"trimex spa, rancagua",Presencial,Full time,Otros,No especificado,True,False,87
tecnóloga en informática biomédica,empresa destacada,Presencial,Full time,Otros,No especificado,True,False,34
tens anestesia-redsalud santiago,clínica redsalud santiago,Presencial,Otro,Salud,No especificado,True,False,155
tens endoscopia,clínica hospital del profesor,Presencial,Otro,Otros,No especificado,False,False,145
tens farmacia 4° turno reemplazo,instituto de neurocirugía,Presencial,Otro,Data / BI,No especificado,False,False,152
tens pabellonero/a- redsalud santiago,clínica redsalud santiago,Presencial,Otro,Salud,No especificado,True,False,160
tens pabellón - ist viña del mar,instituto de seguridad del trabajo,Presencial,Otro,Otros,No especificado,False,False,155
tesorero,colaboral,Presencial,Full time,Otros,No especificado,False,False,76
tesorero,finden,Presencial,Full time,Otros,No especificado,False,False,73
"técnicos soporte ti trabajo en la serena, coquimbo. por proyecto",multinacional de servicios en ti,Presencial,Full time,TI General,No especificado,True,False,153
topógrafo - obra en construcción,renee rpo asistido para grupo euro,Presencial,Otro,Otros,No especificado,False,False,166
trabaja desde nuestra casa matriz - ejecutivos de venta de seguros,empresa destacada,Presencial,Full time,Ventas / Comercial,No especificado,True,False,30
trabaja para banco estado - ejecutivos de venta de seguros,empresa destacada,Presencial,Full time,Ventas / Comercial,No especificado,True,False,30
trabajadores (as) / ejecutivos del area de ventas y comercialización,arrendadora de vehículos s.a.,Presencial,Full time,Ventas / Comercial,No especificado,False,False,153
trade marketing multimarca,empresa destacada,Presencial,Full time,Otros,No especificado,False,False,32
trade marketing,empresa destacada,Presencial,Full time,Otros,No especificado,False,False,32
trade support & process automation - jr analyst (plazo fijo),michael page,Presencial,Full time,Otros,No especificado,False,False,153
trading consultant,murex chile,Híbrido,Full time,Otros,No especificado,False,False,24
tutor/profesor particular,"tutor doctor calama, calama",Presencial,Full time,Educacion,No especificado,False,False,100
técnica/o electricista (faena región de copiapó),empresa confidencial,Presencial,Otro,Otros,No especificado,False,False,145
técnico (a) veterinario (a) / colina,empresa destacada,Presencial,Full time,Otros,No especificado,False,False,34
técnico (a) veterinario (a) / concepción,empresa destacada,Presencial,Full time,Otros,No especificado,False,False,34
técnico (a) veterinario (a) / santiago,empresa destacada,Presencial,Full time,Otros,No especificado,False,False,34
técnico administración rrhh (vitacura),servicios aeroportuarios,Presencial,Full time,Recursos Humanos,No especificado,False,False,132
técnico administrativo - experiencia en obras…,"ingenet ltda, santiago",Presencial,Full time,Data / BI,No especificado,False,False,103
técnico alimentación / gastronomía o auxiliar dietética 4to turno,clínica dávila y servicios médicos s.a,Presencial,Otro,Otros,No especificado,False,False,202
técnico construcción fibra optica - concepción-22893,empresa destacada,Presencial,Full time,Otros,No especificado,False,False,35
"técnico data center - informático, soporte ti, telecomunicaciones, conectividad y redes",laborum selecta,Presencial,Full time,Data / BI,No especificado,True,False,153
técnico electromecánico – buses y camiones…,"empresa de buses y.., antofagasta",Presencial,Full time,Otros,No especificado,False,False,107
técnico electromecánico – buses y camiones…,"empresa de buses y.., calama",Presencial,Full time,Otros,No especificado,False,False,107
técnico enfermería pabellón - clínica san carlos,uc christus salud,Presencial,Otro,Otros,No especificado,False,False,163
"técnico enfermería urgencias, reemplazo - clínica san carlos",uc christus salud,Presencial,Otro,Otros,No especificado,False,False,175
técnico especialista - mecanica,"empresa de servicio a.., antofagasta",Presencial,Full time,Otros,No especificado,False,False,128
técnico impresoras y multifuncionales,opciones s.a.,Presencial,Full time,Otros,No especificado,False,False,134
técnico informatico junior,técnico informatico junior,Presencial,Full time,TI General,Junior,True,False,137
técnico informático (ti) - las condes (santiago),sin nombre,Presencial,Full time,Otros,No especificado,True,False,145
técnico informático soporte sap b1 | presencial las condes,sin nombre,Presencial,Full time,Otros,No especificado,True,False,153
técnico informático trazabilidad (rancagua),unitec,Presencial,Full time,Otros,No especificado,True,False,129
técnico informático trazabilidad - rancagua (vi región),unitec,Presencial,Full time,Otros,No especificado,True,False,153
"técnico informático en programación, análisis, desarrollo y administración de sistemas (quilicura)",mam pro,Presencial,Full time,TI General,No especificado,True,False,153
"técnico informático en programación, análisis, desarrollo y administración de sistemas (santiago)",mam pro,Presencial,Full time,TI General,No especificado,True,False,153
técnico informático en trazabilidad y sistemas - viajes,unitec,Presencial,Full time,TI General,No especificado,True,False,153
técnico informático y de soporte - inicio y crecimiento,imssolution,Presencial,Full time,Otros,No especificado,True,False,153
técnico informático: desarrolla soluciones de sistemas,mam pro,Presencial,Full time,TI General,No especificado,True,False,151
técnico informático: desarrollo de sistemas e innovación,mam pro,Presencial,Full time,TI General,No especificado,True,False,153
técnico instalaciones concepción,"atom, concepción",Presencial,Full time,Otros,No especificado,False,False,78
técnico instalador - la serena,prosegur,Presencial,Full time,Otros,No especificado,False,False,117
técnico instalador de sistemas de seguridad,empresa destacada,Presencial,Full time,TI General,No especificado,True,False,32
técnico instalador en minería,alcansa,Presencial,Otro,Otros,No especificado,False,False,114
técnico jurídico - procurador,empresa destacada,Presencial,Full time,Otros,No especificado,False,False,33
técnico logístico,técnico logístico,Presencial,Full time,Otros,No especificado,False,False,79
técnico mantenimiento mall eu la dehesa,soluciones sim spa,Presencial,Full time,Otros,No especificado,False,False,145
"técnico mecánico equipos alto tonelaje, copiapó",team work recursos humanos ltda.,Presencial,Otro,Otros,No especificado,False,False,252
técnico mecánico – bombas centrífugas,técnico mecánico – bombas centrífugas,Presencial,Full time,Otros,No especificado,False,False,110
técnico medio o superior en administración/contabilidad - maipú,veterquimica,Presencial,Full time,Otros,No especificado,False,False,153
técnico multiservicio - soporte en informática y conectividad (santiago),stefanini latam,Presencial,Full time,Otros,No especificado,True,False,153
técnico regional de informática: soporte y gestión,corfo,Presencial,Full time,Otros,No especificado,True,False,147
técnico soporte informático (sector enea pudahuel) enea pudahuel,confidencial,Presencial,Full time,Otros,No especificado,True,False,153
técnico soporte informático (sector enea pudahuel),técnico soporte informático (sector enea pudahuel),Presencial,Full time,Otros,No especificado,True,False,132
técnico soporte informático (valparaíso),confidencial,Presencial,Full time,Otros,No especificado,True,False,143
técnico soporte informático - viña del mar,confidencial,Presencial,Full time,Otros,No especificado,True,False,147
técnico soporte informático en terreno – vii región (talca),slp soluciones informáticas spa,Presencial,Full time,Otros,No especificado,True,False,153
técnico soporte informático terreno antofagasta,coasin,Presencial,Full time,Otros,No especificado,True,False,141
técnico soporte informático terreno antofagasta,coasin logicalis,Presencial,Full time,Otros,No especificado,True,False,151
técnico soporte informático terreno antofagasta,técnico soporte informático terreno antofagasta,Presencial,Full time,Otros,No especificado,True,False,153
técnico soporte informático titulado,técnico soporte informático titulado,Presencial,Full time,TI General,No especificado,True,False,131
técnico soporte informático en terreno en…,"multinacional de servicios ti, antofagasta",Presencial,Full time,Otros,No especificado,True,False,101
técnico soporte informático en terreno – región metropolitana rm,slp soluciones informáticas spa,Presencial,Full time,Otros,No especificado,True,False,153
técnico soporte informático en terreno – vi región (rancagua),slp soluciones informáticas spa,Presencial,Full time,Otros,No especificado,True,False,153
técnico soporte informático en terreno – x región (puerto montt),slp soluciones informáticas spa,Presencial,Full time,Otros,No especificado,True,False,153
"técnico soporte informático trabajo en la serena, coquimbo","técnico soporte informático trabajo en la serena, coquimbo",Presencial,Full time,Otros,No especificado,True,False,153
técnico soporte informático,act s.a.,Presencial,Full time,Otros,No especificado,True,False,97
técnico soporte informático,técnico soporte informático,Presencial,Full time,Otros,No especificado,True,False,119
técnico soporte ti,"empresa de logística y.., santiago",Presencial,Full time,TI General,No especificado,True,False,100
técnico superior electrónica/informática — 7x7 antofagasta,act,Presencial,Full time,Otros,No especificado,True,False,153
técnico veterinario - concepción,empresa destacada,Presencial,Full time,Otros,No especificado,False,False,34
técnico control de calidad san bernardo,técnico control de calidad san bernardo,Presencial,Full time,QA / Testing,No especificado,False,False,153
"técnico de bicicletas: servicio, venta y experiencia deportiva",decathlon chile,Presencial,Full time,Data / BI,No especificado,False,False,153
"técnico de informática – soporte, redes y web en salud",corfo,Presencial,Full time,Salud,No especificado,True,False,153
técnico de instalación y mantenimiento publicitario,empresa destacada,Presencial,Full time,Otros,No especificado,False,False,36
técnico de mantenimiento informático,técnico de mantenimiento informático,Presencial,Full time,Otros,No especificado,True,False,153
técnico de mantenimiento rx,empresa destacada,Presencial,Full time,Otros,No especificado,False,False,36
técnico de mantenimiento y reparación de equipos,empresa destacada,Presencial,Full time,Otros,No especificado,False,False,36
técnico de mantenimiento y servicios integrales,empresa destacada,Presencial,Full time,Otros,No especificado,False,False,36
técnico de operación y mantenimiento,empresa destacada,Presencial,Full time,Otros,No especificado,False,False,36
técnico de producción,empresa destacada,Presencial,Full time,Otros,No especificado,False,False,33
técnico de seguridad y medio ambiente lampa,empresa destacada,Presencial,Full time,Otros,No especificado,True,False,32
técnico de soporte informático (santiago),stefanini latam,Presencial,Full time,Otros,No especificado,True,False,132
técnico de soporte informático - calama,gst soluciones,Presencial,Full time,Otros,No especificado,True,False,123
técnico de soporte informático itinerante,stefanini latam,Presencial,Full time,Otros,No especificado,True,False,132
técnico de soporte informático nivel 1 - presencial/remoto,corporación educacional arturo prat,Remoto,Full time,Otros,No especificado,True,True,153
técnico de soporte informático on-site con vehículo,stefanini latam,Presencial,Full time,Otros,No especificado,True,False,152
técnico de soporte informático on-site(arica) (santiago),stefanini latam,Presencial,Full time,Otros,No especificado,True,False,153
técnico de soporte informático on-site(calama) (santiago),stefanini latam,Presencial,Full time,Otros,No especificado,True,False,153
técnico de soporte informático on-site(chillan) (santiago),stefanini latam,Presencial,Full time,Otros,No especificado,True,False,153
técnico de soporte informático on-site(combarbala) (santiago),stefanini latam,Presencial,Full time,Otros,No especificado,True,False,153
técnico de soporte informático on-site(curico) (santiago),stefanini latam,Presencial,Full time,Otros,No especificado,True,False,153
técnico de soporte informático on-site(punta (santiago),stefanini latam,Presencial,Full time,Otros,No especificado,True,False,153
técnico de soporte informático on-site(punta arenas) (cópia),stefanini latam,Presencial,Full time,Otros,No especificado,True,False,153
técnico de soporte informático on-site(victoria) (santiago),stefanini latam,Presencial,Full time,Otros,No especificado,True,False,153
técnico de soporte informático presencial con desplazamientos,stefanini latam,Presencial,Full time,Otros,No especificado,True,False,153
técnico de soporte informático con vehículo propio,stefanini latam,Presencial,Full time,Otros,No especificado,True,False,150
técnico de soporte informático en terreno | celular,slp soluciones informáticas spa,Presencial,Full time,Otros,No especificado,True,False,153
técnico de soporte informático en terreno – puerto montt,slp soluciones informáticas,Presencial,Full time,Otros,No especificado,True,False,153
técnico de soporte informático en terreno – puerto montt,slp soluciones informáticas spa,Presencial,Full time,Otros,No especificado,True,False,153
técnico de soporte informático en terreno – rm,slp soluciones informáticas spa,Presencial,Full time,Otros,No especificado,True,False,153
técnico de soporte informático en terreno – soluciones en campo,slp soluciones informáticas,Presencial,Full time,Otros,No especificado,True,False,153
técnico de soporte informático en terreno – viña del mar,confidencial,Presencial,Full time,Otros,No especificado,True,False,153
técnico de soporte informático en tiendas,falabella,Presencial,Full time,TI General,No especificado,True,False,126
técnico de soporte informático – antofagasta presencial,coasin,Presencial,Full time,Otros,No especificado,True,False,153
técnico de soporte informático – presencial/remoto ti corporativa,wood,Remoto,Full time,TI General,No especificado,True,True,153
técnico de soporte informático – retail (pudahuel),confidencial,Presencial,Full time,Otros,No especificado,True,False,147
técnico de soporte informático — presencial (conchalí),avos tech | chile,Presencial,Full time,Otros,No especificado,True,False,153
"técnico de soporte informático — presencial/remoto, ms 365",wood,Remoto,Full time,Otros,No especificado,True,True,153
"técnico de soporte informático — redes, servidores y erp",liebherr chile spa .,Presencial,Full time,Otros,No especificado,True,False,153
técnico de soporte informático/junior/ san antonio,enjoy,Presencial,Full time,Otros,Junior,True,False,147
técnico de soporte ti (en terreno) – la serena,multinacional de servicios en ti,Presencial,Full time,TI General,No especificado,True,False,153
técnico de soporte ti en terreno – la serena (proyecto),importante empresa del sector,Presencial,Full time,TI General,No especificado,True,False,153
técnico de soporte terreno/ part time,no especificada,Presencial,Part time,TI General,No especificado,True,False,24
técnico de soporte,técnico de soporte,Remoto,Full time,Otros,No especificado,True,True,125
técnico de laboratorio,the coca-cola company,Presencial,Full time,Otros,No especificado,False,False,203
técnico en administración (concepción),fundacion educacional colegio inmaculada concepcion de concepcion,Presencial,Full time,Otros,No especificado,False,False,153
técnico en administración / comercial seguros las condes,técnico en administración / comercial seguros las condes,Presencial,Full time,Ventas / Comercial,No especificado,True,False,153
técnico en administración reemplazo coquimbo,técnico en administración reemplazo coquimbo,Presencial,Full time,Otros,No especificado,False,False,126
técnico en administración,técnico en administración,Presencial,Full time,Otros,No especificado,False,False,128
técnico en educación diferencial,empresa destacada,Presencial,Full time,Otros,No especificado,False,False,32
técnico en enfermería gestión ppi - centro providencia achs salud,asociación chilena de seguridad achs,Presencial,Otro,Data / BI,No especificado,False,False,178
técnico en farmacia - rancagua (campaña de invierno),empresa destacada,Presencial,Full time,Data / BI,No especificado,False,False,31
técnico en informática región de aysén,sociedad opazo y verdugo ltda,Presencial,Full time,Otros,No especificado,True,False,142
técnico en informática con conocimientos lms (plazo fijo)- providencia,empresa destacada,Híbrido,Full time,Otros,No especificado,True,False,34
"técnico en informática, electrónica, ingeniería o carrera afín/santiago",empresa destacada,Presencial,Full time,Otros,No especificado,True,False,34
técnico en informática: soporte it y gestión digital presencial,grupo otec,Presencial,Full time,Otros,No especificado,True,False,153
técnico en informática,técnico en informática,Presencial,Full time,Otros,No especificado,True,False,84
técnico en logística /santiago,empresa destacada,Presencial,Full time,Otros,No especificado,False,False,32
técnico en mantención en antofagasta sector la negra,técnico en mantención en antofagasta sector la negra,Presencial,Full time,Otros,No especificado,False,False,153
técnico en mantenimiento electromecánico,técnico en mantenimiento electromecánico,Presencial,Full time,Otros,No especificado,False,False,139
técnico en mantenimiento,técnico en mantenimiento,Presencial,Full time,Otros,No especificado,False,False,105
técnico en prevención - iquique,"importante empresa, iquique",Presencial,Full time,Otros,No especificado,False,False,97
técnico en prevención de riesgos,"cg consultora ltda., santiago",Presencial,Full time,Otros,No especificado,False,False,95
técnico en recursos humanos,empresa destacada,Presencial,Full time,Recursos Humanos,No especificado,False,False,39
técnico en soporte informático (santiago),global business intelligence,Presencial,Full time,Otros,No especificado,True,False,145
técnico en soporte informático concepción (40 hrs),cadetech,Presencial,Full time,Otros,No especificado,True,False,139
técnico en soporte informático,"the project company, santiago",Remoto,Full time,Otros,No especificado,True,True,115
técnico en soporte de terreno/ mesa de ayuda,técnico en soporte de terreno/ mesa de ayuda,Presencial,Full time,Otros,No especificado,True,False,141
técnico en soporte área informática (maipo),carozzi,Presencial,Full time,Otros,No especificado,True,False,132
técnico en ti / maipú,técnico en ti / maipú,Presencial,Full time,TI General,No especificado,True,False,91
técnico en ti / planta de producción maipú,técnico en ti / planta de producción maipú,Presencial,Full time,TI General,No especificado,True,False,112
técnico en terreno,técnico en terreno,Presencial,Full time,Otros,No especificado,False,False,140
técnico en administración o contabilidad,técnico en administración o contabilidad,Presencial,Full time,Otros,No especificado,False,False,89
técnico en gastronomía,"renni heladería, rancagua",Presencial,Full time,Otros,No especificado,False,False,100
técnico en informática modalidad freelance,cbv technology,Presencial,Full time,Otros,No especificado,True,False,133
técnico en informática – soporte y gestión tecnológica (santiago),grupo otec,Presencial,Full time,Otros,No especificado,True,False,153
técnico en soporte de equipos de impresion,técnico en soporte de equipos de impresion,Presencial,Full time,Otros,No especificado,True,False,98
técnico informática,técnico informática,Presencial,Full time,Otros,No especificado,True,False,118
técnico(a) ayudante en telecomunicaciones,técnico(a) ayudante en telecomunicaciones,Presencial,Full time,Otros,No especificado,False,False,139
técnico(a) senior en telecomunicaciones,técnico(a) senior en telecomunicaciones,Presencial,Full time,Otros,Senior,False,False,153
técnico(a) veterinario(a) en concepción,empresa destacada,Presencial,Full time,Otros,No especificado,False,False,34
técnico(a) en soporte informático - antofagasta (proceso inclusivo),liebherr chile spa .,Presencial,Full time,Otros,No especificado,True,False,153
técnico-a unidad de informatica (arica),corfo,Presencial,Full time,TI General,No especificado,True,False,112
técnico/a soporte informático,importaciones y servicios advanced computing technologies s.a.,Presencial,Full time,Otros,No especificado,True,False,153
técnico/a soporte informático,técnico/a soporte informático,Presencial,Full time,Otros,No especificado,True,False,119
técnico/a de mantenimiento eléctrico - talca,empresa destacada,Presencial,Full time,Otros,No especificado,False,False,36
técnico/a de soporte informático presencial | ms 365 y seguridad,wood,Presencial,Full time,Otros,No especificado,True,False,153
técnico/a de taller - área gastronomía (jornada vespertina),cft enac,Presencial,Otro,Otros,No especificado,False,False,155
técnico/a en administración de empresas,técnico/a en administración de empresas,Presencial,Full time,Otros,No especificado,False,False,140
técnicos nivel superior en electrónica o informática con al menos 4 años de experiencia (santiago),act,Presencial,Full time,Data / BI,No especificado,True,False,153
"técnicos soporte it, trabajo en terreno en viña del mar","técnicos soporte it, trabajo en terreno en viña del mar",Presencial,Full time,Otros,No especificado,True,False,153
técnicos soporte informático titulados,técnicos soporte informático titulados,Presencial,Full time,TI General,No especificado,True,False,153
técnicos soporte informático,técnicos soporte informático,Presencial,Full time,Otros,No especificado,True,False,118
"técnicos soporte ti trabajo en la serena, coquimbo. por proyecto",importante empresa del sector,Presencial,Full time,TI General,No especificado,True,False,153
"técnicos soporte área informática, computación (santiago)",retail y servicios,Presencial,Full time,Otros,No especificado,True,False,153
técnicos de soporte informático - armado y diagnóstico,retail y servicios,Presencial,Full time,Otros,No especificado,True,False,153
técnicos de radios y redes (codelco calama),técnicos de radios y redes (codelco calama),Presencial,Full time,Otros,No especificado,True,False,81
técnicos de redes (minera los pelambres),técnicos de redes (minera los pelambres),Presencial,Full time,Otros,No especificado,True,False,78
técnicos eléctricos para equipos mineros,técnicos eléctricos para equipos mineros,Presencial,Full time,Otros,No especificado,False,False,97
"técnicos en redes,telecomunicaciones e informática (santiago)",soit,Presencial,Full time,Otros,No especificado,True,False,153
técnicos o ingenieros/as en informática o computación - oportunidad para personas con discapacidad,confidencial,Presencial,Full time,Otros,No especificado,True,False,153
técnicos/ingenieros en informática en consultoría it,confidencial,Presencial,Full time,Otros,No especificado,True,False,141
técnicos/as eléctrico/as - el abra,finning chile s.a,Presencial,Otro,Otros,No especificado,False,False,127
ux designer senior,no especificada,Híbrido,Full time,Otros,Senior,False,False,24
ux ui designer,no especificada,Remoto,Full time,Otros,No especificado,False,True,24
urgente! encargado de transporte (solo residentes antofagasta),urgente! encargado de transporte (solo residentes antofagasta),Presencial,Full time,Otros,No especificado,False,False,147
vendedor de repuestos automotriz,"dieseltruckss spa, valdivia",Presencial,Full time,Otros,No especificado,False,False,107
vendedor santiago - viña del mar (canal tradicional),watts s.a.,Presencial,Otro,Otros,No especificado,False,False,141
vendedor tienda la serena,empresa confidencial,Presencial,Otro,TI General,No especificado,False,False,120
vendedor/a full time ( lunes a…,"activa marketing spa, santiago",Presencial,Full time,TI General,No especificado,False,False,93
vendedores full time,"eranova sociedad comercial, santiago",Presencial,Full time,TI General,No especificado,False,False,95
vendedor,crispieri,Presencial,Full time,Otros,No especificado,False,False,70
viña del mar-analista técnico psicólogo y…,"corporación prodel, valparaíso",Presencial,Full time,Otros,No especificado,False,False,90
vendedor (a) modulo zofri ciudad iquique,"importadora lavin perfumes ltda, iquique",Presencial,Full time,Otros,No especificado,False,False,98
vendedor (a) terreno especialista en distribuidoras,cartones kraft limitada,Presencial,Full time,Otros,No especificado,False,False,153
"vendedor (a) con o sin experiencia para farmacias, la serena",cruz verde,Presencial,Otro,Data / BI,No especificado,False,False,149
vendedor / asesor óptico - licencia…,"propesa spa, santiago",Presencial,Full time,Otros,No especificado,False,False,98
"vendedor deportivo omni-canal | 40h, bonos y acciones",decathlon chile,Presencial,Full time,Otros,No especificado,False,False,153
vendedor deportivo proactivo | experiencia al cliente,decathlon chile,Presencial,Full time,Data / BI,No especificado,False,False,153
vendedor horeca en la marca de…,"santa victoria, santiago",Presencial,Full time,Otros,No especificado,False,False,100
vendedor part time industria de software…,"pawwy spa, santiago",Presencial,Part time,Data / BI,No especificado,True,False,82
vendedor repuestos automotrices marcas coreanas y…,"ms repuestos (maria loreto.., santiago",Presencial,Full time,Otros,No especificado,False,False,98
vendedor senior terreno b2b minería/industrial | antofagasta,wiseplan consultora spa,Presencial,Otro,Otros,Senior,False,False,160
vendedor técnico químico – 100% terreno,amelco,Presencial,Full time,Otros,No especificado,False,False,133
"vendedor de combustible - estación, turnos rotativos",esmax filial de aramco en chile,Presencial,Full time,Otros,No especificado,False,False,153
vendedor de servicios transporte logistico,empresa destacada,Híbrido,Full time,Otros,No especificado,False,False,33
"vendedor de tienda peñalolén (diseño, construcción o arquitectura)",empresa destacada,Presencial,Full time,TI General,No especificado,False,False,35
vendedor en ruta de productos con vehículo propio,nestlé chile,Presencial,Full time,Otros,No especificado,False,False,153
vendedor en terreno iv región,importadora cimport spa,Presencial,Full time,Otros,No especificado,False,False,130
vendedor maquinaria industrial o equipos de minería - colina,empresa destacada,Presencial,Full time,Data / BI,No especificado,False,False,30
vendedor promotor,portia-ltda,Presencial,Full time,Otros,No especificado,False,False,94
vendedor área electrónica (part time fin de (la serena),rys reclutamiento y seleccion,Presencial,Part time,TI General,No especificado,False,False,153
vendedor(a) de insumos médicos mercado público,"confidencial, santiago",Presencial,Full time,Otros,No especificado,False,False,101
"vendedor(a) de tienda part time mko maipú (diseño, construcción o arquitectura)",empresa destacada,Presencial,Part time,TI General,No especificado,False,False,29
vendedor(a) senior tienda de decoración interior…,"euskotec limitada, santiago",Presencial,Full time,TI General,Senior,False,False,93
vendedor(a),empresa confidencial,Presencial,Otro,Otros,No especificado,False,False,115
"vendedor, sodimac, la serena",team work recursos humanos ltda.,Presencial,Otro,Otros,No especificado,False,False,133
vendedor/a comercial – productos de papel / administración de empresas,vendedor/a comercial – productos de papel / administración de empresas,Presencial,Full time,Ventas / Comercial,No especificado,False,False,153
vendedor/a full time - la serena,rotter y krauss,Presencial,Full time,TI General,No especificado,False,False,121
vendedor/a full time con comisiones - retail,pk group chile,Presencial,Full time,TI General,No especificado,False,False,151
vendedor/a temporal - cosméticos (día de la madre),beauty.plus,Presencial,Full time,Otros,No especificado,False,False,153
vendedor/a con o sin experiencia para farmacias-copiapo,empresa destacada,Presencial,Full time,Data / BI,No especificado,False,False,31
vendedor/a de muebles y decoración zona…,"re decora, santiago",Presencial,Full time,Otros,No especificado,False,False,97
vendedor/a de óptica en campo — horarios flexibles,besplus.cl,Presencial,Full time,Otros,No especificado,False,False,153
vendedor/a en terreno la serena,nosotros,Presencial,Full time,Otros,No especificado,False,False,119
vendedor/a en terreno – sector salud (santiago),empresa destacada,Presencial,Full time,Salud,No especificado,False,False,28
vendedor/a en terreno – telecomunicaciones residenciales,xinerlink - unidad ti,Presencial,Full time,Otros,No especificado,False,False,153
vendedor/a en terreno- la serena sin experiencia.,verisure chile,Presencial,Full time,Otros,No especificado,False,False,153
vendedor/a en terreno- la serena sin experiencia,verisure chile,Presencial,Full time,Otros,No especificado,False,False,153
vendedor/a fulltime pastelería lunes a viernes…,"dulcería frutillar, santiago",Presencial,Full time,Otros,No especificado,False,False,103
vendedor/a,"sociedad benavides y aguirre.., santiago",Presencial,Full time,Otros,No especificado,False,False,89
vendedora full time demarie,"demarie, santiago",Presencial,Full time,TI General,No especificado,False,False,91
vendedora y recepcionista – clínica de kinesiología,anatomysalud la serena,Presencial,Full time,Otros,No especificado,False,False,153
vendedora/atención al cliente,empresa destacada,Presencial,Full time,Otros,No especificado,False,False,42
ventas de seguros (presencial) – comisiones ilimitadas (la serena),grupo ps,Presencial,Full time,Ventas / Comercial,No especificado,True,False,153
ventas de seguros (presencial) – comisiones ilimitadas,grupo ps,Presencial,Full time,Ventas / Comercial,No especificado,True,False,153
"ventas de seguros — salud y vida (oficina, comisiones sin tope)",grupo ps,Presencial,Full time,Salud,No especificado,True,False,153
ventas en teletrabajo,empresa destacada,Remoto,Full time,Ventas / Comercial,No especificado,False,True,29
ventas en terreno concepción,empresa destacada,Presencial,Full time,Ventas / Comercial,No especificado,False,False,29
ventas en terreno del rubro de salud en concepción,empresa destacada,Presencial,Full time,Salud,No especificado,False,False,28
ventas en terreno del rubro de salud en santiago,empresa destacada,Presencial,Full time,Salud,No especificado,False,False,28
veterinario vendedor en ruta nestlé la serena,nestlé chile,Presencial,Full time,Otros,No especificado,False,False,151
visitador/a médico – representante de convenios la serena,pick up consultores,Presencial,Full time,Otros,No especificado,False,False,153
"winnership: intern e-commerce (nivea, eucerin)",beiersdorf,Híbrido,Full time,Otros,Junior,False,False,196
[101666] subgerente de tecnologías y sistemas (ti) - las condes,empresa destacada,Presencial,Full time,TI General,No especificado,True,False,33
[talent pool] customer onboarding,no especificada,Presencial,Full time,Otros,No especificado,False,False,24
administración recursos humanos,administración recursos humanos,Presencial,Full time,Recursos Humanos,No especificado,False,False,117
administrador contable,administrador contable,Presencial,Full time,Otros,No especificado,False,False,104
administrativo contable,"ingenieria y construccion, concepción",Presencial,Full time,Otros,No especificado,False,False,94
analista comercio exterior manejo de ingles,empresa destacada,Presencial,Full time,Otros,No especificado,False,False,40
asistente comercial _compras internacional,"prohumancapital, santiago",Presencial,Full time,Ventas / Comercial,Junior,False,False,130
asistente comercial,asistente comercial,Presencial,Full time,Ventas / Comercial,No especificado,False,False,114
asistente/a de administración de personal,asistente/a de administración de personal,Presencial,Full time,Otros,No especificado,False,False,153
asistente/a de administración,asistente/a de administración,Presencial,Full time,Otros,No especificado,False,False,129
ayudante de bodega,"global soluciones ltda, santiago",Presencial,Full time,Otros,No especificado,False,False,70
bodeguero farellones,"bodeguero – restaurant taringa.., santiago",Presencial,Full time,Otros,No especificado,False,False,114
bodeguero y encargado de compras,bodeguero y encargado de compras,Presencial,Full time,Otros,No especificado,False,False,111
buscamos administrador con experiencia en venta,"servicios odontologicos rys limitada, valparaíso",Presencial,Full time,Data / BI,No especificado,False,False,102
contador general o administración de empresas,buses talca paris y londres,Presencial,Full time,Otros,No especificado,False,False,143
encargado de campamento minero,encargado de campamento minero,Presencial,Full time,Otros,No especificado,False,False,121
ingeniero/a electrónico/a,ingeniero/a electrónico/a,Presencial,Full time,Otros,No especificado,False,False,96
ingeniería civil eléctrica y/o mecánico,"empresa importante del rubro.., calama",Presencial,Full time,Ingenieria Civil,No especificado,False,False,96
jefe de servicios sucursal las serena,vertical hunter,Presencial,Full time,Otros,Senior,False,False,138
operario logistico taller automotric,operario logistico taller automotric,Presencial,Full time,Otros,No especificado,False,False,107
practicante administrativo/a,practicante administrativo/a,Presencial,Full time,Otros,Junior,False,False,104
practicante contable,practicante contable,Presencial,Full time,Otros,Junior,False,False,138
practicante de administración,practicante de administración,Presencial,Full time,Otros,Junior,False,False,139
profesionales especialistas back office de abastecimiento…,"andean management spa, santiago",Presencial,Full time,Otros,No especificado,False,False,103
recepción despacho - lampa,"owl, santiago",Presencial,Full time,Otros,No especificado,False,False,112
se requiere un supervisor de servicios informaticos,replika,Presencial,Full time,TI General,No especificado,True,False,143
se requiere un supervisor de servicios…,"replika, santiago",Presencial,Full time,Otros,No especificado,False,False,97
secretaria administrativa,"mueblesfaoss, santiago",Presencial,Full time,Data / BI,No especificado,False,False,81
secretaria,"comercial y hotelera business.., valparaíso",Presencial,Full time,Otros,No especificado,False,False,121
tecnico para el equipo de integraciones,"solucionit, santiago",Presencial,Full time,Otros,No especificado,True,False,96
técnico administrativo,técnico administrativo,Presencial,Full time,Otros,No especificado,False,False,105
técnico/a de soporte,técnico/a de soporte,Presencial,Full time,Otros,No especificado,True,False,101
vendedor,"rojo y asociados -.., santiago",Presencial,Full time,Otros,No especificado,False,False,103
,afp capital,Presencial,Part time,Otros,No especificado,False,False,153
,ariztía,Presencial,Full time,Otros,No especificado,False,False,153
,banchile inversiones,Presencial,Full time,Otros,No especificado,False,False,153
,banco de crédito e inversiones,Presencial,Part time,Otros,No especificado,False,False,153
,bancoestado centro de contacto,Presencial,Full time,Otros,No especificado,False,False,153
,buses talca paris y londres,Presencial,Full time,Otros,No especificado,False,False,153
,clent,Híbrido,Full time,Otros,No especificado,False,True,153
,cencosud,Presencial,Part time,Otros,No especificado,False,False,153
,clínica dental cumbre s.a.,Presencial,Part time,Otros,No especificado,False,False,153
,comercial escocia,Presencial,Full time,Otros,No especificado,False,False,153
,confidencial,Presencial,Full time,Otros,No especificado,False,False,153
,corfo,Presencial,Full time,Otros,No especificado,False,False,153
,crispieri,Presencial,Full time,Otros,No especificado,False,False,153
,cronoshare.cl,Presencial,Full time,Otros,No especificado,False,False,153
,cronoshare.cl,Remoto,Full time,Otros,No especificado,False,True,153
,duoc uc,Presencial,Part time,Otros,No especificado,False,False,153
,empresa red salud s.a,Presencial,Full time,Otros,No especificado,False,False,153
,empresa del rubro industrial,Presencial,Full time,Otros,No especificado,False,False,153
,enjoy,Presencial,Full time,Otros,No especificado,False,False,153
,fid seguros,Presencial,Full time,Otros,No especificado,False,False,153
,fill-lif,Híbrido,Part time,Otros,No especificado,False,True,153
,grafton,Híbrido,Full time,Otros,No especificado,False,True,153
,gss seguridad cl,Presencial,Part time,Otros,No especificado,False,False,153
,gimnasio,Presencial,Full time,Otros,No especificado,False,False,153
,innova coworking,Presencial,Full time,Otros,No especificado,False,False,153
,iconstruye sa,Presencial,Full time,Otros,No especificado,False,False,153
,importante empresa del sector,Presencial,Full time,Otros,No especificado,False,False,153
,junta nacional de jardines infantiles,Presencial,Full time,Otros,No especificado,False,False,153
,newrest chile,Presencial,Full time,Otros,No especificado,False,False,153
,nys clinicas,Presencial,Full time,Otros,No especificado,False,False,153
,nosotros,Presencial,Full time,Otros,No especificado,False,False,153
,randstad,Presencial,Full time,Otros,No especificado,False,False,153
,san dámaso,Presencial,Part time,Otros,No especificado,False,False,153
,servicio de transporte s.r,Presencial,Part time,Otros,No especificado,False,False,153
,superzoo,Presencial,Full time,Otros,No especificado,False,False,153
,ucv,Presencial,Full time,Otros,No especificado,False,False,153
¡buscamos analista de existencias part time…,"ferreteria oviedo s.a, santiago",Presencial,Part time,TI General,No especificado,False,False,79
¡buscamos ejecutivas comerciales!,"empresas parque san pedro, concepción",Presencial,Full time,Ventas / Comercial,No especificado,False,False,96
¡buscamos practicante para el equipo de personas!,no especificada,Híbrido,Full time,Otros,Junior,False,False,24
¡estamos buscando asistente de ventas -optica!,"opticas a&amp;m, santiago",Presencial,Full time,Ventas / Comercial,No especificado,False,False,94
¡práctica profesional publicistas : adserver & análisis de campañas digitales!,omnicom media chile,Híbrido,Full time,Otros,No especificado,True,False,198
¡urgente! - jefe supervisor de ventas insumos médicos (zona norte y sur),perceptual consultores,Presencial,Otro,Ventas / Comercial,Senior,False,False,170
¡únete a step therapy como desarrollador…,"step therapy, santiago",Presencial,Full time,Otros,No especificado,True,False,84
¿eres de gastronomía y te gusta enseñar? únete como asistente de capacitación - concepción,l'angolo,Presencial,Otro,Otros,No especificado,False,False,171
"¿eres de ñuñoa, providencia o las condes? inicia un emprendimiento retador como agente inmobiliario",re/max exclusive,Presencial,Otro,Data / BI,No especificado,False,False,219
¿estudias/te gastronomía vive tu pasión por el servicio en krispy kreme y little caesars,empresa destacada,Presencial,Full time,Otros,No especificado,False,False,34
únete a banco estado - ejecutivos de venta de seguros,empresa destacada,Presencial,Full time,Ventas / Comercial,No especificado,True,False,30
“profesional quimico analista instrumental” (la serena),corfo,Presencial,Full time,Otros,No especificado,False,False,153
📊 paid media manager,milimetrix,Híbrido,Full time,Data / BI,No especificado,False,False,203
